"Variable.Name","Variable.Description","Data.File.Name","Data.File.Description","Begin.Year","EndYear","Component","Use.Constraints"
"SEQN","Respondent sequence number.","TBX_G","Tuberculosis",2011,2012,"Examination","None"
"OHDEXCLU","Excluded from perio exam for med reasons","OHXPER_G","Oral Health - Periodontal",2011,2012,"Examination","None"
"OHDEXSTS","Overall Oral Health Exam Status","OHXPER_G","Oral Health - Periodontal",2011,2012,"Examination","None"
"OHDPDSTS","Periodontal Status Code","OHXPER_G","Oral Health - Periodontal",2011,2012,"Examination","None"
"OHX02CJA","Loss of Attachment: Upper right 2nd molar (2M) mesio- lingual - FGM to CEJ measurement (mm)","OHXPER_G","Oral Health - Periodontal",2011,2012,"Examination","None"
"OHX02CJD","Loss of Attachment: Upper right 2nd molar (2M) distal - FGM to CEJ measurement (mm)","OHXPER_G","Oral Health - Periodontal",2011,2012,"Examination","None"
"OHX02CJL","Loss of Attachment: Upper right 2nd molar (2M) mid - lingual - FGM to CEJ measurement (mm)","OHXPER_G","Oral Health - Periodontal",2011,2012,"Examination","None"
"OHX02CJM","Loss of Attachment:  Upper right 2nd molar (2M) mid-facial - FGM to CEJ measurement (mm)","OHXPER_G","Oral Health - Periodontal",2011,2012,"Examination","None"
"OHX02CJP","Loss of Attachment: Upper right 2nd molar (2M) distal - lingual - FGM to CEJ measurement (mm)","OHXPER_G","Oral Health - Periodontal",2011,2012,"Examination","None"
"OHX02CJS","Loss of Attachment:  Upper right 2nd molar (2M) mesio-facial - FGM to CEJ measurement (mm)","OHXPER_G","Oral Health - Periodontal",2011,2012,"Examination","None"
"OHX02LAA","Loss of Attachment:  Upper right 2nd molar (2M) mesio- lingual - Calculation of :  (FGM to CEJ measurement) - (FGM to sulcus base measurement)(mm)","OHXPER_G","Oral Health - Periodontal",2011,2012,"Examination","None"
"OHX02LAD","Loss of Attachment:  Upper right 2nd molar (2M) distal - Calculation of :  (FGM to CEJ measurement) - (FGM to sulcus base measurement) (mm)","OHXPER_G","Oral Health - Periodontal",2011,2012,"Examination","None"
"OHX02LAL","Loss of Attachment:  Upper right 2nd molar (2M) mid- lingual - Calculation of :  (FGM to CEJ measurement) - (FGM to sulcus base measurement)(mm)","OHXPER_G","Oral Health - Periodontal",2011,2012,"Examination","None"
"OHX02LAM","Loss of Attachment:  Upper right 2nd molar (2M) mid-facial - Calculation of :  (FGM to CEJ measurement) - (FGM to sulcus base measurement)(mm)","OHXPER_G","Oral Health - Periodontal",2011,2012,"Examination","None"
"OHX02LAP","Loss of Attachment:  Upper right 2nd molar (2M) distal lingual - Calculation of :  (FGM to CEJ measurement) - (FGM to sulcus base measurement)(mm)","OHXPER_G","Oral Health - Periodontal",2011,2012,"Examination","None"
"OHX02LAS","Loss of Attachment:  Upper right 2nd molar (2M) mesio-facial - Calculation of :  (FGM to CEJ measurement) - (FGM to sulcus base measurement)(mm)","OHXPER_G","Oral Health - Periodontal",2011,2012,"Examination","None"
"OHX02PCA","Loss of Attachment: Upper right 2nd molar (2M) mesio- lingual - FGM to sulcus base (pocket depth) (mm)","OHXPER_G","Oral Health - Periodontal",2011,2012,"Examination","None"
"OHX02PCD","Loss of Attachment: Upper right 2nd molar (2M) distal - FGM to sulcus base (pocket depth) (mm)","OHXPER_G","Oral Health - Periodontal",2011,2012,"Examination","None"
"OHX02PCL","Loss of Attachment: Upper right 2nd molar (2M) mid- lingual - FGM to sulcus base (pocket depth) (mm)","OHXPER_G","Oral Health - Periodontal",2011,2012,"Examination","None"
"OHX02PCM","Loss of Attachment:  Upper right 2nd molar (2M) mid-facial - FGM to sulcus base (pocket depth) (mm)","OHXPER_G","Oral Health - Periodontal",2011,2012,"Examination","None"
"OHX02PCP","Loss of Attachment: Upper right 2nd molar (2M) distal - lingual - FGM to sulcus base (pocket depth) (mm)","OHXPER_G","Oral Health - Periodontal",2011,2012,"Examination","None"
"OHX02PCS","Loss of Attachment:  Upper right 2nd molar (2M) mesio-facial - FGM to sulcus base (pocket depth) (mm)","OHXPER_G","Oral Health - Periodontal",2011,2012,"Examination","None"
"OHX03CJA","Loss of Attachment: Upper right 1st molar (1M) mesio- lingual - FGM to CEJ measurement (mm)","OHXPER_G","Oral Health - Periodontal",2011,2012,"Examination","None"
"OHX03CJD","Loss of Attachment: Upper right 1st molar (1M) distal - FGM to CEJ measurement (mm)","OHXPER_G","Oral Health - Periodontal",2011,2012,"Examination","None"
"OHX03CJL","Loss of Attachment: Upper right 1st molar (1M) mid - lingual - FGM to CEJ measurement (mm)","OHXPER_G","Oral Health - Periodontal",2011,2012,"Examination","None"
"OHX03CJM","Loss of Attachment:  Upper right 1st molar (1M) mid-facial - FGM to CEJ measurement (mm)","OHXPER_G","Oral Health - Periodontal",2011,2012,"Examination","None"
"OHX03CJP","Loss of Attachment: Upper right 1st molar (1M) distal - lingual - FGM to CEJ measurement (mm)","OHXPER_G","Oral Health - Periodontal",2011,2012,"Examination","None"
"OHX03CJS","Loss of Attachment:  Upper right 1st molar (1M) mesio-facial - FGM to CEJ measurement (mm)","OHXPER_G","Oral Health - Periodontal",2011,2012,"Examination","None"
"OHX03LAA","Loss of Attachment:  Upper right 1st molar (1M) mesio- lingual - Calculation of :   (FGM to sulcus base measurement) - (FGM to CEJ measurement) (mm)","OHXPER_G","Oral Health - Periodontal",2011,2012,"Examination","None"
"OHX03LAD","Loss of Attachment:  Upper right 1st molar (1M) distal - Calculation of :  (FGM to CEJ measurement) - (FGM to sulcus base measurement) (mm)","OHXPER_G","Oral Health - Periodontal",2011,2012,"Examination","None"
"OHX03LAL","Loss of Attachment:  Upper right 1st molar (1M) mid- lingual - Calculation of :   (FGM to sulcus base measurement) - (FGM to CEJ measurement) (mm)","OHXPER_G","Oral Health - Periodontal",2011,2012,"Examination","None"
"OHX03LAM","Loss of Attachment:  Upper right 1st molar (1M) mid-facial - Calculation of :  (FGM to sulcus base measurement) - (FGM to CEJ measurement) (mm)","OHXPER_G","Oral Health - Periodontal",2011,2012,"Examination","None"
"OHX03LAP","Loss of Attachment:  Upper right 1st molar (1M) distal lingual - Calculation of :  (FGM to CEJ measurement) - (FGM to sulcus base measurement)(mm)","OHXPER_G","Oral Health - Periodontal",2011,2012,"Examination","None"
"OHX03LAS","Loss of Attachment:  Upper right 1st molar (1M) mesio-facial - Calculation of :  (FGM to sulcus base measurement) - (FGM to CEJ measurement) (mm)","OHXPER_G","Oral Health - Periodontal",2011,2012,"Examination","None"
"OHX03PCA","Loss of Attachment: Upper right 1st molar (1M) mesio- lingual - FGM to sulcus base (pocket depth) (mm)","OHXPER_G","Oral Health - Periodontal",2011,2012,"Examination","None"
"OHX03PCD","Loss of Attachment: Upper right 1st molar (1M) distal - FGM to sulcus base (pocket depth) (mm)","OHXPER_G","Oral Health - Periodontal",2011,2012,"Examination","None"
"OHX03PCL","Loss of Attachment: Upper right 1st molar (1M) mid- lingual - FGM to sulcus base (pocket depth) (mm)","OHXPER_G","Oral Health - Periodontal",2011,2012,"Examination","None"
"OHX03PCM","Loss of Attachment:  Upper right 1st molar (1M) mid-facial - FGM to sulcus base (pocket depth) (mm)","OHXPER_G","Oral Health - Periodontal",2011,2012,"Examination","None"
"OHX03PCP","Loss of Attachment: Upper right 1st molar (1M) distal - lingual - FGM to sulcus base (pocket depth) (mm)","OHXPER_G","Oral Health - Periodontal",2011,2012,"Examination","None"
"OHX03PCS","Loss of Attachment:  Upper right 1st molar (1M) mesio-facial - FGM to sulcus base (pocket depth) (mm)","OHXPER_G","Oral Health - Periodontal",2011,2012,"Examination","None"
"OHX04CJA","Loss of Attachment: Upper right 2nd bicuspid/2nd primary molar (2B) mesio- lingual - FGM to CEJ measurement (mm)","OHXPER_G","Oral Health - Periodontal",2011,2012,"Examination","None"
"OHX04CJD","Loss of Attachment: Upper right 2nd bicuspid/2nd primary molar (2B) distal - FGM to CEJ measurement (mm)","OHXPER_G","Oral Health - Periodontal",2011,2012,"Examination","None"
"OHX04CJL","Loss of Attachment: Upper right 2nd bicuspid/2nd primary molar (2B) mid - lingual - FGM to CEJ measurement (mm)","OHXPER_G","Oral Health - Periodontal",2011,2012,"Examination","None"
"OHX04CJM","Loss of Attachment:  Upper right 2nd bicuspid/2nd primary molar (2B) mid-facial - FGM to CEJ measurement (mm)","OHXPER_G","Oral Health - Periodontal",2011,2012,"Examination","None"
"OHX04CJP","Loss of Attachment: Upper right 2nd bicuspid/2nd primary molar (2B) distal - lingual - FGM to CEJ measurement (mm)","OHXPER_G","Oral Health - Periodontal",2011,2012,"Examination","None"
"OHX04CJS","Loss of Attachment:  Upper right 2nd bicuspid/2nd primary molar (2B) mesio-facial - FGM to CEJ measurement (mm)","OHXPER_G","Oral Health - Periodontal",2011,2012,"Examination","None"
"OHX04LAA","Loss of Attachment:  Upper right 2nd bicuspid/2nd primary molar (2B) mesio-lingual - Calculation of:  (FGM to sulcus base measurement) - (FGM to CEJ measurement) (mm)","OHXPER_G","Oral Health - Periodontal",2011,2012,"Examination","None"
"OHX04LAD","Loss of Attachment:  Upper right 2nd bicuspid/2nd primary molar (2B) distal - Calculation of :  (FGM to CEJ measurement) - (FGM to sulcus base measurement) (mm)","OHXPER_G","Oral Health - Periodontal",2011,2012,"Examination","None"
"OHX04LAL","Loss of Attachment:  Upper right 2nd bicuspid/2nd primary molar (2B) mid- lingual - Calculation of :   (FGM to sulcus base measurement) - (FGM to CEJ measurement) (mm)","OHXPER_G","Oral Health - Periodontal",2011,2012,"Examination","None"
"OHX04LAM","Loss of Attachment:  Upper right 2nd bicuspid/2nd primary molar (2B) mid-facial - Calculation of :  (FGM to sulcus base measurement) - (FGM to CEJ measurement) (mm)","OHXPER_G","Oral Health - Periodontal",2011,2012,"Examination","None"
"OHX04LAP","Loss of Attachment:  Upper right 2nd bicuspid/2nd primary molar (2B) distal lingual - Calculation of :  (FGM to CEJ measurement) - (FGM to sulcus base measurement)(mm)","OHXPER_G","Oral Health - Periodontal",2011,2012,"Examination","None"
"OHX04LAS","Loss of Attachment:  Upper right 2nd bicuspid/2nd primary molar (2B) mesio-facial - Calculation of :  (FGM to sulcus base measurement) - (FGM to CEJ measurement) (mm)","OHXPER_G","Oral Health - Periodontal",2011,2012,"Examination","None"
"OHX04PCA","Loss of Attachment: Upper right 2nd bicuspid/2nd primary molar (2B) mesio- lingual - FGM to sulcus base (pocket depth) (mm)","OHXPER_G","Oral Health - Periodontal",2011,2012,"Examination","None"
"OHX04PCD","Loss of Attachment: Upper right 2nd bicuspid/2nd primary molar (2B) distal - FGM to sulcus base (pocket depth) (mm)","OHXPER_G","Oral Health - Periodontal",2011,2012,"Examination","None"
"OHX04PCL","Loss of Attachment: Upper right 2nd bicuspid/2nd primary molar (2B) mid- lingual - FGM to sulcus base (pocket depth) (mm)","OHXPER_G","Oral Health - Periodontal",2011,2012,"Examination","None"
"OHX04PCM","Loss of Attachment:  Upper right 2nd bicuspid/2nd primary molar (2B) mid-facial mid-facial - FGM to sulcus base (pocket depth) (mm)","OHXPER_G","Oral Health - Periodontal",2011,2012,"Examination","None"
"OHX04PCP","Loss of Attachment: Upper right 2nd bicuspid/2nd primary molar (2B) distal - lingual - FGM to sulcus base (pocket depth) (mm)","OHXPER_G","Oral Health - Periodontal",2011,2012,"Examination","None"
"OHX04PCS","Loss of Attachment:  Upper right 2nd bicuspid/2nd primary molar (2B) mesio-facial mesio-facial - FGM to sulcus base (pocket depth) (mm)","OHXPER_G","Oral Health - Periodontal",2011,2012,"Examination","None"
"OHX05CJA","Loss of Attachment:  Upper right 1st bicuspid/1st primary molar (1B) mesio- lingual - FGM to CEJ measurement (mm)","OHXPER_G","Oral Health - Periodontal",2011,2012,"Examination","None"
"OHX05CJD","Loss of Attachment: Upper right 1st bicuspid/1st primary molar (1B) distal - FGM to CEJ measurement (mm)","OHXPER_G","Oral Health - Periodontal",2011,2012,"Examination","None"
"OHX05CJL","Loss of Attachment:  Upper right 1st bicuspid/1st primary molar (1B) mid- lingual - FGM to CEJ measurement (mm)","OHXPER_G","Oral Health - Periodontal",2011,2012,"Examination","None"
"OHX05CJM","Loss of Attachment:  Upper right 1st bicuspid/1st primary molar (1B) mid-facial - FGM to CEJ measurement (mm)","OHXPER_G","Oral Health - Periodontal",2011,2012,"Examination","None"
"OHX05CJP","Loss of Attachment: Upper right 1st bicuspid/1st primary molar (1B) distal - lingual - FGM to CEJ measurement (mm)","OHXPER_G","Oral Health - Periodontal",2011,2012,"Examination","None"
"OHX05CJS","Loss of Attachment:  Upper right 1st bicuspid/1st primary molar (1B) mesio-facial - FGM to CEJ measurement (mm)","OHXPER_G","Oral Health - Periodontal",2011,2012,"Examination","None"
"OHX05LAA","Loss of Attachment:  Upper right 1st bicuspid/1st primary molar (1B) mesio-lingual - Calculation of:  (FGM to sulcus base measurement) - (FGM to CEJ measurement) (mm)","OHXPER_G","Oral Health - Periodontal",2011,2012,"Examination","None"
"OHX05LAD","Loss of Attachment:  Upper right 1st bicuspid/1st primary molar (1B) distal - Calculation of :  (FGM to CEJ measurement) - (FGM to sulcus base measurement) (mm)","OHXPER_G","Oral Health - Periodontal",2011,2012,"Examination","None"
"OHX05LAL","Loss of Attachment:  Upper right 1st bicuspid/1st primary molar (1B) mid- lingual - Calculation of:  (FGM to sulcus base measurement) - (FGM to CEJ measurement) (mm)","OHXPER_G","Oral Health - Periodontal",2011,2012,"Examination","None"
"OHX05LAM","Loss of Attachment:  Upper right 1st bicuspid/1st primary molar (1B) mid-facial - Calculation of :  (FGM to sulcus base measurement) - (FGM to CEJ measurement) (mm)","OHXPER_G","Oral Health - Periodontal",2011,2012,"Examination","None"
"OHX05LAP","Loss of Attachment:  Upper right 1st bicuspid/1st primary molar (1B) distal - lingual - Calculation of:  (FGM to CEJ measurement) - (FGM to sulcus base measurement) (mm)","OHXPER_G","Oral Health - Periodontal",2011,2012,"Examination","None"
"OHX05LAS","Loss of Attachment:  Upper right 1st bicuspid/1st primary molar (1B) mesio-facial - Calculation of :  (FGM to sulcus base measurement) - (FGM to CEJ measurement) (mm)","OHXPER_G","Oral Health - Periodontal",2011,2012,"Examination","None"
"OHX05PCA","Loss of Attachment:  Upper right 1st bicuspid/1st primary molar (1B) mesio- lingual - FGM to sulcus base (pocket depth) (mm)","OHXPER_G","Oral Health - Periodontal",2011,2012,"Examination","None"
"OHX05PCD","Loss of Attachment: Upper right 1st bicuspid/1st primary molar (1B) distal - FGM to sulcus base (pocket depth) (mm)","OHXPER_G","Oral Health - Periodontal",2011,2012,"Examination","None"
"OHX05PCL","Loss of Attachment:  Upper right 1st bicuspid/1st primary molar (1B) mid- lingual - FGM to sulcus base (pocket depth) (mm)","OHXPER_G","Oral Health - Periodontal",2011,2012,"Examination","None"
"OHX05PCM","Loss of Attachment:  Upper right 1st bicuspid/1st primary molar (1B) mid-facial - FGM to sulcus base (pocket depth)(mm)","OHXPER_G","Oral Health - Periodontal",2011,2012,"Examination","None"
"OHX05PCP","Loss of Attachment: Upper right 1st bicuspid/1st primary molar (1B) distal - lingual - FGM to sulcus base (pocket depth) (mm)","OHXPER_G","Oral Health - Periodontal",2011,2012,"Examination","None"
"OHX05PCS","Loss of Attachment:  Upper right 1st bicuspid/1st primary molar (1B) mesio-facial - FGM to sulcus base (pocket depth) (mm)","OHXPER_G","Oral Health - Periodontal",2011,2012,"Examination","None"
"OHX06CJA","Loss of Attachment:  Upper right cuspid (C) mesio- lingual - FGM to CEJ measurement (mm)","OHXPER_G","Oral Health - Periodontal",2011,2012,"Examination","None"
"OHX06CJD","Loss of Attachment: Upper right cuspid (C) distal - FGM to CEJ measurement (mm)","OHXPER_G","Oral Health - Periodontal",2011,2012,"Examination","None"
"OHX06CJL","Loss of Attachment:  Upper right cuspid (C) mid- lingual - FGM to CEJ measurement (mm)","OHXPER_G","Oral Health - Periodontal",2011,2012,"Examination","None"
"OHX06CJM","Loss of Attachment:  Upper right cuspid (C) mid-facial - FGM to CEJ measurement (mm)","OHXPER_G","Oral Health - Periodontal",2011,2012,"Examination","None"
"OHX06CJP","Loss of Attachment: Upper right cuspid (C) distal - lingual - FGM to CEJ measurement (mm)","OHXPER_G","Oral Health - Periodontal",2011,2012,"Examination","None"
"OHX06CJS","Loss of Attachment:  Upper right cuspid (C) mesio-facial - FGM to CEJ measurement (mm)","OHXPER_G","Oral Health - Periodontal",2011,2012,"Examination","None"
"OHX06LAA","Loss of Attachment:  Upper right cuspid (C) mesio-lingual - Calculation of:  (FGM to sulcus base measurement) - (FGM to CEJ measurement) (mm)","OHXPER_G","Oral Health - Periodontal",2011,2012,"Examination","None"
"OHX06LAD","Loss of Attachment:  Upper right cuspid (C) distal - Calculation of :  (FGM to CEJ measurement) - (FGM to sulcus base measurement) (mm)","OHXPER_G","Oral Health - Periodontal",2011,2012,"Examination","None"
"OHX06LAL","Loss of Attachment:  Upper right cuspid (C) mid- lingual - Calculation of:  (FGM to sulcus base measurement) - (FGM to CEJ measurement) (mm)","OHXPER_G","Oral Health - Periodontal",2011,2012,"Examination","None"
"OHX06LAM","Loss of Attachment:  Upper right cuspid (C) mid-facial - Level of attachment calculation of :  (FGM to sulcus base measurement) - (FGM to CEJ measurement) (mm)","OHXPER_G","Oral Health - Periodontal",2011,2012,"Examination","None"
"OHX06LAP","Loss of Attachment:  Upper right cuspid (C) distal - lingual - Calculation of:  (FGM to CEJ measurement) - (FGM to sulcus base measurement) (mm)","OHXPER_G","Oral Health - Periodontal",2011,2012,"Examination","None"
"OHX06LAS","Loss of Attachment:  Upper right cuspid (C) mesio-facial - Calculation of :  (FGM to sulcus base measurement) - (FGM to CEJ measurement) (mm)","OHXPER_G","Oral Health - Periodontal",2011,2012,"Examination","None"
"OHX06PCA","Loss of Attachment:  Upper right cuspid (C) mesio- lingual - FGM to sulcus base (pocket depth) (mm)","OHXPER_G","Oral Health - Periodontal",2011,2012,"Examination","None"
"OHX06PCD","Loss of Attachment: Upper right cuspid (C) distal - FGM to sulcus base (pocket depth) (mm)","OHXPER_G","Oral Health - Periodontal",2011,2012,"Examination","None"
"OHX06PCL","Loss of Attachment:  Upper right cuspid (C) mid- lingual - FGM to sulcus base (pocket depth) (mm)","OHXPER_G","Oral Health - Periodontal",2011,2012,"Examination","None"
"OHX06PCM","Loss of Attachment:  Upper right cuspid (C) mid-facial - FGM to sulcus base (pocket depth) (mm)","OHXPER_G","Oral Health - Periodontal",2011,2012,"Examination","None"
"OHX06PCP","Loss of Attachment: Upper right cuspid (C) distal - lingual - FGM to sulcus base (pocket depth) (mm)","OHXPER_G","Oral Health - Periodontal",2011,2012,"Examination","None"
"OHX06PCS","Loss of Attachment:  Upper right cuspid (C) mesio-facial - FGM to sulcus base (pocket depth) (mm)","OHXPER_G","Oral Health - Periodontal",2011,2012,"Examination","None"
"OHX07CJA","Loss of Attachment:  Upper right lateral incisor (LI) mesio- lingual - FGM to CEJ measurement (mm)","OHXPER_G","Oral Health - Periodontal",2011,2012,"Examination","None"
"OHX07CJD","Loss of Attachment: Upper right lateral incisor (LI) distal - FGM to CEJ measurement (mm)","OHXPER_G","Oral Health - Periodontal",2011,2012,"Examination","None"
"OHX07CJL","Loss of Attachment:  Upper right lateral incisor (LI) mid- lingual - FGM to CEJ measurement (mm)","OHXPER_G","Oral Health - Periodontal",2011,2012,"Examination","None"
"OHX07CJM","Loss of Attachment:  Upper right lateral incisor (LI) mid-facial - FGM to CEJ measurement (mm)","OHXPER_G","Oral Health - Periodontal",2011,2012,"Examination","None"
"OHX07CJP","Loss of Attachment: Upper right lateral incisor (LI) distal - lingual - FGM to CEJ measurement (mm)","OHXPER_G","Oral Health - Periodontal",2011,2012,"Examination","None"
"OHX07CJS","Loss of Attachment:  Upper right lateral incisor (LI) mesio-facial - FGM to CEJ measurement (mm)","OHXPER_G","Oral Health - Periodontal",2011,2012,"Examination","None"
"OHX07LAA","Loss of Attachment:  Upper right lateral incisor (LI) mesio-lingual - Calculation of:  (FGM to sulcus base measurement) - (FGM to CEJ measurement) (mm)","OHXPER_G","Oral Health - Periodontal",2011,2012,"Examination","None"
"OHX07LAD","Loss of Attachment:  Upper right lateral incisor (LI) distal - Calculation of :  (FGM to CEJ measurement) - (FGM to sulcus base measurement) (mm)","OHXPER_G","Oral Health - Periodontal",2011,2012,"Examination","None"
"OHX07LAL","Loss of Attachment:  Upper right lateral incisor (LI) mid- lingual - Calculation of:  (FGM to sulcus base measurement) - (FGM to CEJ measurement) (mm)","OHXPER_G","Oral Health - Periodontal",2011,2012,"Examination","None"
"OHX07LAM","Loss of Attachment:  Upper right lateral incisor (LI) mid-facial - Calculation of :  (FGM to sulcus base measurement) - (FGM to CEJ measurement) (mm)","OHXPER_G","Oral Health - Periodontal",2011,2012,"Examination","None"
"OHX07LAP","Loss of Attachment:  Upper right lateral incisor (LI) distal - lingual - Calculation of:  (FGM to CEJ measurement) - (FGM to sulcus base measurement) (mm)","OHXPER_G","Oral Health - Periodontal",2011,2012,"Examination","None"
"OHX07LAS","Loss of Attachment:  Upper right lateral incisor (LI) mesio-facial - Calculation of :  (FGM to sulcus base measurement) - (FGM to CEJ measurement) (mm)","OHXPER_G","Oral Health - Periodontal",2011,2012,"Examination","None"
"OHX07PCA","Loss of Attachment:  Upper right lateral incisor (LI) mesio- lingual - FGM to sulcus base (pocket depth) (mm)","OHXPER_G","Oral Health - Periodontal",2011,2012,"Examination","None"
"OHX07PCD","Loss of Attachment: Upper right lateral incisor (LI) distal - FGM to sulcus base (pocket depth) (mm)","OHXPER_G","Oral Health - Periodontal",2011,2012,"Examination","None"
"OHX07PCL","Loss of Attachment:  Upper right lateral incisor (LI) mid- lingual - FGM to sulcus base (pocket depth) (mm)","OHXPER_G","Oral Health - Periodontal",2011,2012,"Examination","None"
"OHX07PCM","Loss of Attachment:  Upper right lateral incisor (LI) mid-facial - FGM to sulcus base (pocket depth) (mm)","OHXPER_G","Oral Health - Periodontal",2011,2012,"Examination","None"
"OHX07PCP","Loss of Attachment: Upper right lateral incisor (LI) distal - lingual - FGM to sulcus base (pocket depth) (mm)","OHXPER_G","Oral Health - Periodontal",2011,2012,"Examination","None"
"OHX07PCS","Loss of Attachment:  Upper right lateral incisor (LI) mesio-facial - FGM to sulcus base (pocket depth) (mm)","OHXPER_G","Oral Health - Periodontal",2011,2012,"Examination","None"
"OHX08CJA","Loss of Attachment:  Upper right central incisor (CI) mesio- lingual - FGM to CEJ measurement (mm)","OHXPER_G","Oral Health - Periodontal",2011,2012,"Examination","None"
"OHX08CJD","Loss of Attachment: Upper right central incisor (CI) distal - FGM to CEJ measurement (mm)","OHXPER_G","Oral Health - Periodontal",2011,2012,"Examination","None"
"OHX08CJL","Loss of Attachment:  Upper right central incisor (CI) mid- lingual - FGM to CEJ measurement (mm)","OHXPER_G","Oral Health - Periodontal",2011,2012,"Examination","None"
"OHX08CJM","Loss of Attachment:  Upper right central incisor (CI) mid-facial - FGM to CEJ measurement (mm)","OHXPER_G","Oral Health - Periodontal",2011,2012,"Examination","None"
"OHX08CJP","Loss of Attachment: Upper right central incisor (CI) distal - lingual - FGM to CEJ measurement (mm)","OHXPER_G","Oral Health - Periodontal",2011,2012,"Examination","None"
"OHX08CJS","Loss of Attachment:  Upper right central incisor (CI) mesio-facial - FGM to CEJ measurement (mm)","OHXPER_G","Oral Health - Periodontal",2011,2012,"Examination","None"
"OHX08LAA","Loss of Attachment:  Upper right central incisor (CI) mesio-lingual - Calculation of:  (FGM to sulcus base measurement) - (FGM to CEJ measurement) (mm)","OHXPER_G","Oral Health - Periodontal",2011,2012,"Examination","None"
"OHX08LAD","Loss of Attachment:  Upper right central incisor (CI) distal - Calculation of :  (FGM to CEJ measurement) - (FGM to sulcus base measurement) (mm)","OHXPER_G","Oral Health - Periodontal",2011,2012,"Examination","None"
"OHX08LAL","Loss of Attachment:  Upper right central incisor (CI) mid- lingual - Calculation of:  (FGM to sulcus base measurement) - (FGM to CEJ measurement) (mm)","OHXPER_G","Oral Health - Periodontal",2011,2012,"Examination","None"
"OHX08LAM","Loss of Attachment:  Upper right central incisor (CI) mid-facial - Calculation of :  (FGM to sulcus base measurement) - (FGM to CEJ measurement) (mm)","OHXPER_G","Oral Health - Periodontal",2011,2012,"Examination","None"
"OHX08LAP","Loss of Attachment:  Upper right central incisor (CI) distal - lingual - Calculation of:  (FGM to CEJ measurement) - (FGM to sulcus base measurement) (mm)","OHXPER_G","Oral Health - Periodontal",2011,2012,"Examination","None"
"OHX08LAS","Loss of Attachment:  Upper right central incisor (CI) mesio-facial - Calculation of :  (FGM to sulcus base measurement) - (FGM to CEJ measurement) (mm)","OHXPER_G","Oral Health - Periodontal",2011,2012,"Examination","None"
"OHX08PCA","Loss of Attachment:  Upper right central incisor (CI) mesio- lingual - FGM to sulcus base (pocket depth) (mm)","OHXPER_G","Oral Health - Periodontal",2011,2012,"Examination","None"
"OHX08PCD","Loss of Attachment: Upper right central incisor (CI) distal - FGM to sulcus base (pocket depth) (mm)","OHXPER_G","Oral Health - Periodontal",2011,2012,"Examination","None"
"OHX08PCL","Loss of Attachment:  Upper right central incisor (CI) mid- lingual - FGM to sulcus base (pocket depth) (mm)","OHXPER_G","Oral Health - Periodontal",2011,2012,"Examination","None"
"OHX08PCM","Loss of Attachment:  Upper right central incisor (CI) mid-facial - FGM to sulcus base (pocket depth) (mm)","OHXPER_G","Oral Health - Periodontal",2011,2012,"Examination","None"
"OHX08PCP","Loss of Attachment: Upper right central incisor (CI) distal - lingual - FGM to sulcus base (pocket depth) (mm)","OHXPER_G","Oral Health - Periodontal",2011,2012,"Examination","None"
"OHX08PCS","Loss of Attachment:  Upper right central incisor (CI) mesio-facial - FGM to sulcus base (pocket depth) (mm)","OHXPER_G","Oral Health - Periodontal",2011,2012,"Examination","None"
"OHX09CJA","Loss of Attachment:  Upper left central incisor (CI) mesio- lingual - FGM to CEJ measurement (mm)","OHXPER_G","Oral Health - Periodontal",2011,2012,"Examination","None"
"OHX09CJD","Loss of Attachment: Upper left central incisor (CI) distal - FGM to CEJ measurement (mm)","OHXPER_G","Oral Health - Periodontal",2011,2012,"Examination","None"
"OHX09CJL","Loss of Attachment:  Upper left central incisor (CI) mid- lingual - FGM to CEJ measurement (mm)","OHXPER_G","Oral Health - Periodontal",2011,2012,"Examination","None"
"OHX09CJM","Loss of Attachment:  Upper left central incisor (CI) mid-facial - FGM to CEJ measurement (mm)","OHXPER_G","Oral Health - Periodontal",2011,2012,"Examination","None"
"OHX09CJP","Loss of Attachment: Upper left central incisor (CI) distal - lingual - FGM to CEJ measurement (mm)","OHXPER_G","Oral Health - Periodontal",2011,2012,"Examination","None"
"OHX09CJS","Loss of Attachment:  Upper left central incisor (CI) mesio-facial - FGM to CEJ measurement (mm)","OHXPER_G","Oral Health - Periodontal",2011,2012,"Examination","None"
"OHX09LAA","Loss of Attachment:  Upper left central incisor (CI) mesio-lingual - Calculation of:  (FGM to sulcus base measurement) - (FGM to CEJ measurement) (mm)","OHXPER_G","Oral Health - Periodontal",2011,2012,"Examination","None"
"OHX09LAD","Loss of Attachment:  Upper left central incisor (CI) distal - Calculation of :  (FGM to CEJ measurement) - (FGM to sulcus base measurement) (mm)","OHXPER_G","Oral Health - Periodontal",2011,2012,"Examination","None"
"OHX09LAL","Loss of Attachment:  Upper left central incisor (CI) mid- lingual - Calculation of:  (FGM to sulcus base measurement) - (FGM to CEJ measurement) (mm)","OHXPER_G","Oral Health - Periodontal",2011,2012,"Examination","None"
"OHX09LAM","Loss of Attachment:  Upper left central incisor (CI) mid-facial - Calculation of :  (FGM to sulcus base measurement) - (FGM to CEJ measurement) (mm)","OHXPER_G","Oral Health - Periodontal",2011,2012,"Examination","None"
"OHX09LAP","Loss of Attachment:  Upper left central incisor (CI) distal - lingual - Calculation of:  (FGM to CEJ measurement) - (FGM to sulcus base measurement) (mm)","OHXPER_G","Oral Health - Periodontal",2011,2012,"Examination","None"
"OHX09LAS","Loss of Attachment:  Upper left central incisor (CI) mesio-facial - Calculation of :  (FGM to sulcus base measurement) - (FGM to CEJ measurement) (mm)","OHXPER_G","Oral Health - Periodontal",2011,2012,"Examination","None"
"OHX09PCA","Loss of Attachment:  Upper left central incisor (CI) mesio- lingual - FGM to sulcus base (pocket depth) (mm)","OHXPER_G","Oral Health - Periodontal",2011,2012,"Examination","None"
"OHX09PCD","Loss of Attachment: Upper left central incisor (CI) distal - FGM to sulcus base (pocket depth) (mm)","OHXPER_G","Oral Health - Periodontal",2011,2012,"Examination","None"
"OHX09PCL","Loss of Attachment:  Upper left central incisor (CI) mid- lingual - FGM to sulcus base (pocket depth) (mm)","OHXPER_G","Oral Health - Periodontal",2011,2012,"Examination","None"
"OHX09PCM","Loss of Attachment:  Upper left central incisor (CI) mid-facial - FGM to sulcus base (pocket depth) (mm)","OHXPER_G","Oral Health - Periodontal",2011,2012,"Examination","None"
"OHX09PCP","Loss of Attachment: Upper left central incisor (CI) distal - lingual - FGM to sulcus base (pocket depth) (mm)","OHXPER_G","Oral Health - Periodontal",2011,2012,"Examination","None"
"OHX09PCS","Loss of Attachment:  Upper left central incisor (CI) mesio-facial - FGM to sulcus base (pocket depth) (mm)","OHXPER_G","Oral Health - Periodontal",2011,2012,"Examination","None"
"OHX10CJA","Loss of Attachment:  Upper left lateral incisor (LI) mesio- lingual - FGM to CEJ measurement (mm)","OHXPER_G","Oral Health - Periodontal",2011,2012,"Examination","None"
"OHX10CJD","Loss of Attachment: Upper left lateral incisor (LI) distal - FGM to CEJ measurement (mm)","OHXPER_G","Oral Health - Periodontal",2011,2012,"Examination","None"
"OHX10CJL","Loss of Attachment:  Upper left lateral incisor (LI) mid- lingual - FGM to CEJ measurement (mm)","OHXPER_G","Oral Health - Periodontal",2011,2012,"Examination","None"
"OHX10CJM","Loss of Attachment:  Upper left lateral incisor (LI) mid-facial - FGM to CEJ measurement (mm)","OHXPER_G","Oral Health - Periodontal",2011,2012,"Examination","None"
"OHX10CJP","Loss of Attachment: Upper left lateral incisor (LI) distal - lingual - FGM to CEJ measurement (mm)","OHXPER_G","Oral Health - Periodontal",2011,2012,"Examination","None"
"OHX10CJS","Loss of Attachment:  Upper left lateral incisor (LI) mesio-facial - FGM to CEJ measurement (mm)","OHXPER_G","Oral Health - Periodontal",2011,2012,"Examination","None"
"OHX10LAA","Loss of Attachment:  Upper left lateral incisor (LI) mesio-lingual - Calculation of:  (FGM to sulcus base measurement) - (FGM to CEJ measurement) (mm)","OHXPER_G","Oral Health - Periodontal",2011,2012,"Examination","None"
"OHX10LAD","Loss of Attachment:  Upper left lateral incisor (LI) distal - Calculation of :  (FGM to CEJ measurement) - (FGM to sulcus base measurement) (mm)","OHXPER_G","Oral Health - Periodontal",2011,2012,"Examination","None"
"OHX10LAL","Loss of Attachment:  Upper left lateral incisor (LI) mid- lingual - Calculation of:  (FGM to sulcus base measurement) - (FGM to CEJ measurement) (mm)","OHXPER_G","Oral Health - Periodontal",2011,2012,"Examination","None"
"OHX10LAM","Loss of Attachment:  Upper left lateral incisor (LI) mid-facial - Calculation of :  (FGM to sulcus base measurement) - (FGM to CEJ measurement) (mm)","OHXPER_G","Oral Health - Periodontal",2011,2012,"Examination","None"
"OHX10LAP","Loss of Attachment:  Upper left lateral incisor (LI) distal - lingual - Calculation of:  (FGM to CEJ measurement) - (FGM to sulcus base measurement) (mm)","OHXPER_G","Oral Health - Periodontal",2011,2012,"Examination","None"
"OHX10LAS","Loss of Attachment:  Upper left lateral incisor (LI) mesio-facial - Calculation of :  (FGM to sulcus base measurement) - (FGM to CEJ measurement) (mm)","OHXPER_G","Oral Health - Periodontal",2011,2012,"Examination","None"
"OHX10PCA","Loss of Attachment:  Upper left lateral incisor (LI) mesio- lingual - FGM to sulcus base (pocket depth) (mm)","OHXPER_G","Oral Health - Periodontal",2011,2012,"Examination","None"
"OHX10PCD","Loss of Attachment: Upper left lateral incisor (LI) distal - FGM to sulcus base (pocket depth) (mm)","OHXPER_G","Oral Health - Periodontal",2011,2012,"Examination","None"
"OHX10PCL","Loss of Attachment:  Upper left lateral incisor (LI) mid- lingual - FGM to sulcus base (pocket depth) (mm)","OHXPER_G","Oral Health - Periodontal",2011,2012,"Examination","None"
"OHX10PCM","Loss of Attachment:  Upper left lateral incisor (LI) mid-facial - FGM to sulcus base (pocket depth) (mm)","OHXPER_G","Oral Health - Periodontal",2011,2012,"Examination","None"
"OHX10PCP","Loss of Attachment: Upper left lateral incisor (LI) distal - lingual - FGM to sulcus base (pocket depth) (mm)","OHXPER_G","Oral Health - Periodontal",2011,2012,"Examination","None"
"OHX10PCS","Loss of Attachment:  Upper left lateral incisor (LI) mesio-facial - FGM to sulcus base (pocket depth) (mm)","OHXPER_G","Oral Health - Periodontal",2011,2012,"Examination","None"
"OHX11CJA","Loss of Attachment:  Upper left cuspid (C) mesio- lingual - FGM to CEJ measurement (mm)","OHXPER_G","Oral Health - Periodontal",2011,2012,"Examination","None"
"OHX11CJD","Loss of Attachment: Upper left cuspid (C) distal - FGM to CEJ measurement (mm)","OHXPER_G","Oral Health - Periodontal",2011,2012,"Examination","None"
"OHX11CJL","Loss of Attachment:  Upper left cuspid (C) mid- lingual - FGM to CEJ measurement (mm)","OHXPER_G","Oral Health - Periodontal",2011,2012,"Examination","None"
"OHX11CJM","Loss of Attachment:  Upper left cuspid (C) mid-facial - FGM to CEJ measurement (mm)","OHXPER_G","Oral Health - Periodontal",2011,2012,"Examination","None"
"OHX11CJP","Loss of Attachment: Upper left cuspid (C) distal - lingual - FGM to CEJ measurement (mm)","OHXPER_G","Oral Health - Periodontal",2011,2012,"Examination","None"
"OHX11CJS","Loss of Attachment:  Upper left cuspid (C) mesio-facial - FGM to CEJ measurement (mm)","OHXPER_G","Oral Health - Periodontal",2011,2012,"Examination","None"
"OHX11LAA","Loss of Attachment:  Upper left cuspid (C) mesio-lingual - Calculation of:  (FGM to sulcus base measurement) - (FGM to CEJ measurement) (mm)","OHXPER_G","Oral Health - Periodontal",2011,2012,"Examination","None"
"OHX11LAD","Loss of Attachment:  Upper left cuspid (C) distal - Calculation of :  (FGM to CEJ measurement) - (FGM to sulcus base measurement) (mm)","OHXPER_G","Oral Health - Periodontal",2011,2012,"Examination","None"
"OHX11LAL","Loss of Attachment:  Upper left cuspid (C) mid- lingual - Calculation of:  (FGM to sulcus base measurement) - (FGM to CEJ measurement) (mm)","OHXPER_G","Oral Health - Periodontal",2011,2012,"Examination","None"
"OHX11LAM","Loss of Attachment:  Upper left cuspid (C) mid-facial - Calculation of :  (FGM to sulcus base measurement) - (FGM to CEJ measurement) (mm)","OHXPER_G","Oral Health - Periodontal",2011,2012,"Examination","None"
"OHX11LAP","Loss of Attachment:  Upper left cuspid (C) distal - lingual - Calculation of:  (FGM to CEJ measurement) - (FGM to sulcus base measurement) (mm)","OHXPER_G","Oral Health - Periodontal",2011,2012,"Examination","None"
"OHX11LAS","Loss of Attachment:  Upper left cuspid (C) mesio-facial - Calculation of :  (FGM to sulcus base measurement) - (FGM to CEJ measurement) (mm)","OHXPER_G","Oral Health - Periodontal",2011,2012,"Examination","None"
"OHX11PCA","Loss of Attachment:  Upper left cuspid (C) mesio- lingual - FGM to sulcus base (pocket depth) (mm)","OHXPER_G","Oral Health - Periodontal",2011,2012,"Examination","None"
"OHX11PCD","Loss of Attachment: Upper left cuspid (C) distal - FGM to sulcus base (pocket depth) (mm)","OHXPER_G","Oral Health - Periodontal",2011,2012,"Examination","None"
"OHX11PCL","Loss of Attachment:  Upper left cuspid (C) mid- lingual - FGM to sulcus base (pocket depth) (mm)","OHXPER_G","Oral Health - Periodontal",2011,2012,"Examination","None"
"OHX11PCM","Loss of Attachment:  Upper left cuspid (C) mid-facial - FGM to sulcus base (pocket depth) (mm)","OHXPER_G","Oral Health - Periodontal",2011,2012,"Examination","None"
"OHX11PCP","Loss of Attachment: Upper left cuspid (C) distal - lingual - FGM to sulcus base (pocket depth) (mm)","OHXPER_G","Oral Health - Periodontal",2011,2012,"Examination","None"
"OHX11PCS","Loss of Attachment:  Upper left cuspid (C) mesio-facial - FGM to sulcus base (pocket depth) (mm)","OHXPER_G","Oral Health - Periodontal",2011,2012,"Examination","None"
"OHX12CJA","Loss of Attachment:  Upper left 1st bicuspid/1st primary molar (1B) mesio- lingual - FGM to CEJ measurement (mm)","OHXPER_G","Oral Health - Periodontal",2011,2012,"Examination","None"
"OHX12CJD","Loss of Attachment: Upper left 1st bicuspid/1st primary molar (1B) distal - FGM to CEJ measurement (mm)","OHXPER_G","Oral Health - Periodontal",2011,2012,"Examination","None"
"OHX12CJL","Loss of Attachment:  Upper left 1st bicuspid/1st primary molar (1B) mid- lingual - FGM to CEJ measurement (mm)","OHXPER_G","Oral Health - Periodontal",2011,2012,"Examination","None"
"OHX12CJM","Loss of Attachment:  Upper left 1st bicuspid/1st primary molar (1B) mid-facial - FGM to CEJ measurement (mm)","OHXPER_G","Oral Health - Periodontal",2011,2012,"Examination","None"
"OHX12CJP","Loss of Attachment: Upper left 1st bicuspid/1st primary molar (1B) distal - lingual - FGM to CEJ measurement (mm)","OHXPER_G","Oral Health - Periodontal",2011,2012,"Examination","None"
"OHX12CJS","Loss of Attachment:  Upper left 1st bicuspid/1st primary molar (1B) mesio-facial - FGM to CEJ measurement (mm)","OHXPER_G","Oral Health - Periodontal",2011,2012,"Examination","None"
"OHX12LAA","Loss of Attachment:  Upper left 1st bicuspid/1st primary molar (1B) mesio-lingual - Calculation of:  (FGM to sulcus base measurement) - (FGM to CEJ measurement) (mm)","OHXPER_G","Oral Health - Periodontal",2011,2012,"Examination","None"
"OHX12LAD","Loss of Attachment:  Upper left 1st bicuspid/1st primary molar (1B) distal - Calculation of :  (FGM to CEJ measurement) - (FGM to sulcus base measurement) (mm)","OHXPER_G","Oral Health - Periodontal",2011,2012,"Examination","None"
"OHX12LAL","Loss of Attachment:  Upper left 1st bicuspid/1st primary molar (1B) mid- lingual - Calculation of:  (FGM to sulcus base measurement) - (FGM to CEJ measurement) (mm)","OHXPER_G","Oral Health - Periodontal",2011,2012,"Examination","None"
"OHX12LAM","Loss of Attachment:  Upper left 1st bicuspid/1st primary molar (1B) mid-facial - Calculation of :  (FGM to sulcus base measurement) - (FGM to CEJ measurement) (mm)","OHXPER_G","Oral Health - Periodontal",2011,2012,"Examination","None"
"OHX12LAP","Loss of Attachment:  Upper left 1st bicuspid/1st primary molar (1B) distal - lingual - Calculation of:  (FGM to CEJ measurement) - (FGM to sulcus base measurement) (mm)","OHXPER_G","Oral Health - Periodontal",2011,2012,"Examination","None"
"OHX12LAS","Loss of Attachment:  Upper left 1st bicuspid/1st primary molar (1B) mesio-facial - Calculation of :  (FGM to sulcus base measurement) - (FGM to CEJ measurement) (mm)","OHXPER_G","Oral Health - Periodontal",2011,2012,"Examination","None"
"OHX12PCA","Loss of Attachment:  Upper left 1st bicuspid/1st primary molar (1B) mesio- lingual - FGM to sulcus base (pocket depth) (mm)","OHXPER_G","Oral Health - Periodontal",2011,2012,"Examination","None"
"OHX12PCD","Loss of Attachment: Upper left 1st bicuspid/1st primary molar (1B) distal - FGM to sulcus base (pocket depth) (mm)","OHXPER_G","Oral Health - Periodontal",2011,2012,"Examination","None"
"OHX12PCL","Loss of Attachment:  Upper left 1st bicuspid/1st primary molar (1B) mid- lingual - FGM to sulcus base (pocket depth) (mm)","OHXPER_G","Oral Health - Periodontal",2011,2012,"Examination","None"
"OHX12PCM","Loss of Attachment:  Upper left 1st bicuspid/1st primary molar (1B) mid-facial - FGM to sulcus base (pocket depth) (mm)","OHXPER_G","Oral Health - Periodontal",2011,2012,"Examination","None"
"OHX12PCP","Loss of Attachment: Upper left 1st bicuspid/1st primary molar (1B) distal - lingual - FGM to sulcus base (pocket depth) (mm)","OHXPER_G","Oral Health - Periodontal",2011,2012,"Examination","None"
"OHX12PCS","Loss of Attachment:  Upper left 1st bicuspid/1st primary molar (1B) mesio-facial - FGM to sulcus base (pocket depth) (mm)","OHXPER_G","Oral Health - Periodontal",2011,2012,"Examination","None"
"OHX13CJA","Loss of Attachment:  Upper left 2nd bicuspid/2nd primary molar (2B) mesio- lingual - FGM to CEJ measurement (mm)","OHXPER_G","Oral Health - Periodontal",2011,2012,"Examination","None"
"OHX13CJD","Loss of Attachment: Upper left 2nd bicuspid/2nd primary molar (2B) distal - FGM to CEJ measurement (mm)","OHXPER_G","Oral Health - Periodontal",2011,2012,"Examination","None"
"OHX13CJL","Loss of Attachment:  Upper left 2nd bicuspid/2nd primary molar (2B) mid- lingual - FGM to CEJ measurement (mm)","OHXPER_G","Oral Health - Periodontal",2011,2012,"Examination","None"
"OHX13CJM","Loss of Attachment:  Upper left 2nd bicuspid/2nd primary molar (2B) mid-facial - FGM to CEJ measurement (mm)","OHXPER_G","Oral Health - Periodontal",2011,2012,"Examination","None"
"OHX13CJP","Loss of Attachment: Upper left 2nd bicuspid/2nd primary molar (2B) distal - lingual - FGM to CEJ measurement (mm)","OHXPER_G","Oral Health - Periodontal",2011,2012,"Examination","None"
"OHX13CJS","Loss of Attachment:  Upper left 2nd bicuspid/2nd primary molar (2B) mesio-facial - FGM to CEJ measurement (mm)","OHXPER_G","Oral Health - Periodontal",2011,2012,"Examination","None"
"OHX13LAA","Loss of Attachment:  Upper left 2nd bicuspid/2nd primary molar (2B) mesio-lingual - Calculation of:  (FGM to sulcus base measurement) - (FGM to CEJ measurement) (mm)","OHXPER_G","Oral Health - Periodontal",2011,2012,"Examination","None"
"OHX13LAD","Loss of Attachment:  Upper left 2nd bicuspid/2nd primary molar (2B) distal - Calculation of :  (FGM to CEJ measurement) - (FGM to sulcus base measurement) (mm)","OHXPER_G","Oral Health - Periodontal",2011,2012,"Examination","None"
"OHX13LAL","Loss of Attachment:  Upper left 2nd bicuspid/2nd primary molar (2B) mid- lingual - Calculation of:  (FGM to sulcus base measurement) - (FGM to CEJ measurement) (mm)","OHXPER_G","Oral Health - Periodontal",2011,2012,"Examination","None"
"OHX13LAM","Loss of Attachment:  Upper left 2nd bicuspid/2nd primary molar (2B) mid-facial - Calculation of :  (FGM to sulcus base measurement) - (FGM to CEJ measurement) (mm)","OHXPER_G","Oral Health - Periodontal",2011,2012,"Examination","None"
"OHX13LAP","Loss of Attachment:  Upper left 2nd bicuspid/2nd primary molar (2B) distal - lingual - Calculation of:  (FGM to CEJ measurement) - (FGM to sulcus base measurement) (mm)","OHXPER_G","Oral Health - Periodontal",2011,2012,"Examination","None"
"OHX13LAS","Loss of Attachment:  Upper left 2nd bicuspid/2nd primary molar (2B) mesio-facial - Calculation of :  (FGM to sulcus base measurement) - (FGM to CEJ measurement) (mm)","OHXPER_G","Oral Health - Periodontal",2011,2012,"Examination","None"
"OHX13PCA","Loss of Attachment:  Upper left 2nd bicuspid/2nd primary molar (2B) mesio- lingual - FGM to sulcus base (pocket depth) (mm)","OHXPER_G","Oral Health - Periodontal",2011,2012,"Examination","None"
"OHX13PCD","Loss of Attachment: Upper left 2nd bicuspid/2nd primary molar (2B) distal - FGM to sulcus base (pocket depth) (mm)","OHXPER_G","Oral Health - Periodontal",2011,2012,"Examination","None"
"OHX13PCL","Loss of Attachment:  Upper left 2nd bicuspid/2nd primary molar (2B) mid- lingual - FGM to sulcus base (pocket depth) (mm)","OHXPER_G","Oral Health - Periodontal",2011,2012,"Examination","None"
"OHX13PCM","Loss of Attachment:  Upper left 2nd bicuspid/2nd primary molar (2B) mid-facial - FGM to sulcus base (pocket depth) (mm)","OHXPER_G","Oral Health - Periodontal",2011,2012,"Examination","None"
"OHX13PCP","Loss of Attachment: Upper left 2nd bicuspid/2nd primary molar (2B) distal - lingual - FGM to sulcus base (pocket depth) (mm)","OHXPER_G","Oral Health - Periodontal",2011,2012,"Examination","None"
"OHX13PCS","Loss of Attachment:  Upper left 2nd bicuspid/2nd primary molar (2B) mesio-facial - FGM to sulcus base (pocket depth) (mm)","OHXPER_G","Oral Health - Periodontal",2011,2012,"Examination","None"
"OHX14CJA","Loss of Attachment:  Upper left 1st molar (1M) mesio- lingual - FGM to CEJ measurement (mm)","OHXPER_G","Oral Health - Periodontal",2011,2012,"Examination","None"
"OHX14CJD","Loss of Attachment: Upper left 1st molar (1M) distal - FGM to CEJ measurement (mm)","OHXPER_G","Oral Health - Periodontal",2011,2012,"Examination","None"
"OHX14CJL","Loss of Attachment:  Upper left 1st molar (1M) mid- lingual - FGM to CEJ measurement (mm)","OHXPER_G","Oral Health - Periodontal",2011,2012,"Examination","None"
"OHX14CJM","Loss of Attachment:  Upper left 1st molar (1M) mid-facial - FGM to CEJ measurement (mm)","OHXPER_G","Oral Health - Periodontal",2011,2012,"Examination","None"
"OHX14CJP","Loss of Attachment: Upper left 1st molar (1M) distal - lingual - FGM to CEJ measurement (mm)","OHXPER_G","Oral Health - Periodontal",2011,2012,"Examination","None"
"OHX14CJS","Loss of Attachment:  Upper left 1st molar (1M) mesio-facial - FGM to CEJ measurement (mm)","OHXPER_G","Oral Health - Periodontal",2011,2012,"Examination","None"
"OHX14LAA","Loss of Attachment:  Upper left 1st molar (1M) mesio- lingual - Calculation of:  (FGM to sulcus base measurement) - (FGM to CEJ measurement) (mm)","OHXPER_G","Oral Health - Periodontal",2011,2012,"Examination","None"
"OHX14LAD","Loss of Attachment:  Upper left 1st molar (1M) distal - Calculation of :  (FGM to CEJ measurement) - (FGM to sulcus base measurement) (mm)","OHXPER_G","Oral Health - Periodontal",2011,2012,"Examination","None"
"OHX14LAL","Loss of Attachment:  Upper left 1st molar (1M) mid- lingual - Calculation of:  (FGM to sulcus base measurement) - (FGM to CEJ measurement) (mm)","OHXPER_G","Oral Health - Periodontal",2011,2012,"Examination","None"
"OHX14LAM","Loss of Attachment:  Upper left 1st molar (1M) mid-facial - Calculation of :  (FGM to sulcus base measurement) - (FGM to CEJ measurement) (mm)","OHXPER_G","Oral Health - Periodontal",2011,2012,"Examination","None"
"OHX14LAP","Loss of Attachment:  Upper left 1st molar (1M) distal - lingual - Calculation of:  (FGM to CEJ measurement) - (FGM to sulcus base measurement) (mm)","OHXPER_G","Oral Health - Periodontal",2011,2012,"Examination","None"
"OHX14LAS","Loss of Attachment:  Upper left 1st molar (1M) mesio-facial - Calculation of :  (FGM to sulcus base measurement) - (FGM to CEJ measurement) (mm)","OHXPER_G","Oral Health - Periodontal",2011,2012,"Examination","None"
"OHX14PCA","Loss of Attachment:  Upper left 1st molar (1M) mesio- lingual - FGM to sulcus base (pocket depth) (mm)","OHXPER_G","Oral Health - Periodontal",2011,2012,"Examination","None"
"OHX14PCD","Loss of Attachment: Upper left 1st molar (1M) distal - FGM to sulcus base (pocket depth) (mm)","OHXPER_G","Oral Health - Periodontal",2011,2012,"Examination","None"
"OHX14PCL","Loss of Attachment:  Upper left 1st molar (1M) mid- lingual - FGM to sulcus base (pocket depth) (mm)","OHXPER_G","Oral Health - Periodontal",2011,2012,"Examination","None"
"OHX14PCM","Loss of Attachment:  Upper left 1st molar (1M) mid-facial - FGM to sulcus base (pocket depth) (mm)","OHXPER_G","Oral Health - Periodontal",2011,2012,"Examination","None"
"OHX14PCP","Loss of Attachment: Upper left 1st molar (1M) distal - lingual - FGM to sulcus base (pocket depth) (mm)","OHXPER_G","Oral Health - Periodontal",2011,2012,"Examination","None"
"OHX14PCS","Loss of Attachment:  Upper left 1st molar (1M) mesio-facial - FGM to sulcus base (pocket depth) (mm)","OHXPER_G","Oral Health - Periodontal",2011,2012,"Examination","None"
"OHX15CJA","Loss of Attachment:  Upper left 2nd molar (2M) mesio- lingual - FGM to CEJ measurement (mm)","OHXPER_G","Oral Health - Periodontal",2011,2012,"Examination","None"
"OHX15CJD","Loss of Attachment: Upper left 2nd molar (2M) distal - FGM to CEJ measurement (mm)","OHXPER_G","Oral Health - Periodontal",2011,2012,"Examination","None"
"OHX15CJL","Loss of Attachment:  Upper left 2nd molar (2M) mid- lingual - FGM to CEJ measurement (mm)","OHXPER_G","Oral Health - Periodontal",2011,2012,"Examination","None"
"OHX15CJM","Loss of Attachment:  Upper left 2nd molar (2M) mid-facial - FGM to CEJ measurement (mm)","OHXPER_G","Oral Health - Periodontal",2011,2012,"Examination","None"
"OHX15CJP","Loss of Attachment: Upper left 2nd molar (2M) distal - lingual - FGM to CEJ measurement (mm)","OHXPER_G","Oral Health - Periodontal",2011,2012,"Examination","None"
"OHX15CJS","Loss of Attachment:  Upper left 2nd molar (2M) mesio-facial - FGM to CEJ measurement (mm)","OHXPER_G","Oral Health - Periodontal",2011,2012,"Examination","None"
"OHX15LAA","Loss of Attachment:  Upper left 2nd molar (2M) mesio- lingual - Calculation of:  (FGM to sulcus base measurement) - (FGM to CEJ measurement) (mm)","OHXPER_G","Oral Health - Periodontal",2011,2012,"Examination","None"
"OHX15LAD","Loss of Attachment:  Upper left 2nd molar (2M) distal - Calculation of :  (FGM to CEJ measurement) - (FGM to sulcus base measurement) (mm)","OHXPER_G","Oral Health - Periodontal",2011,2012,"Examination","None"
"OHX15LAL","Loss of Attachment:  Upper left 2nd molar (2M) mid- lingual - Calculation of:  (FGM to sulcus base measurement) - (FGM to CEJ measurement) (mm)","OHXPER_G","Oral Health - Periodontal",2011,2012,"Examination","None"
"OHX15LAM","Loss of Attachment:  Upper left 2nd molar (2M) mid-facial - Calculation of :  (FGM to sulcus base measurement) - (FGM to CEJ measurement) (mm)","OHXPER_G","Oral Health - Periodontal",2011,2012,"Examination","None"
"OHX15LAP","Loss of Attachment:  Upper left 2nd molar (2M) distal - lingual - Calculation of:  (FGM to CEJ measurement) - (FGM to sulcus base measurement) (mm)","OHXPER_G","Oral Health - Periodontal",2011,2012,"Examination","None"
"OHX15LAS","Loss of Attachment:  Upper left 2nd molar (2M) mesio-facial - Calculation of :  (FGM to sulcus base measurement) - (FGM to CEJ measurement) (mm)","OHXPER_G","Oral Health - Periodontal",2011,2012,"Examination","None"
"OHX15PCA","Loss of Attachment:  Upper left 2nd molar (2M) mesio- lingual - FGM to sulcus base (pocket depth) (mm)","OHXPER_G","Oral Health - Periodontal",2011,2012,"Examination","None"
"OHX15PCD","Loss of Attachment: Upper left 2nd molar (2M) distal - FGM to sulcus base (pocket depth) (mm)","OHXPER_G","Oral Health - Periodontal",2011,2012,"Examination","None"
"OHX15PCL","Loss of Attachment:  Upper left 2nd molar (2M) mid- lingual - FGM to sulcus base (pocket depth) (mm)","OHXPER_G","Oral Health - Periodontal",2011,2012,"Examination","None"
"OHX15PCM","Loss of Attachment:  Upper left 2nd molar (2M) mid-facial - FGM to sulcus base (pocket depth) (mm)","OHXPER_G","Oral Health - Periodontal",2011,2012,"Examination","None"
"OHX15PCP","Loss of Attachment: Upper left 2nd molar (2M) distal - lingual - FGM to sulcus base (pocket depth) (mm)","OHXPER_G","Oral Health - Periodontal",2011,2012,"Examination","None"
"OHX15PCS","Loss of Attachment:  Upper left 2nd molar (2M) mesio-facial - FGM to sulcus base (pocket depth) (mm)","OHXPER_G","Oral Health - Periodontal",2011,2012,"Examination","None"
"OHX18CJA","Loss of Attachment:  Lower left 2nd molar (2M) mesio- lingual - FGM to CEJ measurement (mm)","OHXPER_G","Oral Health - Periodontal",2011,2012,"Examination","None"
"OHX18CJD","Loss of Attachment: Lower left 2nd molar (2M) distal - FGM to CEJ measurement (mm)","OHXPER_G","Oral Health - Periodontal",2011,2012,"Examination","None"
"OHX18CJL","Loss of Attachment:  Lower left 2nd molar (2M) mid- lingual - FGM to CEJ measurement (mm)","OHXPER_G","Oral Health - Periodontal",2011,2012,"Examination","None"
"OHX18CJM","Loss of Attachment:  Lower left 2nd molar (2M) mid-facial - FGM to CEJ measurement (mm)","OHXPER_G","Oral Health - Periodontal",2011,2012,"Examination","None"
"OHX18CJP","Loss of Attachment: Lower left 2nd molar (2M) distal - lingual - FGM to CEJ measurement (mm)","OHXPER_G","Oral Health - Periodontal",2011,2012,"Examination","None"
"OHX18CJS","Loss of Attachment:  Lower left 2nd molar (2M) mesio-facial - FGM to CEJ measurement (mm)","OHXPER_G","Oral Health - Periodontal",2011,2012,"Examination","None"
"OHX18LAA","Loss of Attachment:  Lower left 2nd molar (2M) mesio-lingual - Calculation of:  (FGM to sulcus base measurement) - (FGM to CEJ measurement) (mm)","OHXPER_G","Oral Health - Periodontal",2011,2012,"Examination","None"
"OHX18LAD","Loss of Attachment:  Lower left 2nd molar (2M) distal - Calculation of :  (FGM to CEJ measurement) - (FGM to sulcus base measurement) (mm)","OHXPER_G","Oral Health - Periodontal",2011,2012,"Examination","None"
"OHX18LAL","Loss of Attachment:  Lower left 2nd molar (2M) mid- lingual - Calculation of:  (FGM to sulcus base measurement) - (FGM to CEJ measurement) (mm)","OHXPER_G","Oral Health - Periodontal",2011,2012,"Examination","None"
"OHX18LAM","Loss of Attachment:  Lower left 2nd molar (2M) mid-facial - Calculation of:  (FGM to sulcus base measurement) - (FGM to CEJ measurement) (mm)","OHXPER_G","Oral Health - Periodontal",2011,2012,"Examination","None"
"OHX18LAP","Loss of Attachment:  Lower left 2nd molar (2M) distal - lingual - Calculation of:  (FGM to CEJ measurement) - (FGM to sulcus base measurement) (mm)","OHXPER_G","Oral Health - Periodontal",2011,2012,"Examination","None"
"OHX18LAS","Loss of Attachment:  Lower left 2nd molar (2M) mesio-facial - Calculation of:  (FGM to sulcus base measurement) - (FGM to CEJ measurement) (mm)","OHXPER_G","Oral Health - Periodontal",2011,2012,"Examination","None"
"OHX18PCA","Loss of Attachment:  Lower left 2nd molar (2M) mesio- lingual - FGM to sulcus base (pocket depth) (mm)","OHXPER_G","Oral Health - Periodontal",2011,2012,"Examination","None"
"OHX18PCD","Loss of Attachment: Lower left 2nd molar (2M) distal - FGM to sulcus base (pocket depth) (mm)","OHXPER_G","Oral Health - Periodontal",2011,2012,"Examination","None"
"OHX18PCL","Loss of Attachment:  Lower left 2nd molar (2M) mid- lingual - FGM to sulcus base (pocket depth) (mm)","OHXPER_G","Oral Health - Periodontal",2011,2012,"Examination","None"
"OHX18PCM","Loss of Attachment:  Lower left 2nd molar (2M) mid-facial - FGM to sulcus base (pocket depth) (mm)","OHXPER_G","Oral Health - Periodontal",2011,2012,"Examination","None"
"OHX18PCP","Loss of Attachment: Lower left 2nd molar (2M) distal - lingual - FGM to sulcus base (pocket depth) (mm)","OHXPER_G","Oral Health - Periodontal",2011,2012,"Examination","None"
"OHX18PCS","Loss of Attachment:  Lower left 2nd molar (2M) mesio-facial - FGM to sulcus base (pocket depth) (mm)","OHXPER_G","Oral Health - Periodontal",2011,2012,"Examination","None"
"OHX19CJA","Loss of Attachment:  Lower left 1st molar (1M) mesio- lingual - FGM to CEJ measurement (mm)","OHXPER_G","Oral Health - Periodontal",2011,2012,"Examination","None"
"OHX19CJD","Loss of Attachment: Lower left 1st molar (1M) distal - FGM to CEJ measurement (mm)","OHXPER_G","Oral Health - Periodontal",2011,2012,"Examination","None"
"OHX19CJL","Loss of Attachment:  Lower left 1st molar (1M) mid- lingual - FGM to CEJ measurement (mm)","OHXPER_G","Oral Health - Periodontal",2011,2012,"Examination","None"
"OHX19CJM","Loss of Attachment:  Lower left 1st molar (1M) mid-facial - FGM to CEJ measurement (mm)","OHXPER_G","Oral Health - Periodontal",2011,2012,"Examination","None"
"OHX19CJP","Loss of Attachment: Lower left 1st molar (1M) distal - lingual - FGM to CEJ measurement (mm)","OHXPER_G","Oral Health - Periodontal",2011,2012,"Examination","None"
"OHX19CJS","Loss of Attachment:  Lower left 1st molar (1M) mesio-facial - FGM to CEJ measurement (mm)","OHXPER_G","Oral Health - Periodontal",2011,2012,"Examination","None"
"OHX19LAA","Loss of Attachment:  Lower left 1st molar (1M) mesio-lingual - Calculation of:  (FGM to sulcus base measurement) - (FGM to CEJ measurement) (mm)","OHXPER_G","Oral Health - Periodontal",2011,2012,"Examination","None"
"OHX19LAD","Loss of Attachment:  Lower left 1st molar (1M) distal - Calculation of :  (FGM to CEJ measurement) - (FGM to sulcus base measurement) (mm)","OHXPER_G","Oral Health - Periodontal",2011,2012,"Examination","None"
"OHX19LAL","Loss of Attachment:  Lower left 1st molar (1M) mid- lingual - Calculation of:  (FGM to sulcus base measurement) - (FGM to CEJ measurement) (mm)","OHXPER_G","Oral Health - Periodontal",2011,2012,"Examination","None"
"OHX19LAM","Loss of Attachment:  Lower left 1st molar (1M) mid-facial - Calculation of:  (FGM to sulcus base measurement) - (FGM to CEJ measurement) (mm)","OHXPER_G","Oral Health - Periodontal",2011,2012,"Examination","None"
"OHX19LAP","Loss of Attachment:  Lower left 1st molar (1M) distal - lingual - Calculation of:  (FGM to CEJ measurement) - (FGM to sulcus base measurement) (mm)","OHXPER_G","Oral Health - Periodontal",2011,2012,"Examination","None"
"OHX19LAS","Loss of Attachment:  Lower left 1st molar (1M) mesio-facial - Calculation of:  (FGM to sulcus base measurement) - (FGM to CEJ measurement) (mm)","OHXPER_G","Oral Health - Periodontal",2011,2012,"Examination","None"
"OHX19PCA","Loss of Attachment:  Lower left 1st molar (1M) mesio- lingual - FGM to sulcus base (pocket depth) (mm)","OHXPER_G","Oral Health - Periodontal",2011,2012,"Examination","None"
"OHX19PCD","Loss of Attachment: Lower left 1st molar (1M) distal - FGM to sulcus base (pocket depth) (mm)","OHXPER_G","Oral Health - Periodontal",2011,2012,"Examination","None"
"OHX19PCL","Loss of Attachment:  Lower left 1st molar (1M) mid- lingual - FGM to sulcus base (pocket depth) (mm)","OHXPER_G","Oral Health - Periodontal",2011,2012,"Examination","None"
"OHX19PCM","Loss of Attachment:  Lower left 1st molar (1M) mid-facial - FGM to sulcus base (pocket depth) (mm)","OHXPER_G","Oral Health - Periodontal",2011,2012,"Examination","None"
"OHX19PCP","Loss of Attachment: Lower left 1st molar (1M) distal - lingual - FGM to sulcus base (pocket depth) (mm)","OHXPER_G","Oral Health - Periodontal",2011,2012,"Examination","None"
"OHX19PCS","Loss of Attachment:  Lower left 1st molar (1M) mesio-facial - FGM to sulcus base (pocket depth) (mm)","OHXPER_G","Oral Health - Periodontal",2011,2012,"Examination","None"
"OHX20CJA","Loss of Attachment:  Lower left 2nd bicuspid/2nd primary molar (2B) mesio- lingual - FGM to CEJ measurement (mm)","OHXPER_G","Oral Health - Periodontal",2011,2012,"Examination","None"
"OHX20CJD","Loss of Attachment: Lower left 2nd bicuspid/2nd primary molar (2B) distal - FGM to CEJ measurement (mm)","OHXPER_G","Oral Health - Periodontal",2011,2012,"Examination","None"
"OHX20CJL","Loss of Attachment:  Lower left 2nd bicuspid/2nd primary molar (2B) mid- lingual - FGM to CEJ measurement (mm)","OHXPER_G","Oral Health - Periodontal",2011,2012,"Examination","None"
"OHX20CJM","Loss of Attachment:  Lower left 2nd bicuspid/2nd primary molar (2B) mid-facial - FGM to CEJ measurement (mm)","OHXPER_G","Oral Health - Periodontal",2011,2012,"Examination","None"
"OHX20CJP","Loss of Attachment: Lower left 2nd bicuspid/2nd primary molar (2B) distal - lingual - FGM to CEJ measurement (mm)","OHXPER_G","Oral Health - Periodontal",2011,2012,"Examination","None"
"OHX20CJS","Loss of Attachment:  Lower left 2nd bicuspid/2nd primary molar (2B) mesio-facial - FGM to CEJ measurement (mm)","OHXPER_G","Oral Health - Periodontal",2011,2012,"Examination","None"
"OHX20LAA","Loss of Attachment:  Lower left 2nd bicuspid/2nd primary molar (2B) mesio-lingual - Calculation of:  (FGM to sulcus base measurement) - (FGM to CEJ measurement) (mm)","OHXPER_G","Oral Health - Periodontal",2011,2012,"Examination","None"
"OHX20LAD","Loss of Attachment:  Lower left 2nd bicuspid/2nd primary molar (2B) distal - Calculation of :  (FGM to CEJ measurement) - (FGM to sulcus base measurement) (mm)","OHXPER_G","Oral Health - Periodontal",2011,2012,"Examination","None"
"OHX20LAL","Loss of Attachment:  Lower left 2nd bicuspid/2nd primary molar (2B) mid- lingual - Calculation of:  (FGM to sulcus base measurement) - (FGM to CEJ measurement) (mm)","OHXPER_G","Oral Health - Periodontal",2011,2012,"Examination","None"
"OHX20LAM","Loss of Attachment:  Lower left 2nd bicuspid/2nd primary molar (2B) mid-facial - Calculation of :  (FGM to sulcus base measurement) - (FGM to CEJ measurement) (mm)","OHXPER_G","Oral Health - Periodontal",2011,2012,"Examination","None"
"OHX20LAP","Loss of Attachment:  Lower left 2nd bicuspid/2nd primary molar (2B) distal - lingual - Calculation of:  (FGM to CEJ measurement) - (FGM to sulcus base measurement) (mm)","OHXPER_G","Oral Health - Periodontal",2011,2012,"Examination","None"
"OHX20LAS","Loss of Attachment:  Lower left 2nd bicuspid/2nd primary molar (2B) mesio-facial - Level of attachment calculation of :  (FGM to sulcus base measurement) - (FGM to CEJ measurement) (mm)","OHXPER_G","Oral Health - Periodontal",2011,2012,"Examination","None"
"OHX20PCA","Loss of Attachment:  Lower left 2nd bicuspid/2nd primary molar (2B) mesio- lingual - FGM to sulcus base (pocket depth) (mm)","OHXPER_G","Oral Health - Periodontal",2011,2012,"Examination","None"
"OHX20PCD","Loss of Attachment: Lower left 2nd bicuspid/2nd primary molar (2B) distal - FGM to sulcus base (pocket depth) (mm)","OHXPER_G","Oral Health - Periodontal",2011,2012,"Examination","None"
"OHX20PCL","Loss of Attachment:  Lower left 2nd bicuspid/2nd primary molar (2B) mid- lingual - FGM to sulcus base (pocket depth) (mm)","OHXPER_G","Oral Health - Periodontal",2011,2012,"Examination","None"
"OHX20PCM","Loss of Attachment:  Lower left 2nd bicuspid/2nd primary molar (2B) mid-facial - FGM to sulcus base (pocket depth) (mm)","OHXPER_G","Oral Health - Periodontal",2011,2012,"Examination","None"
"OHX20PCP","Loss of Attachment: Lower left 2nd bicuspid/2nd primary molar (2B) distal - lingual - FGM to sulcus base (pocket depth) (mm)","OHXPER_G","Oral Health - Periodontal",2011,2012,"Examination","None"
"OHX20PCS","Loss of Attachment:  Lower left 2nd bicuspid/2nd primary molar (2B) mesio-facial - FGM to sulcus base (pocket depth) (mm)","OHXPER_G","Oral Health - Periodontal",2011,2012,"Examination","None"
"OHX21CJA","Loss of Attachment:  Lower left 1st bicuspid/1st primary molar (1B) mesio- lingual - FGM to CEJ measurement (mm)","OHXPER_G","Oral Health - Periodontal",2011,2012,"Examination","None"
"OHX21CJD","Loss of Attachment: Lower left 1st bicuspid/1st primary molar (1B) distal - FGM to CEJ measurement (mm)","OHXPER_G","Oral Health - Periodontal",2011,2012,"Examination","None"
"OHX21CJL","Loss of Attachment: Lower left 1st bicuspid/1st primary molar (1B) mid- lingual - FGM to CEJ measurement (mm)","OHXPER_G","Oral Health - Periodontal",2011,2012,"Examination","None"
"OHX21CJM","Loss of Attachment:  Lower left 1st bicuspid/1st primary molar (1B) mid-facial - FGM to CEJ measurement (mm)","OHXPER_G","Oral Health - Periodontal",2011,2012,"Examination","None"
"OHX21CJP","Loss of Attachment: Lower left 1st bicuspid/1st primary molar (1B) distal - lingual - FGM to CEJ measurement (mm)","OHXPER_G","Oral Health - Periodontal",2011,2012,"Examination","None"
"OHX21CJS","Loss of Attachment:  Lower left 1st bicuspid/1st primary molar (1B) mesio-facial - FGM to CEJ measurement (mm)","OHXPER_G","Oral Health - Periodontal",2011,2012,"Examination","None"
"OHX21LAA","Loss of Attachment:  Lower left 1st bicuspid/1st primary molar (1B) mesio-lingual - Calculation of:  (FGM to sulcus base measurement) - (FGM to CEJ measurement) (mm)","OHXPER_G","Oral Health - Periodontal",2011,2012,"Examination","None"
"OHX21LAD","Loss of Attachment:  Lower left 1st bicuspid/1st primary molar (1B) distal - Calculation of :  (FGM to CEJ measurement) - (FGM to sulcus base measurement) (mm)","OHXPER_G","Oral Health - Periodontal",2011,2012,"Examination","None"
"OHX21LAL","Loss of Attachment:  Lower left 1st bicuspid/1st primary molar (1B) mid- lingual - Calculation of:  (FGM to sulcus base measurement) - (FGM to CEJ measurement) (mm)","OHXPER_G","Oral Health - Periodontal",2011,2012,"Examination","None"
"OHX21LAM","Loss of Attachment:  Lower left 1st bicuspid/1st primary molar (1B) mid-facial - Calculation of :  (FGM to sulcus base measurement) - (FGM to CEJ measurement) (mm)","OHXPER_G","Oral Health - Periodontal",2011,2012,"Examination","None"
"OHX21LAP","Loss of Attachment:  Lower left 1st bicuspid/1st primary molar (1B) distal - lingual - Calculation of:  (FGM to CEJ measurement) - (FGM to sulcus base measurement) (mm)","OHXPER_G","Oral Health - Periodontal",2011,2012,"Examination","None"
"OHX21LAS","Loss of Attachment:  Lower left 1st bicuspid/1st primary molar (1B) mesio-facial - Calculation of :  (FGM to sulcus base measurement) - (FGM to CEJ measurement) (mm)","OHXPER_G","Oral Health - Periodontal",2011,2012,"Examination","None"
"OHX21PCA","Loss of Attachment:  Lower left 1st bicuspid/1st primary molar (1B) mesio- lingual - FGM to sulcus base (pocket depth) (mm)","OHXPER_G","Oral Health - Periodontal",2011,2012,"Examination","None"
"OHX21PCD","Loss of Attachment: Lower left 1st bicuspid/1st primary molar (1B) distal - FGM to sulcus base (pocket depth) (mm)","OHXPER_G","Oral Health - Periodontal",2011,2012,"Examination","None"
"OHX21PCL","Loss of Attachment:  Lower left 1st bicuspid/1st primary molar (1B) mid- lingual - FGM to sulcus base (pocket depth) (mm)","OHXPER_G","Oral Health - Periodontal",2011,2012,"Examination","None"
"OHX21PCM","Loss of Attachment:  Lower left 1st bicuspid/1st primary molar (1B) mid-facial - FGM to sulcus base (pocket depth) (mm)","OHXPER_G","Oral Health - Periodontal",2011,2012,"Examination","None"
"OHX21PCP","Loss of Attachment: Lower left 1st bicuspid/1st primary molar (1B) distal - lingual - FGM to sulcus base (pocket depth) (mm)","OHXPER_G","Oral Health - Periodontal",2011,2012,"Examination","None"
"OHX21PCS","Loss of Attachment:  Lower left 1st bicuspid/1st primary molar (1B) mesio-facial - FGM to sulcus base (pocket depth) (mm)","OHXPER_G","Oral Health - Periodontal",2011,2012,"Examination","None"
"OHX22CJA","Loss of Attachment:  Lower left cuspid (C) mesio- lingual - FGM to CEJ measurement (mm)","OHXPER_G","Oral Health - Periodontal",2011,2012,"Examination","None"
"OHX22CJD","Loss of Attachment: Lower left cuspid (C) distal - FGM to CEJ measurement (mm)","OHXPER_G","Oral Health - Periodontal",2011,2012,"Examination","None"
"OHX22CJL","Loss of Attachment:  Lower left cuspid (C) mid- lingual - FGM to CEJ measurement (mm)","OHXPER_G","Oral Health - Periodontal",2011,2012,"Examination","None"
"OHX22CJM","Loss of Attachment:  Lower left cuspid (C) mid-facial - FGM to CEJ measurement (mm)","OHXPER_G","Oral Health - Periodontal",2011,2012,"Examination","None"
"OHX22CJP","Loss of Attachment: Lower left cuspid (C) distal - lingual - FGM to CEJ measurement (mm)","OHXPER_G","Oral Health - Periodontal",2011,2012,"Examination","None"
"OHX22CJS","Loss of Attachment:  Lower left cuspid (C) mesio-facial - FGM to CEJ measurement (mm)","OHXPER_G","Oral Health - Periodontal",2011,2012,"Examination","None"
"OHX22LAA","Loss of Attachment:  Lower left cuspid (C) mesio-lingual - Calculation of:  (FGM to sulcus base measurement) - (FGM to CEJ measurement) (mm)","OHXPER_G","Oral Health - Periodontal",2011,2012,"Examination","None"
"OHX22LAD","Loss of Attachment:  Lower left cuspid (C) distal - Calculation of :  (FGM to CEJ measurement) - (FGM to sulcus base measurement) (mm)","OHXPER_G","Oral Health - Periodontal",2011,2012,"Examination","None"
"OHX22LAL","Loss of Attachment:  Lower left cuspid (C) mid- lingual - Calculation of:  (FGM to sulcus base measurement) - (FGM to CEJ measurement) (mm)","OHXPER_G","Oral Health - Periodontal",2011,2012,"Examination","None"
"OHX22LAM","Loss of Attachment: Lower left cuspid (C) mid-facial - Level of attachment calculation of : (FGM to sulcus base measurement) - (FGM to CEJ measurement) (mm)","OHXPER_G","Oral Health - Periodontal",2011,2012,"Examination","None"
"OHX22LAP","Loss of Attachment:  Lower left cuspid (C) distal - lingual - Calculation of:  (FGM to CEJ measurement) - (FGM to sulcus base measurement) (mm)","OHXPER_G","Oral Health - Periodontal",2011,2012,"Examination","None"
"OHX22LAS","Loss of Attachment:  Lower left cuspid (C) mesio-facial - Calculation of :  (FGM to sulcus base measurement) - (FGM to CEJ measurement) (mm)","OHXPER_G","Oral Health - Periodontal",2011,2012,"Examination","None"
"OHX22PCA","Loss of Attachment:  Lower left cuspid (C) mesio- lingual - FGM to sulcus base (pocket depth) (mm)","OHXPER_G","Oral Health - Periodontal",2011,2012,"Examination","None"
"OHX22PCD","Loss of Attachment: Lower left cuspid (C) distal - FGM to sulcus base (pocket depth) (mm)","OHXPER_G","Oral Health - Periodontal",2011,2012,"Examination","None"
"OHX22PCL","Loss of Attachment:  Lower left cuspid (C) mid- lingual - FGM to sulcus base (pocket depth) (mm)","OHXPER_G","Oral Health - Periodontal",2011,2012,"Examination","None"
"OHX22PCM","Loss of Attachment:  Lower left cuspid (C) mid-facial - FGM to sulcus base (pocket depth) (mm)","OHXPER_G","Oral Health - Periodontal",2011,2012,"Examination","None"
"OHX22PCP","Loss of Attachment: Lower left cuspid (C) distal - lingual - FGM to sulcus base (pocket depth) (mm)","OHXPER_G","Oral Health - Periodontal",2011,2012,"Examination","None"
"OHX22PCS","Loss of Attachment:  Lower left cuspid (C) mesio-facial - FGM to sulcus base (pocket depth) (mm)","OHXPER_G","Oral Health - Periodontal",2011,2012,"Examination","None"
"OHX23CJA","Loss of Attachment:  Lower left lateral incisor (LI) mesio- lingual - FGM to CEJ measurement (mm)","OHXPER_G","Oral Health - Periodontal",2011,2012,"Examination","None"
"OHX23CJD","Loss of Attachment: Lower left lateral incisor (LI) distal - FGM to CEJ measurement (mm)","OHXPER_G","Oral Health - Periodontal",2011,2012,"Examination","None"
"OHX23CJL","Loss of Attachment:  Lower left lateral incisor (LI) mid- lingual - FGM to CEJ measurement (mm)","OHXPER_G","Oral Health - Periodontal",2011,2012,"Examination","None"
"OHX23CJM","Loss of Attachment:  Lower left lateral incisor (LI) mid-facial - FGM to CEJ measurement (mm)","OHXPER_G","Oral Health - Periodontal",2011,2012,"Examination","None"
"OHX23CJP","Loss of Attachment: Lower left lateral incisor (LI) distal - lingual - FGM to CEJ measurement (mm)","OHXPER_G","Oral Health - Periodontal",2011,2012,"Examination","None"
"OHX23CJS","Loss of Attachment:  Lower left lateral incisor (LI) mesio-facial - FGM to CEJ measurement (mm)","OHXPER_G","Oral Health - Periodontal",2011,2012,"Examination","None"
"OHX23LAA","Loss of Attachment:  Lower left lateral incisor (LI) mesio-lingual - Calculation of:  (FGM to sulcus base measurement) - (FGM to CEJ measurement) (mm)","OHXPER_G","Oral Health - Periodontal",2011,2012,"Examination","None"
"OHX23LAD","Loss of Attachment:  Lower left lateral incisor (LI) distal - Calculation of:  (FGM to CEJ measurement) - (FGM to sulcus base measurement) (mm)","OHXPER_G","Oral Health - Periodontal",2011,2012,"Examination","None"
"OHX23LAL","Loss of Attachment:  Lower left lateral incisor (LI) mid- lingual - Calculation of:  (FGM to sulcus base measurement) - (FGM to CEJ measurement) (mm)","OHXPER_G","Oral Health - Periodontal",2011,2012,"Examination","None"
"OHX23LAM","Loss of Attachment:  Lower left lateral incisor (LI) mid-facial - Calculation of:  (FGM to sulcus base measurement) - (FGM to CEJ measurement) (mm)","OHXPER_G","Oral Health - Periodontal",2011,2012,"Examination","None"
"OHX23LAP","Loss of Attachment:  Lower left lateral incisor (LI) distal - lingual - Calculation of:  (FGM to CEJ measurement) - (FGM to sulcus base measurement) (mm)","OHXPER_G","Oral Health - Periodontal",2011,2012,"Examination","None"
"OHX23LAS","Loss of Attachment:  Lower left lateral incisor (LI) mesio-facial - Calculation of:  (FGM to sulcus base measurement) - (FGM to CEJ measurement) (mm)","OHXPER_G","Oral Health - Periodontal",2011,2012,"Examination","None"
"OHX23PCA","Loss of Attachment:  Lower left lateral incisor (LI) mesio- lingual - FGM to sulcus base (pocket depth) (mm)","OHXPER_G","Oral Health - Periodontal",2011,2012,"Examination","None"
"OHX23PCD","Loss of Attachment: Lower left lateral incisor (LI) distal - FGM to sulcus base (pocket depth) (mm)","OHXPER_G","Oral Health - Periodontal",2011,2012,"Examination","None"
"OHX23PCL","Loss of Attachment:  Lower left lateral incisor (LI) mid- lingual - FGM to sulcus base (pocket depth) (mm)","OHXPER_G","Oral Health - Periodontal",2011,2012,"Examination","None"
"OHX23PCM","Loss of Attachment:  Lower left lateral incisor (LI) mid-facial - FGM to sulcus base (pocket depth) (mm)","OHXPER_G","Oral Health - Periodontal",2011,2012,"Examination","None"
"OHX23PCP","Loss of Attachment: Lower left lateral incisor (LI) distal - lingual - FGM to sulcus base (pocket depth) (mm)","OHXPER_G","Oral Health - Periodontal",2011,2012,"Examination","None"
"OHX23PCS","Loss of Attachment:  Lower left lateral incisor (LI) mesio-facial - FGM to sulcus base (pocket depth) (mm)","OHXPER_G","Oral Health - Periodontal",2011,2012,"Examination","None"
"OHX24CJA","Loss of Attachment:  Lower left central incisor (CI) mesio- lingual - FGM to CEJ measurement (mm)","OHXPER_G","Oral Health - Periodontal",2011,2012,"Examination","None"
"OHX24CJD","Loss of Attachment: Lower left central incisor (CI) distal - FGM to CEJ measurement (mm)","OHXPER_G","Oral Health - Periodontal",2011,2012,"Examination","None"
"OHX24CJL","Loss of Attachment:  Lower left central incisor (CI) mid- lingual - FGM to CEJ measurement (mm)","OHXPER_G","Oral Health - Periodontal",2011,2012,"Examination","None"
"OHX24CJM","Loss of Attachment:  Lower left central incisor (CI) mid-facial - FGM to CEJ measurement (mm)","OHXPER_G","Oral Health - Periodontal",2011,2012,"Examination","None"
"OHX24CJP","Loss of Attachment: Lower left central incisor (CI) distal - lingual - FGM to CEJ measurement (mm)","OHXPER_G","Oral Health - Periodontal",2011,2012,"Examination","None"
"OHX24CJS","Loss of Attachment:  Lower left central incisor (CI) mesio-facial - FGM to CEJ measurement (mm)","OHXPER_G","Oral Health - Periodontal",2011,2012,"Examination","None"
"OHX24LAA","Loss of Attachment:  Lower left central incisor (CI) mesio-lingual - Calculation of:  (FGM to sulcus base measurement) - (FGM to CEJ measurement) (mm)","OHXPER_G","Oral Health - Periodontal",2011,2012,"Examination","None"
"OHX24LAD","Loss of Attachment:  Lower left central incisor (CI) distal - Calculation of :  (FGM to CEJ measurement) - (FGM to sulcus base measurement) (mm)","OHXPER_G","Oral Health - Periodontal",2011,2012,"Examination","None"
"OHX24LAL","Loss of Attachment:  Lower left central incisor (CI) mid- lingual - Calculation of:  (FGM to sulcus base measurement) - (FGM to CEJ measurement) (mm)","OHXPER_G","Oral Health - Periodontal",2011,2012,"Examination","None"
"OHX24LAM","Loss of Attachment:  Lower left central incisor (CI) mid-facial - Calculation of:  (FGM to sulcus base measurement) - (FGM to CEJ measurement) (mm)","OHXPER_G","Oral Health - Periodontal",2011,2012,"Examination","None"
"OHX24LAP","Loss of Attachment:  Lower left central incisor (CI) distal - lingual - Calculation of:  (FGM to CEJ measurement) - (FGM to sulcus base measurement) (mm)","OHXPER_G","Oral Health - Periodontal",2011,2012,"Examination","None"
"OHX24LAS","Loss of Attachment:  Lower left central incisor (CI) mesio-facial - Calculation of:  (FGM to sulcus base measurement) - (FGM to CEJ measurement) (mm)","OHXPER_G","Oral Health - Periodontal",2011,2012,"Examination","None"
"OHX24PCA","Loss of Attachment:  Lower left central incisor (CI) mesio- lingual - FGM to sulcus base (pocket depth) (mm)","OHXPER_G","Oral Health - Periodontal",2011,2012,"Examination","None"
"OHX24PCD","Loss of Attachment: Lower left central incisor (CI) distal - FGM to sulcus base (pocket depth) (mm)","OHXPER_G","Oral Health - Periodontal",2011,2012,"Examination","None"
"OHX24PCL","Loss of Attachment:  Lower left central incisor (CI) mid- lingual - FGM to sulcus base (pocket depth) (mm)","OHXPER_G","Oral Health - Periodontal",2011,2012,"Examination","None"
"OHX24PCM","Loss of Attachment:  Lower left central incisor (CI) mid-facial - FGM to sulcus base (pocket depth) (mm)","OHXPER_G","Oral Health - Periodontal",2011,2012,"Examination","None"
"OHX24PCP","Loss of Attachment: Lower left central incisor (CI) distal - lingual - FGM to sulcus base (pocket depth) (mm)","OHXPER_G","Oral Health - Periodontal",2011,2012,"Examination","None"
"OHX24PCS","Loss of Attachment:  Lower left central incisor (CI) mesio-facial - FGM to sulcus base (pocket depth) (mm)","OHXPER_G","Oral Health - Periodontal",2011,2012,"Examination","None"
"OHX25CJA","Loss of Attachment:  Lower right central incisor (CI) mesio- lingual - FGM to CEJ measurement (mm)","OHXPER_G","Oral Health - Periodontal",2011,2012,"Examination","None"
"OHX25CJD","Loss of Attachment: Lower right central incisor (CI) distal - FGM to CEJ measurement (mm)","OHXPER_G","Oral Health - Periodontal",2011,2012,"Examination","None"
"OHX25CJL","Loss of Attachment:  Lower right central incisor (CI) mid- lingual - FGM to CEJ measurement (mm)","OHXPER_G","Oral Health - Periodontal",2011,2012,"Examination","None"
"OHX25CJM","Loss of Attachment:  Lower right central incisor (CI) mid-facial - FGM to CEJ measurement (mm)","OHXPER_G","Oral Health - Periodontal",2011,2012,"Examination","None"
"OHX25CJP","Loss of Attachment: Lower right central incisor (CI) distal - lingual - FGM to CEJ measurement (mm)","OHXPER_G","Oral Health - Periodontal",2011,2012,"Examination","None"
"OHX25CJS","Loss of Attachment:  Lower right central incisor (CI) mesio-facial - FGM to CEJ measurement (mm)","OHXPER_G","Oral Health - Periodontal",2011,2012,"Examination","None"
"OHX25LAA","Loss of Attachment:  Lower right central incisor (CI) mesio-lingual - Calculation of:  (FGM to sulcus base measurement) - (FGM to CEJ measurement) (mm)","OHXPER_G","Oral Health - Periodontal",2011,2012,"Examination","None"
"OHX25LAD","Loss of Attachment:  Lower right central incisor (CI) distal - Calculation of :  (FGM to CEJ measurement) - (FGM to sulcus base measurement) (mm)","OHXPER_G","Oral Health - Periodontal",2011,2012,"Examination","None"
"OHX25LAL","Loss of Attachment:  Lower right central incisor (CI) mid- lingual - Calculation of:  (FGM to sulcus base measurement) - (FGM to CEJ measurement) (mm)","OHXPER_G","Oral Health - Periodontal",2011,2012,"Examination","None"
"OHX25LAM","Loss of Attachment:  Lower right central incisor (CI) mid-facial - Calculation of :  (FGM to sulcus base measurement) - (FGM to CEJ measurement) (mm)","OHXPER_G","Oral Health - Periodontal",2011,2012,"Examination","None"
"OHX25LAP","Loss of Attachment:  Lower right central incisor (CI) distal - lingual - Calculation of:  (FGM to CEJ measurement) - (FGM to sulcus base measurement) (mm)","OHXPER_G","Oral Health - Periodontal",2011,2012,"Examination","None"
"OHX25LAS","Loss of Attachment:  Lower right central incisor (CI) mesio-facial - Calculation of :  (FGM to sulcus base measurement) - (FGM to CEJ measurement) (mm)","OHXPER_G","Oral Health - Periodontal",2011,2012,"Examination","None"
"OHX25PCA","Loss of Attachment:  Lower right central incisor (CI) mesio- lingual - FGM to sulcus base (pocket depth) (mm)","OHXPER_G","Oral Health - Periodontal",2011,2012,"Examination","None"
"OHX25PCD","Loss of Attachment: Lower right central incisor (CI) distal - FGM to sulcus base (pocket depth) (mm)","OHXPER_G","Oral Health - Periodontal",2011,2012,"Examination","None"
"OHX25PCL","Loss of Attachment:  Lower right central incisor (CI) mid- lingual - FGM to sulcus base (pocket depth) (mm)","OHXPER_G","Oral Health - Periodontal",2011,2012,"Examination","None"
"OHX25PCM","Loss of Attachment:  Lower right central incisor (CI) mid-facial - FGM to sulcus base (pocket depth) (mm)","OHXPER_G","Oral Health - Periodontal",2011,2012,"Examination","None"
"OHX25PCP","Loss of Attachment: Lower right central incisor (CI) distal - lingual - FGM to sulcus base (pocket depth) (mm)","OHXPER_G","Oral Health - Periodontal",2011,2012,"Examination","None"
"OHX25PCS","Loss of Attachment:  Lower right central incisor (CI) mesio-facial - FGM to sulcus base (pocket depth) (mm)","OHXPER_G","Oral Health - Periodontal",2011,2012,"Examination","None"
"OHX26CJA","Loss of Attachment:  Lower right lateral incisor (LI) mesio- lingual - FGM to CEJ measurement (mm)","OHXPER_G","Oral Health - Periodontal",2011,2012,"Examination","None"
"OHX26CJD","Loss of Attachment: Lower right lateral incisor (LI) distal - FGM to CEJ measurement (mm)","OHXPER_G","Oral Health - Periodontal",2011,2012,"Examination","None"
"OHX26CJL","Loss of Attachment:  Lower right lateral incisor (LI) mid- lingual - FGM to CEJ measurement (mm)","OHXPER_G","Oral Health - Periodontal",2011,2012,"Examination","None"
"OHX26CJM","Loss of Attachment:  Lower right lateral incisor (LI) mid-facial - FGM to sulcus base (pocket depth) (mm)","OHXPER_G","Oral Health - Periodontal",2011,2012,"Examination","None"
"OHX26CJP","Loss of Attachment: Lower right lateral incisor (LI) distal - lingual - FGM to CEJ measurement (mm)","OHXPER_G","Oral Health - Periodontal",2011,2012,"Examination","None"
"OHX26CJS","Loss of Attachment:  Lower right lateral incisor (LI) mesio-facial - FGM to CEJ measurement (mm)","OHXPER_G","Oral Health - Periodontal",2011,2012,"Examination","None"
"OHX26LAA","Loss of Attachment:  Lower right lateral incisor (LI) mesio-lingual - Calculation of:  (FGM to sulcus base measurement) - (FGM to CEJ measurement) (mm)","OHXPER_G","Oral Health - Periodontal",2011,2012,"Examination","None"
"OHX26LAD","Loss of Attachment:  Lower right lateral incisor (LI) distal - Calculation of :  (FGM to CEJ measurement) - (FGM to sulcus base measurement) (mm)","OHXPER_G","Oral Health - Periodontal",2011,2012,"Examination","None"
"OHX26LAL","Loss of Attachment:  Lower right lateral incisor (LI) mid- lingual - Calculation of:  (FGM to sulcus base measurement) - (FGM to CEJ measurement) (mm)","OHXPER_G","Oral Health - Periodontal",2011,2012,"Examination","None"
"OHX26LAM","Loss of Attachment:  Lower right lateral incisor (LI) mid-facial - Calculation of :  (FGM to sulcus base measurement) - (FGM to CEJ measurement) (mm)","OHXPER_G","Oral Health - Periodontal",2011,2012,"Examination","None"
"OHX26LAP","Loss of Attachment:  Lower right lateral incisor (LI) distal - lingual - Calculation of:  (FGM to CEJ measurement) - (FGM to sulcus base measurement) (mm)","OHXPER_G","Oral Health - Periodontal",2011,2012,"Examination","None"
"OHX26LAS","Loss of Attachment:  Lower right lateral incisor (LI) mesio-facial - Calculation of :  (FGM to sulcus base measurement) - (FGM to CEJ measurement) (mm)","OHXPER_G","Oral Health - Periodontal",2011,2012,"Examination","None"
"OHX26PCA","Loss of Attachment:  Lower right lateral incisor (LI) mesio- lingual - FGM to sulcus base (pocket depth) (mm)","OHXPER_G","Oral Health - Periodontal",2011,2012,"Examination","None"
"OHX26PCD","Loss of Attachment: Lower right lateral incisor (LI) distal - FGM to sulcus base (pocket depth) (mm)","OHXPER_G","Oral Health - Periodontal",2011,2012,"Examination","None"
"OHX26PCL","Loss of Attachment:  Lower right lateral incisor (LI) mid- lingual - FGM to sulcus base (pocket depth) (mm)","OHXPER_G","Oral Health - Periodontal",2011,2012,"Examination","None"
"OHX26PCM","Loss of Attachment:  Lower right lateral incisor (LI) mid-facial - FGM to CEJ measurement (mm)","OHXPER_G","Oral Health - Periodontal",2011,2012,"Examination","None"
"OHX26PCP","Loss of Attachment: Lower right lateral incisor (LI) distal - lingual - FGM to sulcus base (pocket depth) (mm)","OHXPER_G","Oral Health - Periodontal",2011,2012,"Examination","None"
"OHX26PCS","Loss of Attachment:  Lower right lateral incisor (LI) mesio-facial - FGM to sulcus base (pocket depth) (mm)","OHXPER_G","Oral Health - Periodontal",2011,2012,"Examination","None"
"OHX27CJA","Loss of Attachment:  Lower right cuspid (C) mesio- lingual - FGM to CEJ measurement (mm)","OHXPER_G","Oral Health - Periodontal",2011,2012,"Examination","None"
"OHX27CJD","Loss of Attachment: Lower right cuspid (C) distal - FGM to CEJ measurement (mm)","OHXPER_G","Oral Health - Periodontal",2011,2012,"Examination","None"
"OHX27CJL","Loss of Attachment:  Lower right cuspid (C) mid- lingual - FGM to CEJ measurement (mm)","OHXPER_G","Oral Health - Periodontal",2011,2012,"Examination","None"
"OHX27CJM","Loss of Attachment:  Lower right cuspid (C) mid-facial - FGM to CEJ measurement (mm)","OHXPER_G","Oral Health - Periodontal",2011,2012,"Examination","None"
"OHX27CJP","Loss of Attachment: Lower right cuspid (C) distal - lingual - FGM to CEJ measurement (mm)","OHXPER_G","Oral Health - Periodontal",2011,2012,"Examination","None"
"OHX27CJS","Loss of Attachment:  Lower right cuspid (C) mesio-facial - FGM to CEJ measurement (mm)","OHXPER_G","Oral Health - Periodontal",2011,2012,"Examination","None"
"OHX27LAA","Loss of Attachment:  Lower right cuspid (C) mesio-lingual - Calculation of:  (FGM to sulcus base measurement) - (FGM to CEJ measurement) (mm)","OHXPER_G","Oral Health - Periodontal",2011,2012,"Examination","None"
"OHX27LAD","Loss of Attachment:  Lower right cuspid (C) distal - Calculation of :  (FGM to CEJ measurement) - (FGM to sulcus base measurement) (mm)","OHXPER_G","Oral Health - Periodontal",2011,2012,"Examination","None"
"OHX27LAL","Loss of Attachment:  Lower right cuspid (C) mid- lingual - Calculation of:  (FGM to sulcus base measurement) - (FGM to CEJ measurement) (mm)","OHXPER_G","Oral Health - Periodontal",2011,2012,"Examination","None"
"OHX27LAM","Loss of Attachment:  Lower right cuspid (C) mid-facial - Calculation of :  (FGM to sulcus base measurement) - (FGM to CEJ measurement) (mm)","OHXPER_G","Oral Health - Periodontal",2011,2012,"Examination","None"
"OHX27LAP","Loss of Attachment:  Lower right cuspid (C) distal - lingual - Calculation of:  (FGM to CEJ measurement) - (FGM to sulcus base measurement) (mm)","OHXPER_G","Oral Health - Periodontal",2011,2012,"Examination","None"
"OHX27LAS","Loss of Attachment:  Lower right cuspid (C) mesio-facial - Calculation of :  (FGM to sulcus base measurement) - (FGM to CEJ measurement) (mm)","OHXPER_G","Oral Health - Periodontal",2011,2012,"Examination","None"
"OHX27PCA","Loss of Attachment:  Lower right cuspid (C) mesio- lingual - FGM to sulcus base (pocket depth) (mm)","OHXPER_G","Oral Health - Periodontal",2011,2012,"Examination","None"
"OHX27PCD","Loss of Attachment: Lower right cuspid (C) distal - FGM to sulcus base (pocket depth) (mm)","OHXPER_G","Oral Health - Periodontal",2011,2012,"Examination","None"
"OHX27PCL","Loss of Attachment:  Lower right lateral incisor (LI) mid- lingual - FGM to sulcus base (pocket depth) (mm)","OHXPER_G","Oral Health - Periodontal",2011,2012,"Examination","None"
"OHX27PCM","Loss of Attachment:  Lower right cuspid (C) mid-facial - FGM to sulcus base (pocket depth) (mm)","OHXPER_G","Oral Health - Periodontal",2011,2012,"Examination","None"
"OHX27PCP","Loss of Attachment: Lower right cuspid (C) distal - lingual - FGM to sulcus base (pocket depth) (mm)","OHXPER_G","Oral Health - Periodontal",2011,2012,"Examination","None"
"OHX27PCS","Loss of Attachment:  Lower right cuspid (C) mesio-facial - FGM to sulcus base (pocket depth) (mm)","OHXPER_G","Oral Health - Periodontal",2011,2012,"Examination","None"
"OHX28CJA","Loss of Attachment:  Lower right 1st bicuspid/1st primary molar (1B) mesio- lingual - FGM to CEJ measurement (mm)","OHXPER_G","Oral Health - Periodontal",2011,2012,"Examination","None"
"OHX28CJD","Loss of Attachment: Lower right 1st bicuspid/1st primary molar (1B) distal - FGM to CEJ measurement (mm)","OHXPER_G","Oral Health - Periodontal",2011,2012,"Examination","None"
"OHX28CJL","Loss of Attachment:  Lower right 1st bicuspid/1st primary molar (1B) mid- lingual - FGM to CEJ measurement (mm)","OHXPER_G","Oral Health - Periodontal",2011,2012,"Examination","None"
"OHX28CJM","Loss of Attachment:  Lower right 1st bicuspid/1st primary molar (1B) mid-facial - FGM to CEJ measurement (mm)","OHXPER_G","Oral Health - Periodontal",2011,2012,"Examination","None"
"OHX28CJP","Loss of Attachment: Lower right 1st bicuspid/1st primary molar (1B) distal - lingual - FGM to CEJ measurement (mm)","OHXPER_G","Oral Health - Periodontal",2011,2012,"Examination","None"
"OHX28CJS","Loss of Attachment:  Lower right 1st bicuspid/1st primary molar (1B) mesio-facial - FGM to CEJ measurement (mm)","OHXPER_G","Oral Health - Periodontal",2011,2012,"Examination","None"
"OHX28LAA","Loss of Attachment:  Lower right 1st bicuspid/1st primary molar (1B) mesio-lingual - Calculation of:  (FGM to sulcus base measurement) - (FGM to CEJ measurement) (mm)","OHXPER_G","Oral Health - Periodontal",2011,2012,"Examination","None"
"OHX28LAD","Loss of Attachment:  Lower right 1st bicuspid/1st primary molar (1B) distal - Calculation of :  (FGM to CEJ measurement) - (FGM to sulcus base measurement) (mm)","OHXPER_G","Oral Health - Periodontal",2011,2012,"Examination","None"
"OHX28LAL","Loss of Attachment:  Lower right 1st bicuspid/1st primary molar (1B) mid- lingual - Calculation of:  (FGM to sulcus base measurement) - (FGM to CEJ measurement) (mm)","OHXPER_G","Oral Health - Periodontal",2011,2012,"Examination","None"
"OHX28LAM","Loss of Attachment:  Lower right 1st bicuspid/1st primary molar (1B) mid-facial - Calculation of :  (FGM to sulcus base measurement) - (FGM to CEJ measurement) (mm)","OHXPER_G","Oral Health - Periodontal",2011,2012,"Examination","None"
"OHX28LAP","Loss of Attachment:  Lower right 1st bicuspid/1st primary molar (1B) distal - lingual - Calculation of:  (FGM to CEJ measurement) - (FGM to sulcus base measurement) (mm)","OHXPER_G","Oral Health - Periodontal",2011,2012,"Examination","None"
"OHX28LAS","Loss of Attachment:  Lower right 1st bicuspid/1st primary molar (1B) mesio-facial - Calculation of :  (FGM to sulcus base measurement) - (FGM to CEJ measurement) (mm)","OHXPER_G","Oral Health - Periodontal",2011,2012,"Examination","None"
"OHX28PCA","Loss of Attachment:  Lower right 1st bicuspid/1st primary molar (1B) mesio- lingual - FGM to sulcus base (pocket depth) (mm)","OHXPER_G","Oral Health - Periodontal",2011,2012,"Examination","None"
"OHX28PCD","Loss of Attachment: Lower right 1st bicuspid/1st primary molar (1B) distal - FGM to sulcus base (pocket depth) (mm)","OHXPER_G","Oral Health - Periodontal",2011,2012,"Examination","None"
"OHX28PCL","Loss of Attachment:  Lower right 1st bicuspid/1st primary molar (1B) mid- lingual - FGM to sulcus base (pocket depth) (mm)","OHXPER_G","Oral Health - Periodontal",2011,2012,"Examination","None"
"OHX28PCM","Loss of Attachment:  Lower right 1st bicuspid/1st primary molar (1B) mid-facial - FGM to sulcus base (pocket depth) (mm)","OHXPER_G","Oral Health - Periodontal",2011,2012,"Examination","None"
"OHX28PCP","Loss of Attachment: Lower right 1st bicuspid/1st primary molar (1B) distal - lingual - FGM to sulcus base (pocket depth) (mm)","OHXPER_G","Oral Health - Periodontal",2011,2012,"Examination","None"
"OHX28PCS","Loss of Attachment:  Lower right 1st bicuspid/1st primary molar (1B) mesio-facial - FGM to sulcus base (pocket depth) (mm)","OHXPER_G","Oral Health - Periodontal",2011,2012,"Examination","None"
"OHX29CJA","Loss of Attachment:  Lower right 2nd bicuspid/2nd primary molar (2B) mesio- lingual - FGM to CEJ measurement (mm)","OHXPER_G","Oral Health - Periodontal",2011,2012,"Examination","None"
"OHX29CJD","Loss of Attachment: Lower right 2nd bicuspid/2nd primary molar (2B) distal - FGM to CEJ measurement (mm)","OHXPER_G","Oral Health - Periodontal",2011,2012,"Examination","None"
"OHX29CJL","Loss of Attachment:  Lower right 2nd bicuspid/2nd primary molar (2B) mid- lingual - FGM to CEJ measurement (mm)","OHXPER_G","Oral Health - Periodontal",2011,2012,"Examination","None"
"OHX29CJM","Loss of Attachment:  Lower right 2nd bicuspid/2nd primary molar (2B) mid-facial - FGM to sulcus base (pocket depth) (mm)","OHXPER_G","Oral Health - Periodontal",2011,2012,"Examination","None"
"OHX29CJP","Loss of Attachment: Lower right 2nd bicuspid/2nd primary molar (2B) distal - lingual - FGM to CEJ measurement (mm)","OHXPER_G","Oral Health - Periodontal",2011,2012,"Examination","None"
"OHX29CJS","Loss of Attachment:  Lower right 2nd bicuspid/2nd primary molar (2B) mesio-facial - FGM to CEJ measurement (mm)","OHXPER_G","Oral Health - Periodontal",2011,2012,"Examination","None"
"OHX29LAA","Loss of Attachment:  Lower right 2nd bicuspid/2nd primary molar (2B) mesio-lingual - Calculation of:  (FGM to sulcus base measurement) - (FGM to CEJ measurement) (mm)","OHXPER_G","Oral Health - Periodontal",2011,2012,"Examination","None"
"OHX29LAD","Loss of Attachment:  Lower right 2nd bicuspid/2nd primary molar (2B) distal - Calculation of :  (FGM to CEJ measurement) - (FGM to sulcus base measurement) (mm)","OHXPER_G","Oral Health - Periodontal",2011,2012,"Examination","None"
"OHX29LAL","Loss of Attachment:  Lower right 2nd bicuspid/2nd primary molar (2B) mid- lingual - Calculation of:  (FGM to sulcus base measurement) - (FGM to CEJ measurement) (mm)","OHXPER_G","Oral Health - Periodontal",2011,2012,"Examination","None"
"OHX29LAM","Loss of Attachment:  Lower right 2nd bicuspid/2nd primary molar (2B) mid-facial - Calculation of :  (FGM to sulcus base measurement) - (FGM to CEJ measurement) (mm)","OHXPER_G","Oral Health - Periodontal",2011,2012,"Examination","None"
"OHX29LAP","Loss of Attachment:  Lower right 2nd bicuspid/2nd primary molar (2B) distal - lingual - Calculation of:  (FGM to CEJ measurement) - (FGM to sulcus base measurement) (mm)","OHXPER_G","Oral Health - Periodontal",2011,2012,"Examination","None"
"OHX29LAS","Loss of Attachment:  Lower right 2nd bicuspid/2nd primary molar (2B) mesio-facial - Calculation of :  (FGM to sulcus base measurement) - (FGM to CEJ measurement) (mm)","OHXPER_G","Oral Health - Periodontal",2011,2012,"Examination","None"
"OHX29PCA","Loss of Attachment:  Lower right 2nd bicuspid/2nd primary molar (2B) mesio- lingual - FGM to sulcus base (pocket depth) (mm)","OHXPER_G","Oral Health - Periodontal",2011,2012,"Examination","None"
"OHX29PCD","Loss of Attachment: Lower right 2nd bicuspid/2nd primary molar (2B) distal - FGM to sulcus base (pocket depth) (mm)","OHXPER_G","Oral Health - Periodontal",2011,2012,"Examination","None"
"OHX29PCL","Loss of Attachment:  Lower right 2nd bicuspid/2nd primary molar (2B) mid- lingual - FGM to sulcus base (pocket depth) (mm)","OHXPER_G","Oral Health - Periodontal",2011,2012,"Examination","None"
"OHX29PCM","Loss of Attachment:  Lower right 2nd bicuspid/2nd primary molar (2B) mid-facial - FGM to CEJ measurement (mm)","OHXPER_G","Oral Health - Periodontal",2011,2012,"Examination","None"
"OHX29PCP","Loss of Attachment: Lower right 2nd bicuspid/2nd primary molar (2B) distal - lingual - FGM to sulcus base (pocket depth) (mm)","OHXPER_G","Oral Health - Periodontal",2011,2012,"Examination","None"
"OHX29PCS","Loss of Attachment:  Lower right 2nd bicuspid/2nd primary molar (2B) mesio-facial - FGM to sulcus base (pocket depth) (mm)","OHXPER_G","Oral Health - Periodontal",2011,2012,"Examination","None"
"OHX30CJA","Loss of Attachment:  Lower right 1st molar (1M) mesio- lingual - FGM to CEJ measurement (mm)","OHXPER_G","Oral Health - Periodontal",2011,2012,"Examination","None"
"OHX30CJD","Loss of Attachment: Lower right 1st molar (1M) distal - FGM to CEJ measurement (mm)","OHXPER_G","Oral Health - Periodontal",2011,2012,"Examination","None"
"OHX30CJL","Loss of Attachment:  Lower right 1st molar (1M) mid- lingual - FGM to sulcus base (pocket depth) (mm)","OHXPER_G","Oral Health - Periodontal",2011,2012,"Examination","None"
"OHX30CJM","Loss of Attachment:  Lower right 1st molar (1M) mid-facial - FGM to CEJ measurement (mm)","OHXPER_G","Oral Health - Periodontal",2011,2012,"Examination","None"
"OHX30CJP","Loss of Attachment: Lower right 1st molar (1M) distal - lingual - FGM to CEJ measurement (mm)","OHXPER_G","Oral Health - Periodontal",2011,2012,"Examination","None"
"OHX30CJS","Loss of Attachment:  Lower right 1st molar (1M) mesio-facial - FGM to CEJ measurement (mm)","OHXPER_G","Oral Health - Periodontal",2011,2012,"Examination","None"
"OHX30LAA","Loss of Attachment:  Lower right 1st molar (1M) mesio-lingual - Calculation of:  (FGM to sulcus base measurement) - (FGM to CEJ measurement) (mm)","OHXPER_G","Oral Health - Periodontal",2011,2012,"Examination","None"
"OHX30LAD","Loss of Attachment:  Lower right 1st molar (1M) distal - Calculation of :  (FGM to CEJ measurement) - (FGM to sulcus base measurement) (mm)","OHXPER_G","Oral Health - Periodontal",2011,2012,"Examination","None"
"OHX30LAL","Loss of Attachment:  Lower right 1st molar (1M) mid- lingual - LCalculation of:  (FGM to sulcus base measurement) - (FGM to CEJ measurement) (mm)","OHXPER_G","Oral Health - Periodontal",2011,2012,"Examination","None"
"OHX30LAM","Loss of Attachment:  Lower right 1st molar (1M) mid-facial - LCalculation of :  (FGM to sulcus base measurement) - (FGM to CEJ measurement) (mm)","OHXPER_G","Oral Health - Periodontal",2011,2012,"Examination","None"
"OHX30LAP","Loss of Attachment:  Lower right 1st molar (1M) distal - lingual - Calculation of:  (FGM to CEJ measurement) - (FGM to sulcus base measurement) (mm)","OHXPER_G","Oral Health - Periodontal",2011,2012,"Examination","None"
"OHX30LAS","Loss of Attachment:  Lower right 1st molar (1M) mesio-facial - Calculation of :  (FGM to sulcus base measurement) - (FGM to CEJ measurement) (mm)","OHXPER_G","Oral Health - Periodontal",2011,2012,"Examination","None"
"OHX30PCA","Loss of Attachment:  Lower right 1st molar (1M) mesio- lingual - FGM to sulcus base (pocket depth) (mm)","OHXPER_G","Oral Health - Periodontal",2011,2012,"Examination","None"
"OHX30PCD","Loss of Attachment: Lower right 1st molar (1M) distal - FGM to sulcus base (pocket depth) (mm)","OHXPER_G","Oral Health - Periodontal",2011,2012,"Examination","None"
"OHX30PCL","Loss of Attachment:  Lower right 1st molar (1M) mid- lingual - FGM to sulcus base (pocket depth) (mm)","OHXPER_G","Oral Health - Periodontal",2011,2012,"Examination","None"
"OHX30PCM","Loss of Attachment:  Lower right 1st molar (1M) mid-facial - FGM to sulcus base (pocket depth) (mm)","OHXPER_G","Oral Health - Periodontal",2011,2012,"Examination","None"
"OHX30PCP","Loss of Attachment: Lower right 1st molar (1M) distal - lingual - FGM to sulcus base (pocket depth) (mm)","OHXPER_G","Oral Health - Periodontal",2011,2012,"Examination","None"
"OHX30PCS","Loss of Attachment:  Lower right 1st molar (1M) mesio-facial - FGM to sulcus base (pocket depth) (mm)","OHXPER_G","Oral Health - Periodontal",2011,2012,"Examination","None"
"OHX31CJA","Loss of Attachment:  Lower right 2nd molar (2M) mesio- lingual - FGM to CEJ measurement (mm)","OHXPER_G","Oral Health - Periodontal",2011,2012,"Examination","None"
"OHX31CJD","Loss of Attachment: Lower right 2nd molar (2M) distal - FGM to CEJ measurement (mm)","OHXPER_G","Oral Health - Periodontal",2011,2012,"Examination","None"
"OHX31CJL","Loss of Attachment:  Lower right 2nd molar (2M) mid- lingual - FGM to CEJ measurement (mm)","OHXPER_G","Oral Health - Periodontal",2011,2012,"Examination","None"
"OHX31CJM","Loss of Attachment:  Lower right 2nd molar (2M) mid-facial - FGM to CEJ measurement (mm)","OHXPER_G","Oral Health - Periodontal",2011,2012,"Examination","None"
"OHX31CJP","Loss of Attachment: Lower right 2nd molar (2M) distal - lingual - FGM to CEJ measurement (mm)","OHXPER_G","Oral Health - Periodontal",2011,2012,"Examination","None"
"OHX31CJS","Loss of Attachment:  Lower right 2nd molar (2M) mesio-facial - FGM to CEJ measurement (mm)","OHXPER_G","Oral Health - Periodontal",2011,2012,"Examination","None"
"OHX31LAA","Loss of Attachment:  Lower right 2nd molar (2M) mesio-lingual - Calculation of:  (FGM to sulcus base measurement) - (FGM to CEJ measurement) (mm)","OHXPER_G","Oral Health - Periodontal",2011,2012,"Examination","None"
"OHX31LAD","Loss of Attachment:  Lower right 2nd molar (2M) distal - Calculation of :  (FGM to CEJ measurement) - (FGM to sulcus base measurement) (mm)","OHXPER_G","Oral Health - Periodontal",2011,2012,"Examination","None"
"OHX31LAL","Loss of Attachment:  Lower right 2nd molar (2M) mid- lingual - Calculation of:  (FGM to sulcus base measurement) - (FGM to CEJ measurement) (mm)","OHXPER_G","Oral Health - Periodontal",2011,2012,"Examination","None"
"OHX31LAM","Loss of Attachment:  Lower right 2nd molar (2M) mid-facial - Calculation of :  (FGM to sulcus base measurement) - (FGM to CEJ measurement) (mm)","OHXPER_G","Oral Health - Periodontal",2011,2012,"Examination","None"
"OHX31LAP","Loss of Attachment:  Lower right 2nd molar (2M) distal - lingual - Calculation of:  (FGM to CEJ measurement) - (FGM to sulcus base measurement) (mm)","OHXPER_G","Oral Health - Periodontal",2011,2012,"Examination","None"
"OHX31LAS","Loss of Attachment:  Lower right 2nd molar (2M) mesio-facial - Calculation of :  (FGM to sulcus base measurement) - (FGM to CEJ measurement) (mm)","OHXPER_G","Oral Health - Periodontal",2011,2012,"Examination","None"
"OHX31PCA","Loss of Attachment:  Lower right 2nd molar (2M) mesio- lingual - FGM to sulcus base (pocket depth) (mm)","OHXPER_G","Oral Health - Periodontal",2011,2012,"Examination","None"
"OHX31PCD","Loss of Attachment: Lower right 2nd molar (2M) distal - FGM to sulcus base (pocket depth) (mm)","OHXPER_G","Oral Health - Periodontal",2011,2012,"Examination","None"
"OHX31PCL","Loss of Attachment:  Lower right 2nd molar (2M) mid- lingual - FGM to sulcus base (pocket depth) (mm)","OHXPER_G","Oral Health - Periodontal",2011,2012,"Examination","None"
"OHX31PCM","Loss of Attachment:  Lower right 2nd molar (2M) mid-facial - FGM to sulcus base (pocket depth) (mm)","OHXPER_G","Oral Health - Periodontal",2011,2012,"Examination","None"
"OHX31PCP","Loss of Attachment: Lower right 2nd molar (2M) distal - lingual - FGM to sulcus base (pocket depth) (mm)","OHXPER_G","Oral Health - Periodontal",2011,2012,"Examination","None"
"OHX31PCS","Loss of Attachment:  Lower right 2nd molar (2M) mesio-facial - FGM to sulcus base (pocket depth) (mm)","OHXPER_G","Oral Health - Periodontal",2011,2012,"Examination","None"
"OHDDESTS","Dentition Status Code","OHXDEN_G","Oral Health - Dentition",2011,2012,"Examination","None"
"OHX01TC","Tooth Count:  Upper right 3rd molar (3M)","OHXDEN_G","Oral Health - Dentition",2011,2012,"Examination","None"
"OHX02CSC","Coronal Caries:  Upper right 2nd molar (2M) surface calls.
These values can be recorded as a string variable, for example:""0"", ""13"", ""468"".","OHXDEN_G","Oral Health - Dentition",2011,2012,"Examination","None"
"OHX02CTC","Coronal Caries:  Upper right 2nd molar (2M) tooth code","OHXDEN_G","Oral Health - Dentition",2011,2012,"Examination","None"
"OHX02SE","Dental Sealants:  Upper right 2nd molar (2M) sealant codes.
These values can be recorded as a string variable, for example:""0"", ""12"", ""13"".","OHXDEN_G","Oral Health - Dentition",2011,2012,"Examination","None"
"OHX02TC","Tooth Count:  Upper right 2nd molar (2M)","OHXDEN_G","Oral Health - Dentition",2011,2012,"Examination","None"
"OHX03CSC","Coronal Caries:  Upper right 1st molar (1M) surface calls.These values can be recorded as a string variable, for example:""0"", ""13"", ""468"".","OHXDEN_G","Oral Health - Dentition",2011,2012,"Examination","None"
"OHX03CTC","Coronal Caries:  Upper right 1st molar (1M) tooth code","OHXDEN_G","Oral Health - Dentition",2011,2012,"Examination","None"
"OHX03SE","Dental Sealants:  Upper right 1st molar (1M) sealant codes.
These values can be recorded as a string variable, for example:""0"", ""12"", ""13"".","OHXDEN_G","Oral Health - Dentition",2011,2012,"Examination","None"
"OHX03TC","Tooth Count:  Upper right 1st molar (1M)","OHXDEN_G","Oral Health - Dentition",2011,2012,"Examination","None"
"OHX04CSC","Coronal Caries:  Upper right 2nd bicuspid/2nd primary molar (2B) surface calls.These values can be recorded as a string variable, for example:""0"", ""13"", ""468"".","OHXDEN_G","Oral Health - Dentition",2011,2012,"Examination","None"
"OHX04CTC","Coronal Caries:  Upper right 2nd bicuspid/2nd primary molar (2B) tooth code","OHXDEN_G","Oral Health - Dentition",2011,2012,"Examination","None"
"OHX04SE","Dental Sealants:  Upper right 2nd biscuspid/2nd primary molar (2B) sealant codes.
These values can be recorded as a string variable, for example:""0"", ""12"", ""13"".","OHXDEN_G","Oral Health - Dentition",2011,2012,"Examination","None"
"OHX04TC","Tooth Count:  Upper right 2nd bicuspid/2nd primary molar (2B)","OHXDEN_G","Oral Health - Dentition",2011,2012,"Examination","None"
"OHX05CSC","Coronal Caries:  Upper right 1st biscuspid/1st primary molar (1B) surface calls.These values can be recorded as a string variable, for example:""0"", ""13"", ""468"".","OHXDEN_G","Oral Health - Dentition",2011,2012,"Examination","None"
"OHX05CTC","Coronal Caries:  Upper right 1st bicuspid/1st primary molar (1B) tooth code","OHXDEN_G","Oral Health - Dentition",2011,2012,"Examination","None"
"OHX05SE","Dental Sealants:  Upper right 1st biscuspid/1st primary molar (1B) sealant codes.
These values can be recorded as a string variable, for example:""0"", ""12"", ""13"".","OHXDEN_G","Oral Health - Dentition",2011,2012,"Examination","None"
"OHX05TC","Tooth Count:  Upper right 1st bicuspid/1st primary molar (1B)","OHXDEN_G","Oral Health - Dentition",2011,2012,"Examination","None"
"OHX06CSC","Coronal Caries:  Upper right cuspid (C) surface calls.These values can be recorded as a string variable, for example:""0"", ""13"", ""468"".","OHXDEN_G","Oral Health - Dentition",2011,2012,"Examination","None"
"OHX06CTC","Coronal Caries:  Upper right cuspid (C) tooth code","OHXDEN_G","Oral Health - Dentition",2011,2012,"Examination","None"
"OHX06TC","Tooth Count:  Upper right cuspid (C)","OHXDEN_G","Oral Health - Dentition",2011,2012,"Examination","None"
"OHX07CSC","Coronal Caries:  Upper right lateral incisor (LI) surface calls.These values can be recorded as a string variable, for example:""0"", ""13"", ""468"".","OHXDEN_G","Oral Health - Dentition",2011,2012,"Examination","None"
"OHX07CTC","Coronal Caries:  Upper right lateral incisor (LI) tooth code","OHXDEN_G","Oral Health - Dentition",2011,2012,"Examination","None"
"OHX07SE","Dental Sealants:  Upper right lateral incisor (LI) sealant codes.
These values can be recorded as a string variable, for example:""0"", ""12"", ""13"".","OHXDEN_G","Oral Health - Dentition",2011,2012,"Examination","None"
"OHX07TC","Tooth Count:  Upper right lateral incisor (LI)","OHXDEN_G","Oral Health - Dentition",2011,2012,"Examination","None"
"OHX08CSC","Coronal Caries:  Upper right central incisor (CI) surface calls.These values can be recorded as a string variable, for example:""0"", ""13"", ""468"".","OHXDEN_G","Oral Health - Dentition",2011,2012,"Examination","None"
"OHX08CTC","Coronal Caries:  Upper right central incisor (CI) tooth code","OHXDEN_G","Oral Health - Dentition",2011,2012,"Examination","None"
"OHX08TC","Tooth Count:  Upper right central incisor (CI)","OHXDEN_G","Oral Health - Dentition",2011,2012,"Examination","None"
"OHX09CSC","Coronal Caries:  Upper left central incisor (CI) surface calls.These values can be recorded as a string variable, for example:""0"", ""13"", ""468"".","OHXDEN_G","Oral Health - Dentition",2011,2012,"Examination","None"
"OHX09CTC","Coronal Caries:  Upper left central incisor (CI) tooth code","OHXDEN_G","Oral Health - Dentition",2011,2012,"Examination","None"
"OHX09TC","Tooth Count:  Upper left central incisor (CI)","OHXDEN_G","Oral Health - Dentition",2011,2012,"Examination","None"
"OHX10CSC","Coronal Caries:  Upper left lateral incisor (LI) surface calls.These values can be recorded as a string variable, for example:""0"", ""13"", ""468"".","OHXDEN_G","Oral Health - Dentition",2011,2012,"Examination","None"
"OHX10CTC","Coronal Caries:  Upper left lateral incisor (LI) tooth code","OHXDEN_G","Oral Health - Dentition",2011,2012,"Examination","None"
"OHX10SE","Dental Sealants:  Upper left lateral incisor (LI) sealant codes.
These values can be recorded as a string variable, for example:""0"", ""12"", ""13"".","OHXDEN_G","Oral Health - Dentition",2011,2012,"Examination","None"
"OHX10TC","Tooth Count:  Upper left lateral incisor (LI)","OHXDEN_G","Oral Health - Dentition",2011,2012,"Examination","None"
"OHX11CSC","Coronal Caries:  Upper left cuspid (C) surface calls.These values can be recorded as a string variable, for example:""0"", ""13"", ""468"".","OHXDEN_G","Oral Health - Dentition",2011,2012,"Examination","None"
"OHX11CTC","Coronal Caries:  Upper left cuspid (C) tooth code","OHXDEN_G","Oral Health - Dentition",2011,2012,"Examination","None"
"OHX11TC","Tooth Count:  Upper left cuspid (C)","OHXDEN_G","Oral Health - Dentition",2011,2012,"Examination","None"
"OHX12CSC","Coronal Caries:  Upper left 1st bicuspid/1st primary molar (1B) surface calls.These values can be recorded as a string variable, for example:""0"", ""13"", ""468"".","OHXDEN_G","Oral Health - Dentition",2011,2012,"Examination","None"
"OHX12CTC","Coronal Caries:  Upper left 1st bicuspid/1st primary molar (1B) tooth code","OHXDEN_G","Oral Health - Dentition",2011,2012,"Examination","None"
"OHX12SE","Dental Sealants:  Upper left 1st biscuspid/1st primary molar (1B) sealant codes.
These values can be recorded as a string variable, for example:""0"", ""12"", ""13"".","OHXDEN_G","Oral Health - Dentition",2011,2012,"Examination","None"
"OHX12TC","Tooth Count:  Upper left 1st bicuspid/1st primary molar (1B)","OHXDEN_G","Oral Health - Dentition",2011,2012,"Examination","None"
"OHX13CSC","Coronal Caries:  Upper left 2nd bicuspid/2nd primary molar (2B) surface calls.These values can be recorded as a string variable, for example:""0"", ""13"", ""468"".","OHXDEN_G","Oral Health - Dentition",2011,2012,"Examination","None"
"OHX13CTC","Coronal Caries: Upper left 2nd bicuspid/2nd primary molar (2B) tooth code","OHXDEN_G","Oral Health - Dentition",2011,2012,"Examination","None"
"OHX13SE","Dental Sealants:  Upper left 2nd bicuspid/2nd primary molar (2B) sealant codes.
These values can be recorded as a string variable, for example:""0"", ""12"", ""13"".","OHXDEN_G","Oral Health - Dentition",2011,2012,"Examination","None"
"OHX13TC","Tooth Count:  Upper left 2nd bicuspid/2nd primary molar (2B)","OHXDEN_G","Oral Health - Dentition",2011,2012,"Examination","None"
"OHX14CSC","Coronal Caries:  Upper left 1st molar (1M) surface calls.These values can be recorded as a string variable, for example:""0"", ""13"", ""468"".","OHXDEN_G","Oral Health - Dentition",2011,2012,"Examination","None"
"OHX14CTC","Coronal Caries:  Upper left 1st molar (1M) tooth code","OHXDEN_G","Oral Health - Dentition",2011,2012,"Examination","None"
"OHX14SE","Dental Sealants:  Upper left 1st molar (1M) sealant codes.
These values can be recorded as a string variable, for example:""0"", ""12"", ""13"".","OHXDEN_G","Oral Health - Dentition",2011,2012,"Examination","None"
"OHX14TC","Tooth Count:  Upper left 1st molar (1M)","OHXDEN_G","Oral Health - Dentition",2011,2012,"Examination","None"
"OHX15CSC","Coronal Caries:  Upper left 2nd molar (2M) surface calls.These values can be recorded as a string variable, for example:""0"", ""13"", ""468"".","OHXDEN_G","Oral Health - Dentition",2011,2012,"Examination","None"
"OHX15CTC","Coronal Caries: Upper left 2nd molar (2M) tooth code","OHXDEN_G","Oral Health - Dentition",2011,2012,"Examination","None"
"OHX15SE","Dental Sealants:  Upper left 2nd molar (2M) sealant codes.
These values can be recorded as a string variable, for example:""0"", ""12"", ""13"".","OHXDEN_G","Oral Health - Dentition",2011,2012,"Examination","None"
"OHX15TC","Tooth Count:  Upper left 2nd molar (2M)","OHXDEN_G","Oral Health - Dentition",2011,2012,"Examination","None"
"OHX16TC","Tooth Count:  Upper left 3rd molar (3M)","OHXDEN_G","Oral Health - Dentition",2011,2012,"Examination","None"
"OHX17TC","Tooth Count:  Lower left 3rd molar (3M)","OHXDEN_G","Oral Health - Dentition",2011,2012,"Examination","None"
"OHX18CSC","Coronal Caries:  Lower left 2nd molar (2M) surface calls.These values can be recorded as a string variable, for example:""0"", ""13"", ""468"".","OHXDEN_G","Oral Health - Dentition",2011,2012,"Examination","None"
"OHX18CTC","Coronal Caries:  Lower left 2nd molar (2M) tooth code","OHXDEN_G","Oral Health - Dentition",2011,2012,"Examination","None"
"OHX18SE","Dental Sealants:  Lower left 2nd molar (2M) sealant codes.
These values can be recorded as a string variable, for example:""0"", ""12"", ""13"".","OHXDEN_G","Oral Health - Dentition",2011,2012,"Examination","None"
"OHX18TC","Tooth Count:  Lower left 2nd molar (2M)","OHXDEN_G","Oral Health - Dentition",2011,2012,"Examination","None"
"OHX19CSC","Coronal Caries:  Lower left 1st molar (1M) surface calls.These values can be recorded as a string variable, for example:""0"", ""13"", ""468"".","OHXDEN_G","Oral Health - Dentition",2011,2012,"Examination","None"
"OHX19CTC","Coronal Caries:  Lower left 1st molar (1M) tooth code","OHXDEN_G","Oral Health - Dentition",2011,2012,"Examination","None"
"OHX19SE","Dental Sealants:  Lower left 1st molar (1M) sealant codes.
These values can be recorded as a string variable, for example:""0"", ""12"", ""13"".","OHXDEN_G","Oral Health - Dentition",2011,2012,"Examination","None"
"OHX19TC","Tooth Count:  Lower left 1st molar (1M)","OHXDEN_G","Oral Health - Dentition",2011,2012,"Examination","None"
"OHX20CSC","Coronal Caries:  Lower left 2nd bicuspid/2nd primary molar (2B) surface calls.These values can be recorded as a string variable, for example:""0"", ""13"", ""468"".","OHXDEN_G","Oral Health - Dentition",2011,2012,"Examination","None"
"OHX20CTC","Coronal Caries:  Lower left 2nd bicuspid/2nd primary molar (2B) tooth code","OHXDEN_G","Oral Health - Dentition",2011,2012,"Examination","None"
"OHX20SE","Dental Sealants:  Lower left 2nd bicuspid/2nd primary molar (2B) sealant codes.
These values can be recorded as a string variable, for example:""0"", ""12"", ""13"".","OHXDEN_G","Oral Health - Dentition",2011,2012,"Examination","None"
"OHX20TC","Tooth Count:  Lower left 2nd bicuspid/2nd primary molar (2B)","OHXDEN_G","Oral Health - Dentition",2011,2012,"Examination","None"
"OHX21CSC","Coronal Caries:  Lower left 1st bicuspid/1st primary molar (1B) surface calls.These values can be recorded as a string variable, for example:""0"", ""13"", ""468"".","OHXDEN_G","Oral Health - Dentition",2011,2012,"Examination","None"
"OHX21CTC","Coronal Caries:  Lower left 1st bicuspid/1st primary molar (1B) tooth code","OHXDEN_G","Oral Health - Dentition",2011,2012,"Examination","None"
"OHX21SE","Dental Sealants:  Lower left 1st bicuspid/1st primary molar (1B) sealant codes.
These values can be recorded as a string variable, for example:""0"", ""12"", ""13"".","OHXDEN_G","Oral Health - Dentition",2011,2012,"Examination","None"
"OHX21TC","Tooth Count:  Lower left 1st bicuspid/1st primary molar (1B)","OHXDEN_G","Oral Health - Dentition",2011,2012,"Examination","None"
"OHX22CSC","Coronal Caries:  Lower left cuspid (C) surface calls.These values can be recorded as a string variable, for example:""0"", ""13"", ""468"".","OHXDEN_G","Oral Health - Dentition",2011,2012,"Examination","None"
"OHX22CTC","Coronal Caries:  Lower left cuspid (C) tooth code","OHXDEN_G","Oral Health - Dentition",2011,2012,"Examination","None"
"OHX22TC","Tooth Count:  Lower left cuspid (C)","OHXDEN_G","Oral Health - Dentition",2011,2012,"Examination","None"
"OHX23CSC","Coronal Caries:  Lower left lateral incisor (LI) surface calls.These values can be recorded as a string variable, for example:""0"", ""13"", ""468"".","OHXDEN_G","Oral Health - Dentition",2011,2012,"Examination","None"
"OHX23CTC","Coronal Caries:  Lower left lateral incisor (LI) tooth code","OHXDEN_G","Oral Health - Dentition",2011,2012,"Examination","None"
"OHX23TC","Tooth Count:  Lower left lateral incisor (LI)","OHXDEN_G","Oral Health - Dentition",2011,2012,"Examination","None"
"OHX24CSC","Coronal Caries:  Lower left central incisor (CI) surface calls.These values can be recorded as a string variable, for example:""0"", ""13"", ""468"".","OHXDEN_G","Oral Health - Dentition",2011,2012,"Examination","None"
"OHX24CTC","Coronal Caries:  Lower left central incisor (CI) tooth code","OHXDEN_G","Oral Health - Dentition",2011,2012,"Examination","None"
"OHX24TC","Tooth Count:  Lower left central incisor (CI)","OHXDEN_G","Oral Health - Dentition",2011,2012,"Examination","None"
"OHX25CSC","Coronal Caries:  Lower right central incisor (CI) surface calls.These values can be recorded as a string variable, for example:""0"", ""13"", ""468"".","OHXDEN_G","Oral Health - Dentition",2011,2012,"Examination","None"
"OHX25CTC","Coronal Caries:  Lower right central incisor (CI) tooth code","OHXDEN_G","Oral Health - Dentition",2011,2012,"Examination","None"
"OHX25TC","Tooth Count:  Lower right central incisor (CI)","OHXDEN_G","Oral Health - Dentition",2011,2012,"Examination","None"
"OHX26CSC","Coronal Caries:  Lower right lateral incisor (LI) surface calls.These values can be recorded as a string variable, for example:""0"", ""13"", ""468"".","OHXDEN_G","Oral Health - Dentition",2011,2012,"Examination","None"
"OHX26CTC","Coronal Caries:  Lower right lateral incisor (LI) tooth code","OHXDEN_G","Oral Health - Dentition",2011,2012,"Examination","None"
"OHX26TC","Tooth Count:  Lower right lateral incisor (LI)","OHXDEN_G","Oral Health - Dentition",2011,2012,"Examination","None"
"OHX27CSC","Coronal Caries:  Lower right cuspid (C) surface calls.These values can be recorded as a string variable, for example:""0"", ""13"", ""468"".","OHXDEN_G","Oral Health - Dentition",2011,2012,"Examination","None"
"OHX27CTC","Coronal Caries:  Lower right cuspid (C) tooth code","OHXDEN_G","Oral Health - Dentition",2011,2012,"Examination","None"
"OHX27TC","Tooth Count:  Lower right cuspid (C)","OHXDEN_G","Oral Health - Dentition",2011,2012,"Examination","None"
"OHX28CSC","Coronal Caries:  Lower right 1st bicuspid/1st primary molar (1B) surface calls.These values can be recorded as a string variable, for example:""0"", ""13"", ""468"".","OHXDEN_G","Oral Health - Dentition",2011,2012,"Examination","None"
"OHX28CTC","Coronal Caries:  Lower right 1st bicuspid/1st primary molar (1B) tooth code","OHXDEN_G","Oral Health - Dentition",2011,2012,"Examination","None"
"OHX28SE","Dental Sealants:  Lower right 1st bicuspid/1st primary molar (1B) sealant codes.
These values can be recorded as a string variable, for example:""0"", ""12"", ""13"".","OHXDEN_G","Oral Health - Dentition",2011,2012,"Examination","None"
"OHX28TC","Tooth Count:  Lower right 1st bicuspid/1st primary molar (1B)","OHXDEN_G","Oral Health - Dentition",2011,2012,"Examination","None"
"OHX29CSC","Coronal Caries:  Lower right 2nd bicuspid/2nd primary molar (2B) surface calls.These values can be recorded as a string variable, for example:""0"", ""13"", ""468"".","OHXDEN_G","Oral Health - Dentition",2011,2012,"Examination","None"
"OHX29CTC","Coronal Caries:  Lower right 2nd bicuspid/2nd primary molar (2B) tooth code","OHXDEN_G","Oral Health - Dentition",2011,2012,"Examination","None"
"OHX29SE","Dental Sealants:  Lower right 2nd bicuspid/2nd primary molar (2B) sealant codes.
These values can be recorded as a string variable, for example:""0"", ""12"", ""13"".","OHXDEN_G","Oral Health - Dentition",2011,2012,"Examination","None"
"OHX29TC","Tooth Count:  Lower right 2nd bicuspid/2nd primary molar (2B)","OHXDEN_G","Oral Health - Dentition",2011,2012,"Examination","None"
"OHX30CSC","Coronal Caries:  Lower right 1st molar (1M) surface calls.These values can be recorded as a string variable, for example:""0"", ""13"", ""468"".","OHXDEN_G","Oral Health - Dentition",2011,2012,"Examination","None"
"OHX30CTC","Coronal Caries:  Lower right 1st molar (1M) tooth code","OHXDEN_G","Oral Health - Dentition",2011,2012,"Examination","None"
"OHX30SE","Dental Sealants:  Lower right 1st molar (1M) sealant codes.
These values can be recorded as a string variable, for example:""0"", ""12"", ""13"".","OHXDEN_G","Oral Health - Dentition",2011,2012,"Examination","None"
"OHX30TC","Tooth Count:  Lower right 1st molar (1M)","OHXDEN_G","Oral Health - Dentition",2011,2012,"Examination","None"
"OHX31CSC","Coronal Caries:  Lower right 2nd molar (2M) surface calls.These values can be recorded as a string variable, for example:""0"", ""13"", ""468"".","OHXDEN_G","Oral Health - Dentition",2011,2012,"Examination","None"
"OHX31CTC","Coronal Caries:  Lower right 2nd molar (2M) tooth code","OHXDEN_G","Oral Health - Dentition",2011,2012,"Examination","None"
"OHX31SE","Dental Sealants:  Lower right 2nd molar (2M) sealant codes.
These values can be recorded as a string variable, for example:""0"", ""12"", ""13"".","OHXDEN_G","Oral Health - Dentition",2011,2012,"Examination","None"
"OHX31TC","Tooth Count:  Lower right 2nd molar (2M)","OHXDEN_G","Oral Health - Dentition",2011,2012,"Examination","None"
"OHX32TC","Tooth Count:  Lower right 3rd molar (3M)","OHXDEN_G","Oral Health - Dentition",2011,2012,"Examination","None"
"OHXIMP","Tooth Count:  Ever had a tooth replaced with a surgical implant?","OHXDEN_G","Oral Health - Dentition",2011,2012,"Examination","None"
"AIALANGA","Language of the MEC ACASI Interview Instrument","DEMO_G","Demographic Variables & Sample Weights",2011,2012,"Demographics","None"
"DMDBORN4","In what country {were you/was SP} born?","DEMO_G","Demographic Variables & Sample Weights",2011,2012,"Demographics","None"
"DMDCITZN","{Are you/Is SP} a citizen of the United States? [Information about citizenship is being collected by the U.S. Public Health Service to perform health related research. Providing this information is voluntary and is collected under the authority of the Public Health Service Act. There will be no effect on pending immigration or citizenship petitions.]","DEMO_G","Demographic Variables & Sample Weights",2011,2012,"Demographics","None"
"DMDEDUC2","What is the highest grade or level of school {you have/SP has} completed or the highest degree {you have/s/he has} received?","DEMO_G","Demographic Variables & Sample Weights",2011,2012,"Demographics","None"
"DMDEDUC3","What is the highest grade or level of school {you have/SP has} completed or the highest degree {you have/s/he has} received?","DEMO_G","Demographic Variables & Sample Weights",2011,2012,"Demographics","None"
"DMDFMSIZ","Total number of people in the Family","DEMO_G","Demographic Variables & Sample Weights",2011,2012,"Demographics","None"
"DMDHHSIZ","Total number of people in the Household","DEMO_G","Demographic Variables & Sample Weights",2011,2012,"Demographics","None"
"DMDHHSZA","Number of children aged 5 years or younger in the household","DEMO_G","Demographic Variables & Sample Weights",2011,2012,"Demographics","None"
"DMDHHSZB","Number of children aged 6-17 years old in the household","DEMO_G","Demographic Variables & Sample Weights",2011,2012,"Demographics","None"
"DMDHHSZE","Number of adults aged 60 years or older in the household","DEMO_G","Demographic Variables & Sample Weights",2011,2012,"Demographics","None"
"DMDHRAGE","HH reference person's age in years","DEMO_G","Demographic Variables & Sample Weights",2011,2012,"Demographics","None"
"DMDHRBR4","HH reference person's country of birth","DEMO_G","Demographic Variables & Sample Weights",2011,2012,"Demographics","None"
"DMDHREDU","HH reference person's education level","DEMO_G","Demographic Variables & Sample Weights",2011,2012,"Demographics","None"
"DMDHRGND","HH reference person's gender","DEMO_G","Demographic Variables & Sample Weights",2011,2012,"Demographics","None"
"DMDHRMAR","HH reference person's marital status","DEMO_G","Demographic Variables & Sample Weights",2011,2012,"Demographics","None"
"DMDHSEDU","HH reference person's spouse's education level","DEMO_G","Demographic Variables & Sample Weights",2011,2012,"Demographics","None"
"DMDMARTL","Marital status","DEMO_G","Demographic Variables & Sample Weights",2011,2012,"Demographics","None"
"DMDYRSUS","Length of time the participant has been in the US.","DEMO_G","Demographic Variables & Sample Weights",2011,2012,"Demographics","None"
"DMQADFC","Did {you/SP} ever serve in a foreign country during a time of armed conflict or on a humanitarian or peace-keeping mission? (This would include National Guard or reserve or active duty monitoring or conducting peace keeping operations in Bosnia and Kosovo, in the Sinai between Egypt and Israel, or in response to the 2004 tsunami or Haiti in 2010.)","DEMO_G","Demographic Variables & Sample Weights",2011,2012,"Demographics","None"
"DMQMILIZ","{Have you/Has SP} ever served on active duty in the U.S. Armed Forces, military Reserves, or National Guard? (Active duty does not include training for the Reserves or National Guard, but does include activation, for service in the U.S. or in a foreign country, in support of military or humanitarian operations.)","DEMO_G","Demographic Variables & Sample Weights",2011,2012,"Demographics","None"
"FIAINTRP","Was an interpreter used to conduct the Family interview?","DEMO_G","Demographic Variables & Sample Weights",2011,2012,"Demographics","None"
"FIALANG","Language of the Family Interview Instrument","DEMO_G","Demographic Variables & Sample Weights",2011,2012,"Demographics","None"
"FIAPROXY","Was a Proxy respondent used in conducting the Family Interview?","DEMO_G","Demographic Variables & Sample Weights",2011,2012,"Demographics","None"
"INDFMIN2","Total family income (reported as a range value in dollars)","DEMO_G","Demographic Variables & Sample Weights",2011,2012,"Demographics","None"
"INDFMPIR","A ratio of family income to poverty guidelines.","DEMO_G","Demographic Variables & Sample Weights",2011,2012,"Demographics","None"
"INDHHIN2","Total household income (reported as a range value in dollars)","DEMO_G","Demographic Variables & Sample Weights",2011,2012,"Demographics","None"
"MIAINTRP","Was an interpreter used to conduct the MEC CAPI interview?","DEMO_G","Demographic Variables & Sample Weights",2011,2012,"Demographics","None"
"MIALANG","Language of the MEC CAPI Interview Instrument","DEMO_G","Demographic Variables & Sample Weights",2011,2012,"Demographics","None"
"MIAPROXY","Was a Proxy respondent used in conducting the MEC CAPI Interview?","DEMO_G","Demographic Variables & Sample Weights",2011,2012,"Demographics","None"
"RIAGENDR","Gender of the participant.","DEMO_G","Demographic Variables & Sample Weights",2011,2012,"Demographics","None"
"RIDAGEMN","Age in months of the participant at the time of screening. Reported for persons aged 24 months or younger at the time of exam (or screening if not examined).","DEMO_G","Demographic Variables & Sample Weights",2011,2012,"Demographics","None"
"RIDAGEYR","Age in years of the participant at the time of screening. Individuals 80 and over are topcoded at 80 years of age.","DEMO_G","Demographic Variables & Sample Weights",2011,2012,"Demographics","None"
"RIDEXAGM","Age in months of the participant at the time of examination. Reported for persons aged 19 years or younger at the time of examination.","DEMO_G","Demographic Variables & Sample Weights",2011,2012,"Demographics","None"
"RIDEXMON","Six month time period when the examination was performed - two categories: November 1 through April 30, May 1 through October 31.","DEMO_G","Demographic Variables & Sample Weights",2011,2012,"Demographics","None"
"RIDEXPRG","Pregnancy status for females between 20 and 44 years of age at the time of MEC exam.","DEMO_G","Demographic Variables & Sample Weights",2011,2012,"Demographics","None"
"RIDRETH1","Recode of reported race and Hispanic origin information","DEMO_G","Demographic Variables & Sample Weights",2011,2012,"Demographics","None"
"RIDRETH3","Recode of reported race and Hispanic origin information, with Non-Hispanic Asian Category","DEMO_G","Demographic Variables & Sample Weights",2011,2012,"Demographics","None"
"RIDSTATR","Interview and examination status of the participant.","DEMO_G","Demographic Variables & Sample Weights",2011,2012,"Demographics","None"
"SDDSRVYR","Data release cycle","DEMO_G","Demographic Variables & Sample Weights",2011,2012,"Demographics","None"
"SDMVPSU","Masked variance unit pseudo-PSU variable for variance estimation","DEMO_G","Demographic Variables & Sample Weights",2011,2012,"Demographics","None"
"SDMVSTRA","Masked variance unit pseudo-stratum variable for variance estimation","DEMO_G","Demographic Variables & Sample Weights",2011,2012,"Demographics","None"
"SEQN","Respondent sequence number.","DEMO_G","Demographic Variables & Sample Weights",2011,2012,"Demographics","None"
"SIAINTRP","Was an interpreter used to conduct the Sample Person (SP) interview?","DEMO_G","Demographic Variables & Sample Weights",2011,2012,"Demographics","None"
"SIALANG","Language of the Sample Person Interview Instrument","DEMO_G","Demographic Variables & Sample Weights",2011,2012,"Demographics","None"
"SIAPROXY","Was a Proxy respondent used in conducting the Sample Person (SP) interview?","DEMO_G","Demographic Variables & Sample Weights",2011,2012,"Demographics","None"
"WTINT2YR","Interviewed participants.","DEMO_G","Demographic Variables & Sample Weights",2011,2012,"Demographics","None"
"WTMEC2YR","Both interviewed and MEC examined participants.","DEMO_G","Demographic Variables & Sample Weights",2011,2012,"Demographics","None"
"SEQN","Respondent sequence number.","TBQ_G","Tuberculosis",2011,2012,"Questionnaire","None"
"SMAQUEX","Questionnaire Mode Flag.","SMQRTU_G","Smoking - Recent Tobacco Use",2011,2012,"Questionnaire","None"
"SMQ680","The following questions ask about use of tobacco or nicotine products in the past 5 days.  During the past 5 days, did {you/he/she} use any product containing nicotine including cigarettes, pipes, cigars, chewing tobacco, snuff, nicotine patches, nicotine gum, or any other product containing nicotine?","SMQRTU_G","Smoking - Recent Tobacco Use",2011,2012,"Questionnaire","None"
"SMQ690A","Which of these products did {you/he/she} use?","SMQRTU_G","Smoking - Recent Tobacco Use",2011,2012,"Questionnaire","None"
"SMQ690B","Which of these products did {you/he/she} use?","SMQRTU_G","Smoking - Recent Tobacco Use",2011,2012,"Questionnaire","None"
"SMQ690C","Which of these products did {you/he/she} use?","SMQRTU_G","Smoking - Recent Tobacco Use",2011,2012,"Questionnaire","None"
"SMQ690D","Which of these products did {you/he/she} use?","SMQRTU_G","Smoking - Recent Tobacco Use",2011,2012,"Questionnaire","None"
"SMQ690E","Which of these products did {you/he/she} use?","SMQRTU_G","Smoking - Recent Tobacco Use",2011,2012,"Questionnaire","None"
"SMQ690F","Which of these products did {you/he/she} use?","SMQRTU_G","Smoking - Recent Tobacco Use",2011,2012,"Questionnaire","None"
"SMQ710","During the past 5 days {including today}, on how many days did {you/he/she} smoke cigarettes?","SMQRTU_G","Smoking - Recent Tobacco Use",2011,2012,"Questionnaire","None"
"SMQ720","During the past 5 days, on the days {you/he/she} smoked, how many cigarettes did {you/he/she} smoke each day?","SMQRTU_G","Smoking - Recent Tobacco Use",2011,2012,"Questionnaire","None"
"SMQ725","When did {you/he/she} smoke {your/his/her} last cigarette? Was it...","SMQRTU_G","Smoking - Recent Tobacco Use",2011,2012,"Questionnaire","None"
"SMQ740","During the past 5 days (including today), on how many days did {you/he/she} smoke a pipe?","SMQRTU_G","Smoking - Recent Tobacco Use",2011,2012,"Questionnaire","None"
"SMQ750","During the past 5 days, on the days did {you/he/she} smoked a pipe, how many pipes did {you/he/she} smoke each day?","SMQRTU_G","Smoking - Recent Tobacco Use",2011,2012,"Questionnaire","None"
"SMQ755","When did {you/he/she} smoke {your/his/her} last pipe? Was it...","SMQRTU_G","Smoking - Recent Tobacco Use",2011,2012,"Questionnaire","None"
"SMQ770","During the past 5 days (including today), on how many days did {you/he/she} smoke cigars?","SMQRTU_G","Smoking - Recent Tobacco Use",2011,2012,"Questionnaire","None"
"SMQ780","During the past 5 days, on the days {you/he/she} smoked cigars, how many cigars did {you/he/she} smoke each day?","SMQRTU_G","Smoking - Recent Tobacco Use",2011,2012,"Questionnaire","None"
"SMQ785","When did {you/he/she} smoke {your/his/her} last cigar? Was it...","SMQRTU_G","Smoking - Recent Tobacco Use",2011,2012,"Questionnaire","None"
"SMQ800","During the past 5 days (including today), on how many days did {you/he/she} use chewing tobacco, such as Redman, Levi Garrett or Beechnut?","SMQRTU_G","Smoking - Recent Tobacco Use",2011,2012,"Questionnaire","None"
"SMQ815","When did {you/he/she} last use chewing tobacco? Was it...","SMQRTU_G","Smoking - Recent Tobacco Use",2011,2012,"Questionnaire","None"
"SMQ817","During the past 5 days {including today}, on how many days did {you/he/she} use snuff, such as Skoal, Skoal Bandits, or Copenhagen?","SMQRTU_G","Smoking - Recent Tobacco Use",2011,2012,"Questionnaire","None"
"SMQ819","When did {you/he/she} last use snuff? Was it...","SMQRTU_G","Smoking - Recent Tobacco Use",2011,2012,"Questionnaire","None"
"SMQ830","During the past 5 days (including today), on how many days did {you/he/she} use any product containing nicotine to help {you/he/she} stop smoking? Include nicotine patches, gum, or any other product containing nicotine.","SMQRTU_G","Smoking - Recent Tobacco Use",2011,2012,"Questionnaire","None"
"SMQ840","When did {you/he/she} last use a product containing nicotine? Was it...","SMQRTU_G","Smoking - Recent Tobacco Use",2011,2012,"Questionnaire","None"
"SMAQUEX2","Questionnaire Mode Flag","SMQ_G","Smoking - Cigarette Use",2011,2012,"Questionnaire","None"
"SMD030","How old {were you/was SP} when {you/s/he} first started to smoke cigarettes fairly regularly?","SMQ_G","Smoking - Cigarette Use",2011,2012,"Questionnaire","None"
"SMD055","How old {were you/was SP} when {you/s/he} last smoked cigarettes {fairly regularly}?","SMQ_G","Smoking - Cigarette Use",2011,2012,"Questionnaire","None"
"SMD057","At that time, about how many cigarettes did {you/SP} usually smoke per day?","SMQ_G","Smoking - Cigarette Use",2011,2012,"Questionnaire","None"
"SMD093","May I please see the pack for the brand of cigarettes {you usually smoke/SP usually smokes}.","SMQ_G","Smoking - Cigarette Use",2011,2012,"Questionnaire","None"
"SMD100BR","BRAND OF CIGARETTES SMOKED BY SP (SUB-BRAND INCLUDED IF APPLICABLE AND AVAILABLE)","SMQ_G","Smoking - Cigarette Use",2011,2012,"Questionnaire","None"
"SMD100CO","CIGARETTE CARBON MONOXIDE CONTENT","SMQ_G","Smoking - Cigarette Use",2011,2012,"Questionnaire","None"
"SMD100FL","CIGARETTE PRODUCT FILTERED OR NON-FILTERED","SMQ_G","Smoking - Cigarette Use",2011,2012,"Questionnaire","None"
"SMD100LN","CIGARETTE PRODUCT LENGTH","SMQ_G","Smoking - Cigarette Use",2011,2012,"Questionnaire","None"
"SMD100MN","CIGARETTE PRODUCT MENTHOLATED OR NON-MENTHOLATED","SMQ_G","Smoking - Cigarette Use",2011,2012,"Questionnaire","None"
"SMD100NI","CIGARETTE NICOTINE CONTENT","SMQ_G","Smoking - Cigarette Use",2011,2012,"Questionnaire","None"
"SMD100TR","CIGARETTE TAR CONTENT","SMQ_G","Smoking - Cigarette Use",2011,2012,"Questionnaire","None"
"SMD630","How old were you when you smoked a whole cigarette for the first time?","SMQ_G","Smoking - Cigarette Use",2011,2012,"Questionnaire","None"
"SMD641","On how many of the past 30 days did {you/SP} smoke a cigarette?","SMQ_G","Smoking - Cigarette Use",2011,2012,"Questionnaire","None"
"SMD650","During the past 30 days, on the days that {you/SP} smoked, about how many cigarettes did {you/s/he} smoke per day?","SMQ_G","Smoking - Cigarette Use",2011,2012,"Questionnaire","None"
"SMDUPCA","Cigarette 12-digit Universal Product Code (UPC)","SMQ_G","Smoking - Cigarette Use",2011,2012,"Questionnaire","None"
"SMQ020","These next questions are about cigarette smoking and other tobacco use. {Have you/Has SP} smoked at least 100 cigarettes in {your/his/her} entire life?","SMQ_G","Smoking - Cigarette Use",2011,2012,"Questionnaire","None"
"SMQ040","{Do you/Does SP} now smoke cigarettes . .","SMQ_G","Smoking - Cigarette Use",2011,2012,"Questionnaire","None"
"SMQ050Q","How long has it been since {you/SP} quit smoking cigarettes?","SMQ_G","Smoking - Cigarette Use",2011,2012,"Questionnaire","None"
"SMQ050U","UNIT OF MEASURE","SMQ_G","Smoking - Cigarette Use",2011,2012,"Questionnaire","None"
"SMQ077","How soon after you wake up do you smoke? Would you say...","SMQ_G","Smoking - Cigarette Use",2011,2012,"Questionnaire","None"
"SMQ621","The following questions are about cigarette smoking and other tobacco use.  Do not include cigars or marijuana.  About how many cigarettes have you smoked in your entire life?","SMQ_G","Smoking - Cigarette Use",2011,2012,"Questionnaire","None"
"SMQ660","During the past 30 days, on the days that you smoked, which brand of cigarettes did you usually smoke?","SMQ_G","Smoking - Cigarette Use",2011,2012,"Questionnaire","None"
"SMQ664B","{Were/Was} the Benson and Hedges cigarettes menthol or non-menthol?","SMQ_G","Smoking - Cigarette Use",2011,2012,"Questionnaire","None"
"SMQ664C","{Were/Was} the Camel cigarettes menthol or non-menthol?","SMQ_G","Smoking - Cigarette Use",2011,2012,"Questionnaire","None"
"SMQ664M","{Were/Was} the Marlboro cigarettes menthol or non-menthol?","SMQ_G","Smoking - Cigarette Use",2011,2012,"Questionnaire","None"
"SMQ664O","{Were/Was} the other brand cigarettes menthol or non-menthol?","SMQ_G","Smoking - Cigarette Use",2011,2012,"Questionnaire","None"
"SMQ664W","{Were/Was} the Winston cigarettes menthol or non-menthol?","SMQ_G","Smoking - Cigarette Use",2011,2012,"Questionnaire","None"
"SMQ670","During the past 12 months, have you stopped smoking for one day or longer because you were trying to quit smoking?","SMQ_G","Smoking - Cigarette Use",2011,2012,"Questionnaire","None"
"SMQ078","How soon after you wake up do you smoke?  Would you say . . .","SMQ_H","Smoking - Cigarette Use",2013,2014,"Questionnaire","None"
"SMQ661","During the past 30 days, on the days that you smoked, which brand of cigarettes did you usually smoke?","SMQ_H","Smoking - Cigarette Use",2013,2014,"Questionnaire","None"
"SMQ665A","Please select the Marlboro pack that looks most like the brand that you smoke. If the pack you smoke is not shown, select 'other Marlboro.'","SMQ_H","Smoking - Cigarette Use",2013,2014,"Questionnaire","None"
"SMQ665B","Please select the Camel pack that looks most like the brand that you smoke. If the pack you smoke is not shown, select 'other Camel.'","SMQ_H","Smoking - Cigarette Use",2013,2014,"Questionnaire","None"
"SMQ665C","Please select the Newport pack that looks most like the brand that you smoke. If the pack you smoke is not shown, select 'other Newport.'","SMQ_H","Smoking - Cigarette Use",2013,2014,"Questionnaire","None"
"SMQ665D","Please select the pack that looks most like the brand that you smoke. If the pack you smoke is not shown, select 'other brand of cigarette.'","SMQ_H","Smoking - Cigarette Use",2013,2014,"Questionnaire","None"
"SMQ848","During the past 12 months, how many times {have you/has SP} stopped smoking cigarettes because {you were/he was/she was} trying to quit smoking?","SMQ_H","Smoking - Cigarette Use",2013,2014,"Questionnaire","None"
"SMQ852Q","The last time {you/SP} tried to quit, how long {were you/was he/was she} able to stop smoking?","SMQ_H","Smoking - Cigarette Use",2013,2014,"Questionnaire","None"
"SMQ852U","The last time {you/SP} tried to quit, how long {were you/was he/was she} able to stop smoking?","SMQ_H","Smoking - Cigarette Use",2013,2014,"Questionnaire","None"
"SMDANY","Used any tobacco product last 5 days?","SMQRTU_H","Smoking - Recent Tobacco Use",2013,2014,"Questionnaire","None"
"SMQ681","The following questions ask about use of tobacco products in the past 5 days.  During the past 5 days, including today, did you smoke cigarettes, pipes, cigars, little cigars or cigarillos, water pipes, hookahs, or e-cigarettes?","SMQRTU_H","Smoking - Recent Tobacco Use",2013,2014,"Questionnaire","None"
"SMQ690G","Which of these products did {you/he/she} use?","SMQRTU_H","Smoking - Recent Tobacco Use",2013,2014,"Questionnaire","None"
"SMQ690H","Which of these products did {you/he/she} use?","SMQRTU_H","Smoking - Recent Tobacco Use",2013,2014,"Questionnaire","None"
"SMQ690I","Which of these products did {you/he/she} use?","SMQRTU_H","Smoking - Recent Tobacco Use",2013,2014,"Questionnaire","None"
"SMQ690J","Which of these products did {you/he/she} use?","SMQRTU_H","Smoking - Recent Tobacco Use",2013,2014,"Questionnaire","None"
"SMQ845","During the past 5 days, including today, on how many days did {you/he/she} smoke tobacco in a water pipe or Hookah?","SMQRTU_H","Smoking - Recent Tobacco Use",2013,2014,"Questionnaire","None"
"SMQ849","During the past 5 days, including today, on how many days did {you/he/she} smoke an e-cigarette?","SMQRTU_H","Smoking - Recent Tobacco Use",2013,2014,"Questionnaire","None"
"SMQ851","Smokeless tobacco products are placed in the mouth or nose and include chewing tobacco, snuff, snus, or dissolvables.  During the past 5 days, including today, did {you/he/she} use any smokeless tobacco? (Please do not include nicotine replacement products like patches, gum, lozenge, or spray which are considered products to help {you/him/her} stop smoking.)","SMQRTU_H","Smoking - Recent Tobacco Use",2013,2014,"Questionnaire","None"
"SMQ857","During the past 5 days, including today, on how many days did {you/he/she} use snus?","SMQRTU_H","Smoking - Recent Tobacco Use",2013,2014,"Questionnaire","None"
"SMQ861","During the past 5 days, including today, on how many days did {you/he/she} use dissolvables such as strips or orbs?","SMQRTU_H","Smoking - Recent Tobacco Use",2013,2014,"Questionnaire","None"
"SMQ863","During the past 5 days, including today, did {you/he/she} use any nicotine replacement therapy products such as nicotine patches, gum, lozenges, inhalers, or nasal sprays?","SMQRTU_H","Smoking - Recent Tobacco Use",2013,2014,"Questionnaire","None"
