"correlation_measure","subgrouping","M","rho_xy","rho_uv","eta_x","eta_y","rho_true","rho_obs_hat","weight_type","mean_estimate","mean_se","coverage_true","coverage_obs","n_reps","bias_true","abs_bias_true","bias_obs","abs_bias_obs","coverage_true_error","coverage_obs_error"
"Pearson","L_Y_dich_1_5__K_X_dich_1_5",20,0,0,0,0,0,-0.0199637926057045,"no_weight",-0.0199637926057045,0.162509347941674,0.88,0.86,100,-0.0199637926057045,0.0199637926057045,0,0,0.07,0.09
"Pearson","L_Y_dich_1_5__K_X_dich_1_5",20,0,0,0,0,0,-0.0199637926057045,"CW",-0.0190950472862701,0.16217256659962,0.89,0.86,100,-0.0190950472862701,0.0190950472862701,0.000868745319434462,0.000868745319434462,0.0599999999999999,0.09
"Pearson","L_Y_dich_1_5__K_X_dich_1_5",20,0,0,0,0,0,-0.0199637926057045,"PPW",-0.0198715837550049,0.116468306595499,0.94,0.95,100,-0.0198715837550049,0.0198715837550049,9.22088506996009e-05,9.22088506996009e-05,0.01,0
"Pearson","L_Y_dich_1_5__K_X_dich_1_5",20,0,0,0,0,0,-0.0199637926057045,"OPW",-0.02607769570405,0.15305176584409,0.87,0.85,100,-0.02607769570405,0.02607769570405,-0.0061139030983455,0.0061139030983455,0.08,0.1
"Pearson","L_Y_dich_1_5__K_X_dich_1_5",20,0,0,0,4,0,-0.00225587854175545,"no_weight",-0.00225587854175545,0.163720846101758,0.87,0.88,100,-0.00225587854175545,0.00225587854175545,0,0,0.08,0.07
"Pearson","L_Y_dich_1_5__K_X_dich_1_5",20,0,0,0,4,0,-0.00225587854175545,"CW",0.00104113349710805,0.166185250853956,0.91,0.91,100,0.00104113349710805,0.00104113349710805,0.0032970120388635,0.0032970120388635,0.0399999999999999,0.0399999999999999
"Pearson","L_Y_dich_1_5__K_X_dich_1_5",20,0,0,0,4,0,-0.00225587854175545,"PPW",0.00557280317984698,0.118825271047982,0.91,0.91,100,0.00557280317984698,0.00557280317984698,0.00782868172160243,0.00782868172160243,0.0399999999999999,0.0399999999999999
"Pearson","L_Y_dich_1_5__K_X_dich_1_5",20,0,0,0,4,0,-0.00225587854175545,"OPW",0.00379353487415905,0.153944333844066,0.9,0.9,100,0.00379353487415905,0.00379353487415905,0.00604941341591449,0.00604941341591449,0.0499999999999999,0.0499999999999999
"Pearson","L_Y_dich_1_5__K_X_dich_1_5",20,0,0,4,0,0,0.0127474969761225,"no_weight",0.0127474969761225,0.157700200709008,0.92,0.91,100,0.0127474969761225,0.0127474969761225,0,0,0.0299999999999999,0.0399999999999999
"Pearson","L_Y_dich_1_5__K_X_dich_1_5",20,0,0,4,0,0,0.0127474969761225,"CW",0.0128939663092042,0.163818507859304,0.87,0.87,100,0.0128939663092042,0.0128939663092042,0.000146469333081741,0.000146469333081741,0.08,0.08
"Pearson","L_Y_dich_1_5__K_X_dich_1_5",20,0,0,4,0,0,0.0127474969761225,"PPW",0.011937082983062,0.116063172894432,0.94,0.93,100,0.011937082983062,0.011937082983062,-0.000810413993060486,0.000810413993060486,0.01,0.0199999999999999
"Pearson","L_Y_dich_1_5__K_X_dich_1_5",20,0,0,4,0,0,0.0127474969761225,"OPW",0.0183110479649639,0.152429236545507,0.93,0.92,100,0.0183110479649639,0.0183110479649639,0.00556355098884144,0.00556355098884144,0.0199999999999999,0.0299999999999999
"Pearson","L_Y_dich_1_5__K_X_dich_1_5",20,0,0,4,4,0,0.0175583440275304,"no_weight",0.0175583440275304,0.160584836987019,0.87,0.89,100,0.0175583440275304,0.0175583440275304,0,0,0.08,0.0599999999999999
"Pearson","L_Y_dich_1_5__K_X_dich_1_5",20,0,0,4,4,0,0.0175583440275304,"CW",0.0138685351420662,0.166902466517565,0.86,0.87,100,0.0138685351420662,0.0138685351420662,-0.00368980888546416,0.00368980888546416,0.09,0.08
"Pearson","L_Y_dich_1_5__K_X_dich_1_5",20,0,0,4,4,0,0.0175583440275304,"PPW",0.00586231208598759,0.122325748280387,0.9,0.9,100,0.00586231208598759,0.00586231208598759,-0.0116960319415428,0.0116960319415428,0.0499999999999999,0.0499999999999999
"Pearson","L_Y_dich_1_5__K_X_dich_1_5",20,0,0,4,4,0,0.0175583440275304,"OPW",0.00753147381484922,0.157265625220902,0.86,0.85,100,0.00753147381484922,0.00753147381484922,-0.0100268702126812,0.0100268702126812,0.09,0.1
"Pearson","L_Y_dich_1_5__K_X_dich_1_5",20,0,0.5,0,0,0.4,0.377924280252174,"no_weight",0.377924280252174,0.134290131539649,0.92,0.89,100,-0.0220757197478256,0.0220757197478256,0,0,0.0299999999999999,0.0599999999999999
"Pearson","L_Y_dich_1_5__K_X_dich_1_5",20,0,0.5,0,0,0.4,0.377924280252174,"CW",0.379908703780557,0.133597488459516,0.92,0.91,100,-0.0200912962194434,0.0200912962194434,0.00198442352838213,0.00198442352838213,0.0299999999999999,0.0399999999999999
"Pearson","L_Y_dich_1_5__K_X_dich_1_5",20,0,0.5,0,0,0.4,0.377924280252174,"PPW",0.250862653706312,0.112913668679813,0.71,0.75,100,-0.149137346293688,0.149137346293688,-0.127061626545863,0.127061626545863,0.24,0.2
"Pearson","L_Y_dich_1_5__K_X_dich_1_5",20,0,0.5,0,0,0.4,0.377924280252174,"OPW",0.352985294887163,0.130838156834697,0.88,0.86,100,-0.0470147051128369,0.0470147051128369,-0.0249389853650113,0.0249389853650113,0.07,0.09
"Pearson","L_Y_dich_1_5__K_X_dich_1_5",20,0,0.5,0,4,0.4,0.294136570753405,"no_weight",0.294136570753405,0.139801836765555,0.81,0.87,100,-0.105863429246595,0.105863429246595,0,0,0.14,0.08
"Pearson","L_Y_dich_1_5__K_X_dich_1_5",20,0,0.5,0,4,0.4,0.294136570753405,"CW",0.322489541686763,0.139134180839548,0.85,0.9,100,-0.0775104583132374,0.0775104583132374,0.0283529709333576,0.0283529709333576,0.1,0.0499999999999999
"Pearson","L_Y_dich_1_5__K_X_dich_1_5",20,0,0.5,0,4,0.4,0.294136570753405,"PPW",0.212134920980928,0.110145401404621,0.57,0.87,100,-0.187865079019072,0.187865079019072,-0.0820016497724766,0.0820016497724766,0.38,0.08
"Pearson","L_Y_dich_1_5__K_X_dich_1_5",20,0,0.5,0,4,0.4,0.294136570753405,"OPW",0.293272675461314,0.135094994836944,0.81,0.9,100,-0.106727324538686,0.106727324538686,-0.000863895292091077,0.000863895292091077,0.14,0.0499999999999999
"Pearson","L_Y_dich_1_5__K_X_dich_1_5",20,0,0.5,4,0,0.4,0.308793840705643,"no_weight",0.308793840705643,0.13723942550444,0.79,0.83,100,-0.0912061592943569,0.0912061592943569,0,0,0.16,0.12
"Pearson","L_Y_dich_1_5__K_X_dich_1_5",20,0,0.5,4,0,0.4,0.308793840705643,"CW",0.331522749471104,0.138148090255811,0.83,0.88,100,-0.0684772505288958,0.0684772505288958,0.0227289087654612,0.0227289087654612,0.12,0.07
"Pearson","L_Y_dich_1_5__K_X_dich_1_5",20,0,0.5,4,0,0.4,0.308793840705643,"PPW",0.216540258972356,0.110421027679477,0.54,0.77,100,-0.183459741027644,0.183459741027644,-0.0922535817332868,0.0922535817332868,0.41,0.18
"Pearson","L_Y_dich_1_5__K_X_dich_1_5",20,0,0.5,4,0,0.4,0.308793840705643,"OPW",0.30396500480703,0.13216410272315,0.79,0.87,100,-0.0960349951929702,0.0960349951929702,-0.00482883589861322,0.00482883589861322,0.16,0.08
"Pearson","L_Y_dich_1_5__K_X_dich_1_5",20,0,0.5,4,4,0.4,0.282697896382999,"no_weight",0.282697896382999,0.148930249498372,0.8,0.83,100,-0.117302103617001,0.117302103617001,0,0,0.15,0.12
"Pearson","L_Y_dich_1_5__K_X_dich_1_5",20,0,0.5,4,4,0.4,0.282697896382999,"CW",0.299404437938845,0.155837112339728,0.85,0.85,100,-0.100595562061155,0.100595562061155,0.0167065415558464,0.0167065415558464,0.1,0.1
"Pearson","L_Y_dich_1_5__K_X_dich_1_5",20,0,0.5,4,4,0.4,0.282697896382999,"PPW",0.181354687621669,0.119708613125824,0.52,0.81,100,-0.218645312378331,0.218645312378331,-0.10134320876133,0.10134320876133,0.43,0.14
"Pearson","L_Y_dich_1_5__K_X_dich_1_5",20,0,0.5,4,4,0.4,0.282697896382999,"OPW",0.259635026072767,0.149855089349023,0.76,0.83,100,-0.140364973927233,0.140364973927233,-0.0230628703102312,0.0230628703102312,0.19,0.12
"Pearson","L_Y_dich_1_5__K_X_dich_1_5",20,0.5,0,0,0,0.1,0.109346255644978,"no_weight",0.109346255644978,0.163207281315602,0.93,0.93,100,0.00934625564497769,0.00934625564497769,0,0,0.0199999999999999,0.0199999999999999
"Pearson","L_Y_dich_1_5__K_X_dich_1_5",20,0.5,0,0,0,0.1,0.109346255644978,"CW",0.108110166212168,0.163318615520353,0.93,0.92,100,0.00811016621216795,0.00811016621216795,-0.00123608943280974,0.00123608943280974,0.0199999999999999,0.0299999999999999
"Pearson","L_Y_dich_1_5__K_X_dich_1_5",20,0.5,0,0,0,0.1,0.109346255644978,"PPW",0.120938265250744,0.116613261666228,0.97,0.97,100,0.0209382652507443,0.0209382652507443,0.0115920096057666,0.0115920096057666,0.02,0.02
"Pearson","L_Y_dich_1_5__K_X_dich_1_5",20,0.5,0,0,0,0.1,0.109346255644978,"OPW",0.100959586542616,0.152139759815849,0.9,0.9,100,0.000959586542615964,0.000959586542615964,-0.00838666910236173,0.00838666910236173,0.0499999999999999,0.0499999999999999
"Pearson","L_Y_dich_1_5__K_X_dich_1_5",20,0.5,0,0,4,0.1,0.0467613058560301,"no_weight",0.0467613058560301,0.161558979358561,0.84,0.87,100,-0.0532386941439699,0.0532386941439699,0,0,0.11,0.08
"Pearson","L_Y_dich_1_5__K_X_dich_1_5",20,0.5,0,0,4,0.1,0.0467613058560301,"CW",0.0231314133403272,0.166473338467646,0.86,0.9,100,-0.0768685866596728,0.0768685866596728,-0.0236298925157029,0.0236298925157029,0.09,0.0499999999999999
"Pearson","L_Y_dich_1_5__K_X_dich_1_5",20,0.5,0,0,4,0.1,0.0467613058560301,"PPW",0.0800330263882122,0.122406304800173,0.89,0.92,100,-0.0199669736117878,0.0199669736117878,0.0332717205321821,0.0332717205321821,0.0599999999999999,0.0299999999999999
"Pearson","L_Y_dich_1_5__K_X_dich_1_5",20,0.5,0,0,4,0.1,0.0467613058560301,"OPW",0.0323039217251344,0.154477239375461,0.85,0.88,100,-0.0676960782748657,0.0676960782748657,-0.0144573841308957,0.0144573841308957,0.1,0.07
"Pearson","L_Y_dich_1_5__K_X_dich_1_5",20,0.5,0,4,0,0.1,0.092803515459299,"no_weight",0.092803515459299,0.157679026412958,0.88,0.86,100,-0.00719648454070099,0.00719648454070099,0,0,0.07,0.09
"Pearson","L_Y_dich_1_5__K_X_dich_1_5",20,0.5,0,4,0,0.1,0.092803515459299,"CW",0.0745276457700203,0.162574155710437,0.86,0.87,100,-0.0254723542299797,0.0254723542299797,-0.0182758696892787,0.0182758696892787,0.09,0.08
"Pearson","L_Y_dich_1_5__K_X_dich_1_5",20,0.5,0,4,0,0.1,0.092803515459299,"PPW",0.113467989814374,0.117695426676104,0.92,0.93,100,0.013467989814374,0.013467989814374,0.020664474355075,0.020664474355075,0.0299999999999999,0.0199999999999999
"Pearson","L_Y_dich_1_5__K_X_dich_1_5",20,0.5,0,4,0,0.1,0.092803515459299,"OPW",0.0794885860384568,0.153155775834783,0.86,0.86,100,-0.0205114139615432,0.0205114139615432,-0.0133149294208422,0.0133149294208422,0.09,0.09
"Pearson","L_Y_dich_1_5__K_X_dich_1_5",20,0.5,0,4,4,0.1,0.0907784391345714,"no_weight",0.0907784391345714,0.166310054880733,0.86,0.87,100,-0.00922156086542865,0.00922156086542865,0,0,0.09,0.08
"Pearson","L_Y_dich_1_5__K_X_dich_1_5",20,0.5,0,4,4,0.1,0.0907784391345714,"CW",0.0397946168327839,0.176180327568743,0.87,0.87,100,-0.0602053831672161,0.0602053831672161,-0.0509838223017874,0.0509838223017874,0.08,0.08
"Pearson","L_Y_dich_1_5__K_X_dich_1_5",20,0.5,0,4,4,0.1,0.0907784391345714,"PPW",0.095276262672533,0.131588749963889,0.91,0.9,100,-0.00472373732746698,0.00472373732746698,0.00449782353796167,0.00449782353796167,0.0399999999999999,0.0499999999999999
"Pearson","L_Y_dich_1_5__K_X_dich_1_5",20,0.5,0,4,4,0.1,0.0907784391345714,"OPW",0.0436793227693238,0.165615452506447,0.88,0.88,100,-0.0563206772306762,0.0563206772306762,-0.0470991163652475,0.0470991163652475,0.07,0.07
"Pearson","L_Y_dich_1_5__K_X_dich_1_5",20,0.5,0.5,0,0,0.5,0.460326813036876,"no_weight",0.460326813036876,0.128944741373147,0.89,0.89,100,-0.0396731869631245,0.0396731869631245,0,0,0.0599999999999999,0.0599999999999999
"Pearson","L_Y_dich_1_5__K_X_dich_1_5",20,0.5,0.5,0,0,0.5,0.460326813036876,"CW",0.459378150100537,0.128715490784522,0.91,0.88,100,-0.0406218498994634,0.0406218498994634,-0.00094866293633894,0.00094866293633894,0.0399999999999999,0.07
"Pearson","L_Y_dich_1_5__K_X_dich_1_5",20,0.5,0.5,0,0,0.5,0.460326813036876,"PPW",0.371788681755775,0.104641727640129,0.72,0.8,100,-0.128211318244225,0.128211318244225,-0.0885381312811008,0.0885381312811008,0.23,0.15
"Pearson","L_Y_dich_1_5__K_X_dich_1_5",20,0.5,0.5,0,0,0.5,0.460326813036876,"OPW",0.443187742048358,0.123348055022946,0.85,0.86,100,-0.0568122579516416,0.0568122579516416,-0.0171390709885171,0.0171390709885171,0.1,0.09
"Pearson","L_Y_dich_1_5__K_X_dich_1_5",20,0.5,0.5,0,4,0.5,0.387076834631654,"no_weight",0.387076834631654,0.135297452065469,0.85,0.85,100,-0.112923165368346,0.112923165368346,0,0,0.1,0.1
"Pearson","L_Y_dich_1_5__K_X_dich_1_5",20,0.5,0.5,0,4,0.5,0.387076834631654,"CW",0.39149824350245,0.136491662055681,0.84,0.84,100,-0.10850175649755,0.10850175649755,0.00442140887079656,0.00442140887079656,0.11,0.11
"Pearson","L_Y_dich_1_5__K_X_dich_1_5",20,0.5,0.5,0,4,0.5,0.387076834631654,"PPW",0.318155361109831,0.10655315720412,0.57,0.86,100,-0.181844638890169,0.181844638890169,-0.0689214735218233,0.0689214735218233,0.38,0.09
"Pearson","L_Y_dich_1_5__K_X_dich_1_5",20,0.5,0.5,0,4,0.5,0.387076834631654,"OPW",0.365281404673045,0.132856775643248,0.82,0.84,100,-0.134718595326955,0.134718595326955,-0.0217954299586086,0.0217954299586086,0.13,0.11
"Pearson","L_Y_dich_1_5__K_X_dich_1_5",20,0.5,0.5,4,0,0.5,0.37987803383539,"no_weight",0.37987803383539,0.132772534010617,0.84,0.89,100,-0.12012196616461,0.12012196616461,0,0,0.11,0.0599999999999999
"Pearson","L_Y_dich_1_5__K_X_dich_1_5",20,0.5,0.5,4,0,0.5,0.37987803383539,"CW",0.397713795396384,0.134244980447354,0.87,0.91,100,-0.102286204603616,0.102286204603616,0.017835761560994,0.017835761560994,0.08,0.0399999999999999
"Pearson","L_Y_dich_1_5__K_X_dich_1_5",20,0.5,0.5,4,0,0.5,0.37987803383539,"PPW",0.326547420473149,0.104324500669132,0.57,0.88,100,-0.173452579526851,0.173452579526851,-0.0533306133622409,0.0533306133622409,0.38,0.07
"Pearson","L_Y_dich_1_5__K_X_dich_1_5",20,0.5,0.5,4,0,0.5,0.37987803383539,"OPW",0.382366105033653,0.127052611025745,0.82,0.9,100,-0.117633894966347,0.117633894966347,0.002488071198263,0.002488071198263,0.13,0.0499999999999999
"Pearson","L_Y_dich_1_5__K_X_dich_1_5",20,0.5,0.5,4,4,0.5,0.360183382543429,"no_weight",0.360183382543429,0.137305016040418,0.78,0.84,100,-0.139816617456571,0.139816617456571,0,0,0.17,0.11
"Pearson","L_Y_dich_1_5__K_X_dich_1_5",20,0.5,0.5,4,4,0.5,0.360183382543429,"CW",0.353059272740844,0.144586268421705,0.79,0.86,100,-0.146940727259156,0.146940727259156,-0.00712410980258532,0.00712410980258532,0.16,0.09
"Pearson","L_Y_dich_1_5__K_X_dich_1_5",20,0.5,0.5,4,4,0.5,0.360183382543429,"PPW",0.300335985264454,0.112084992607129,0.55,0.85,100,-0.199664014735546,0.199664014735546,-0.0598473972789755,0.0598473972789755,0.4,0.1
"Pearson","L_Y_dich_1_5__K_X_dich_1_5",20,0.5,0.5,4,4,0.5,0.360183382543429,"OPW",0.329885227238083,0.140225552596586,0.7,0.85,100,-0.170114772761917,0.170114772761917,-0.0302981553053462,0.0302981553053462,0.25,0.1
"Pearson","L_Y_dich_1_5__K_X_dich_2_5",20,0,0,0,0,0,-0.0199637926057045,"no_weight",-0.0199637926057045,0.162509347941674,0.88,0.86,100,-0.0199637926057045,0.0199637926057045,0,0,0.07,0.09
"Pearson","L_Y_dich_1_5__K_X_dich_2_5",20,0,0,0,0,0,-0.0199637926057045,"CW",-0.0190950472862701,0.16217256659962,0.89,0.86,100,-0.0190950472862701,0.0190950472862701,0.000868745319434462,0.000868745319434462,0.0599999999999999,0.09
"Pearson","L_Y_dich_1_5__K_X_dich_2_5",20,0,0,0,0,0,-0.0199637926057045,"PPW",-0.0109032090527338,0.116641020871695,0.95,0.9,100,-0.0109032090527338,0.0109032090527338,0.00906058355297077,0.00906058355297077,0,0.0499999999999999
"Pearson","L_Y_dich_1_5__K_X_dich_2_5",20,0,0,0,0,0,-0.0199637926057045,"OPW",-0.0201807584824769,0.153791487327876,0.9,0.89,100,-0.0201807584824769,0.0201807584824769,-0.00021696587677237,0.00021696587677237,0.0499999999999999,0.0599999999999999
"Pearson","L_Y_dich_1_5__K_X_dich_2_5",20,0,0,0,4,0,-0.00225587854175545,"no_weight",-0.00225587854175545,0.163720846101758,0.87,0.88,100,-0.00225587854175545,0.00225587854175545,0,0,0.08,0.07
"Pearson","L_Y_dich_1_5__K_X_dich_2_5",20,0,0,0,4,0,-0.00225587854175545,"CW",0.00104113349710805,0.166185250853956,0.91,0.91,100,0.00104113349710805,0.00104113349710805,0.0032970120388635,0.0032970120388635,0.0399999999999999,0.0399999999999999
"Pearson","L_Y_dich_1_5__K_X_dich_2_5",20,0,0,0,4,0,-0.00225587854175545,"PPW",-0.00125623139272179,0.118416921661319,0.93,0.93,100,-0.00125623139272179,0.00125623139272179,0.000999647149033653,0.000999647149033653,0.0199999999999999,0.0199999999999999
"Pearson","L_Y_dich_1_5__K_X_dich_2_5",20,0,0,0,4,0,-0.00225587854175545,"OPW",-0.00200839825841188,0.154995246223053,0.92,0.92,100,-0.00200839825841188,0.00200839825841188,0.000247480283343567,0.000247480283343567,0.0299999999999999,0.0299999999999999
"Pearson","L_Y_dich_1_5__K_X_dich_2_5",20,0,0,4,0,0,0.0127474969761225,"no_weight",0.0127474969761225,0.157700200709008,0.92,0.91,100,0.0127474969761225,0.0127474969761225,0,0,0.0299999999999999,0.0399999999999999
"Pearson","L_Y_dich_1_5__K_X_dich_2_5",20,0,0,4,0,0,0.0127474969761225,"CW",0.0128939663092042,0.163818507859304,0.87,0.87,100,0.0128939663092042,0.0128939663092042,0.000146469333081741,0.000146469333081741,0.08,0.08
"Pearson","L_Y_dich_1_5__K_X_dich_2_5",20,0,0,4,0,0,0.0127474969761225,"PPW",0.0247860058201013,0.129996456844144,0.92,0.93,100,0.0247860058201013,0.0247860058201013,0.0120385088439788,0.0120385088439788,0.0299999999999999,0.0199999999999999
"Pearson","L_Y_dich_1_5__K_X_dich_2_5",20,0,0,4,0,0,0.0127474969761225,"OPW",0.0190478868144874,0.158575624862942,0.88,0.88,100,0.0190478868144874,0.0190478868144874,0.0063003898383649,0.0063003898383649,0.07,0.07
"Pearson","L_Y_dich_1_5__K_X_dich_2_5",20,0,0,4,4,0,0.0175583440275304,"no_weight",0.0175583440275304,0.160584836987019,0.87,0.89,100,0.0175583440275304,0.0175583440275304,0,0,0.08,0.0599999999999999
"Pearson","L_Y_dich_1_5__K_X_dich_2_5",20,0,0,4,4,0,0.0175583440275304,"CW",0.0138685351420662,0.166902466517565,0.86,0.87,100,0.0138685351420662,0.0138685351420662,-0.00368980888546416,0.00368980888546416,0.09,0.08
"Pearson","L_Y_dich_1_5__K_X_dich_2_5",20,0,0,4,4,0,0.0175583440275304,"PPW",-0.00395455147967968,0.135116749044782,0.91,0.92,100,-0.00395455147967968,0.00395455147967968,-0.0215128955072101,0.0215128955072101,0.0399999999999999,0.0299999999999999
"Pearson","L_Y_dich_1_5__K_X_dich_2_5",20,0,0,4,4,0,0.0175583440275304,"OPW",-0.000522866381273555,0.16223292661166,0.84,0.86,100,-0.000522866381273555,0.000522866381273555,-0.0180812104088039,0.0180812104088039,0.11,0.09
"Pearson","L_Y_dich_1_5__K_X_dich_2_5",20,0,0.5,0,0,0.4,0.377924280252174,"no_weight",0.377924280252174,0.134290131539649,0.92,0.89,100,-0.0220757197478256,0.0220757197478256,0,0,0.0299999999999999,0.0599999999999999
"Pearson","L_Y_dich_1_5__K_X_dich_2_5",20,0,0.5,0,0,0.4,0.377924280252174,"CW",0.379908703780557,0.133597488459516,0.92,0.91,100,-0.0200912962194434,0.0200912962194434,0.00198442352838213,0.00198442352838213,0.0299999999999999,0.0399999999999999
"Pearson","L_Y_dich_1_5__K_X_dich_2_5",20,0,0.5,0,0,0.4,0.377924280252174,"PPW",0.253600256932033,0.112893766927961,0.73,0.78,100,-0.146399743067967,0.146399743067967,-0.124324023320141,0.124324023320141,0.22,0.17
"Pearson","L_Y_dich_1_5__K_X_dich_2_5",20,0,0.5,0,0,0.4,0.377924280252174,"OPW",0.352087598543113,0.131090710902237,0.85,0.88,100,-0.0479124014568867,0.0479124014568867,-0.0258366817090611,0.0258366817090611,0.1,0.07
"Pearson","L_Y_dich_1_5__K_X_dich_2_5",20,0,0.5,0,4,0.4,0.294136570753405,"no_weight",0.294136570753405,0.139801836765555,0.81,0.87,100,-0.105863429246595,0.105863429246595,0,0,0.14,0.08
"Pearson","L_Y_dich_1_5__K_X_dich_2_5",20,0,0.5,0,4,0.4,0.294136570753405,"CW",0.322489541686763,0.139134180839548,0.85,0.9,100,-0.0775104583132374,0.0775104583132374,0.0283529709333576,0.0283529709333576,0.1,0.0499999999999999
"Pearson","L_Y_dich_1_5__K_X_dich_2_5",20,0,0.5,0,4,0.4,0.294136570753405,"PPW",0.205873650412978,0.117124004309764,0.57,0.84,100,-0.194126349587022,0.194126349587022,-0.0882629203404273,0.0882629203404273,0.38,0.11
"Pearson","L_Y_dich_1_5__K_X_dich_2_5",20,0,0.5,0,4,0.4,0.294136570753405,"OPW",0.281879736937136,0.13838273914086,0.79,0.88,100,-0.118120263062864,0.118120263062864,-0.0122568338162693,0.0122568338162693,0.16,0.07
"Pearson","L_Y_dich_1_5__K_X_dich_2_5",20,0,0.5,4,0,0.4,0.308793840705643,"no_weight",0.308793840705643,0.13723942550444,0.79,0.83,100,-0.0912061592943569,0.0912061592943569,0,0,0.16,0.12
"Pearson","L_Y_dich_1_5__K_X_dich_2_5",20,0,0.5,4,0,0.4,0.308793840705643,"CW",0.331522749471104,0.138148090255811,0.83,0.88,100,-0.0684772505288958,0.0684772505288958,0.0227289087654612,0.0227289087654612,0.12,0.07
"Pearson","L_Y_dich_1_5__K_X_dich_2_5",20,0,0.5,4,0,0.4,0.308793840705643,"PPW",0.254036746987271,0.116284693601699,0.69,0.84,100,-0.145963253012729,0.145963253012729,-0.0547570937183726,0.0547570937183726,0.26,0.11
"Pearson","L_Y_dich_1_5__K_X_dich_2_5",20,0,0.5,4,0,0.4,0.308793840705643,"OPW",0.318246624648846,0.132885601581107,0.84,0.87,100,-0.0817533753511545,0.0817533753511545,0.00945278394320248,0.00945278394320248,0.11,0.08
"Pearson","L_Y_dich_1_5__K_X_dich_2_5",20,0,0.5,4,4,0.4,0.282697896382999,"no_weight",0.282697896382999,0.148930249498372,0.8,0.83,100,-0.117302103617001,0.117302103617001,0,0,0.15,0.12
"Pearson","L_Y_dich_1_5__K_X_dich_2_5",20,0,0.5,4,4,0.4,0.282697896382999,"CW",0.299404437938845,0.155837112339728,0.85,0.85,100,-0.100595562061155,0.100595562061155,0.0167065415558464,0.0167065415558464,0.1,0.1
"Pearson","L_Y_dich_1_5__K_X_dich_2_5",20,0,0.5,4,4,0.4,0.282697896382999,"PPW",0.195458343218567,0.134891744013297,0.65,0.83,100,-0.204541656781433,0.204541656781433,-0.0872395531644317,0.0872395531644317,0.3,0.12
"Pearson","L_Y_dich_1_5__K_X_dich_2_5",20,0,0.5,4,4,0.4,0.282697896382999,"OPW",0.264533296437664,0.155694843386023,0.78,0.87,100,-0.135466703562336,0.135466703562336,-0.0181645999453344,0.0181645999453344,0.17,0.08
"Pearson","L_Y_dich_1_5__K_X_dich_2_5",20,0.5,0,0,0,0.1,0.109346255644978,"no_weight",0.109346255644978,0.163207281315602,0.93,0.93,100,0.00934625564497769,0.00934625564497769,0,0,0.0199999999999999,0.0199999999999999
"Pearson","L_Y_dich_1_5__K_X_dich_2_5",20,0.5,0,0,0,0.1,0.109346255644978,"CW",0.108110166212168,0.163318615520353,0.93,0.92,100,0.00811016621216795,0.00811016621216795,-0.00123608943280974,0.00123608943280974,0.0199999999999999,0.0299999999999999
"Pearson","L_Y_dich_1_5__K_X_dich_2_5",20,0.5,0,0,0,0.1,0.109346255644978,"PPW",0.128468924537203,0.116617016391316,0.96,0.96,100,0.0284689245372026,0.0284689245372026,0.0191226688922249,0.0191226688922249,0.01,0.01
"Pearson","L_Y_dich_1_5__K_X_dich_2_5",20,0.5,0,0,0,0.1,0.109346255644978,"OPW",0.102856204366293,0.152461225484494,0.91,0.93,100,0.00285620436629289,0.00285620436629289,-0.00649005127868481,0.00649005127868481,0.0399999999999999,0.0199999999999999
"Pearson","L_Y_dich_1_5__K_X_dich_2_5",20,0.5,0,0,4,0.1,0.0467613058560301,"no_weight",0.0467613058560301,0.161558979358561,0.84,0.87,100,-0.0532386941439699,0.0532386941439699,0,0,0.11,0.08
"Pearson","L_Y_dich_1_5__K_X_dich_2_5",20,0.5,0,0,4,0.1,0.0467613058560301,"CW",0.0231314133403272,0.166473338467646,0.86,0.9,100,-0.0768685866596728,0.0768685866596728,-0.0236298925157029,0.0236298925157029,0.09,0.0499999999999999
"Pearson","L_Y_dich_1_5__K_X_dich_2_5",20,0.5,0,0,4,0.1,0.0467613058560301,"PPW",0.0718004233367731,0.122895578133358,0.89,0.93,100,-0.0281995766632269,0.0281995766632269,0.025039117480743,0.025039117480743,0.0599999999999999,0.0199999999999999
"Pearson","L_Y_dich_1_5__K_X_dich_2_5",20,0.5,0,0,4,0.1,0.0467613058560301,"OPW",0.0261943791652939,0.154973723577202,0.85,0.86,100,-0.0738056208347061,0.0738056208347061,-0.0205669266907362,0.0205669266907362,0.1,0.09
"Pearson","L_Y_dich_1_5__K_X_dich_2_5",20,0.5,0,4,0,0.1,0.092803515459299,"no_weight",0.092803515459299,0.157679026412958,0.88,0.86,100,-0.00719648454070099,0.00719648454070099,0,0,0.07,0.09
"Pearson","L_Y_dich_1_5__K_X_dich_2_5",20,0.5,0,4,0,0.1,0.092803515459299,"CW",0.0745276457700203,0.162574155710437,0.86,0.87,100,-0.0254723542299797,0.0254723542299797,-0.0182758696892787,0.0182758696892787,0.09,0.08
"Pearson","L_Y_dich_1_5__K_X_dich_2_5",20,0.5,0,4,0,0.1,0.092803515459299,"PPW",0.124173462445716,0.133716622033627,0.91,0.91,100,0.0241734624457162,0.0241734624457162,0.0313699469864172,0.0313699469864172,0.0399999999999999,0.0399999999999999
"Pearson","L_Y_dich_1_5__K_X_dich_2_5",20,0.5,0,4,0,0.1,0.092803515459299,"OPW",0.0880387429882437,0.159515037240788,0.85,0.85,100,-0.0119612570117563,0.0119612570117563,-0.00476477247105536,0.00476477247105536,0.1,0.1
"Pearson","L_Y_dich_1_5__K_X_dich_2_5",20,0.5,0,4,4,0.1,0.0907784391345714,"no_weight",0.0907784391345714,0.166310054880733,0.86,0.87,100,-0.00922156086542865,0.00922156086542865,0,0,0.09,0.08
"Pearson","L_Y_dich_1_5__K_X_dich_2_5",20,0.5,0,4,4,0.1,0.0907784391345714,"CW",0.0397946168327839,0.176180327568743,0.87,0.87,100,-0.0602053831672161,0.0602053831672161,-0.0509838223017874,0.0509838223017874,0.08,0.08
"Pearson","L_Y_dich_1_5__K_X_dich_2_5",20,0.5,0,4,4,0.1,0.0907784391345714,"PPW",0.0781536996910449,0.145220220721037,0.89,0.88,100,-0.0218463003089551,0.0218463003089551,-0.0126247394435265,0.0126247394435265,0.0599999999999999,0.07
"Pearson","L_Y_dich_1_5__K_X_dich_2_5",20,0.5,0,4,4,0.1,0.0907784391345714,"OPW",0.0428148271024264,0.169302370523182,0.82,0.83,100,-0.0571851728975736,0.0571851728975736,-0.047963612032145,0.047963612032145,0.13,0.12
"Pearson","L_Y_dich_1_5__K_X_dich_2_5",20,0.5,0.5,0,0,0.5,0.460326813036876,"no_weight",0.460326813036876,0.128944741373147,0.89,0.89,100,-0.0396731869631245,0.0396731869631245,0,0,0.0599999999999999,0.0599999999999999
"Pearson","L_Y_dich_1_5__K_X_dich_2_5",20,0.5,0.5,0,0,0.5,0.460326813036876,"CW",0.459378150100537,0.128715490784522,0.91,0.88,100,-0.0406218498994634,0.0406218498994634,-0.00094866293633894,0.00094866293633894,0.0399999999999999,0.07
"Pearson","L_Y_dich_1_5__K_X_dich_2_5",20,0.5,0.5,0,0,0.5,0.460326813036876,"PPW",0.38089091773561,0.107019093795768,0.75,0.8,100,-0.11910908226439,0.11910908226439,-0.0794358953012659,0.0794358953012659,0.2,0.15
"Pearson","L_Y_dich_1_5__K_X_dich_2_5",20,0.5,0.5,0,0,0.5,0.460326813036876,"OPW",0.44821117000874,0.123870972336564,0.88,0.9,100,-0.0517888299912596,0.0517888299912596,-0.0121156430281351,0.0121156430281351,0.07,0.0499999999999999
"Pearson","L_Y_dich_1_5__K_X_dich_2_5",20,0.5,0.5,0,4,0.5,0.387076834631654,"no_weight",0.387076834631654,0.135297452065469,0.85,0.85,100,-0.112923165368346,0.112923165368346,0,0,0.1,0.1
"Pearson","L_Y_dich_1_5__K_X_dich_2_5",20,0.5,0.5,0,4,0.5,0.387076834631654,"CW",0.39149824350245,0.136491662055681,0.84,0.84,100,-0.10850175649755,0.10850175649755,0.00442140887079656,0.00442140887079656,0.11,0.11
"Pearson","L_Y_dich_1_5__K_X_dich_2_5",20,0.5,0.5,0,4,0.5,0.387076834631654,"PPW",0.325169095525184,0.113771252335589,0.67,0.83,100,-0.174830904474816,0.174830904474816,-0.0619077391064695,0.0619077391064695,0.28,0.12
"Pearson","L_Y_dich_1_5__K_X_dich_2_5",20,0.5,0.5,0,4,0.5,0.387076834631654,"OPW",0.365727510100129,0.135353658932183,0.8,0.81,100,-0.134272489899871,0.134272489899871,-0.0213493245315249,0.0213493245315249,0.15,0.14
"Pearson","L_Y_dich_1_5__K_X_dich_2_5",20,0.5,0.5,4,0,0.5,0.37987803383539,"no_weight",0.37987803383539,0.132772534010617,0.84,0.89,100,-0.12012196616461,0.12012196616461,0,0,0.11,0.0599999999999999
"Pearson","L_Y_dich_1_5__K_X_dich_2_5",20,0.5,0.5,4,0,0.5,0.37987803383539,"CW",0.397713795396384,0.134244980447354,0.87,0.91,100,-0.102286204603616,0.102286204603616,0.017835761560994,0.017835761560994,0.08,0.0399999999999999
"Pearson","L_Y_dich_1_5__K_X_dich_2_5",20,0.5,0.5,4,0,0.5,0.37987803383539,"PPW",0.349761573037465,0.114206763423872,0.71,0.9,100,-0.150238426962535,0.150238426962535,-0.0301164607979253,0.0301164607979253,0.24,0.0499999999999999
"Pearson","L_Y_dich_1_5__K_X_dich_2_5",20,0.5,0.5,4,0,0.5,0.37987803383539,"OPW",0.392791321063538,0.130428937372826,0.85,0.91,100,-0.107208678936462,0.107208678936462,0.0129132872281481,0.0129132872281481,0.1,0.0399999999999999
"Pearson","L_Y_dich_1_5__K_X_dich_2_5",20,0.5,0.5,4,4,0.5,0.360183382543429,"no_weight",0.360183382543429,0.137305016040418,0.78,0.84,100,-0.139816617456571,0.139816617456571,0,0,0.17,0.11
"Pearson","L_Y_dich_1_5__K_X_dich_2_5",20,0.5,0.5,4,4,0.5,0.360183382543429,"CW",0.353059272740844,0.144586268421705,0.79,0.86,100,-0.146940727259156,0.146940727259156,-0.00712410980258532,0.00712410980258532,0.16,0.09
"Pearson","L_Y_dich_1_5__K_X_dich_2_5",20,0.5,0.5,4,4,0.5,0.360183382543429,"PPW",0.32456699806414,0.126432613189665,0.73,0.89,100,-0.17543300193586,0.17543300193586,-0.035616384479289,0.035616384479289,0.22,0.0599999999999999
"Pearson","L_Y_dich_1_5__K_X_dich_2_5",20,0.5,0.5,4,4,0.5,0.360183382543429,"OPW",0.346352162760158,0.144755081238377,0.8,0.88,100,-0.153647837239842,0.153647837239842,-0.0138312197832709,0.0138312197832709,0.15,0.07
"Pearson","L_Y_dich_1_5__K_X_dich_3_5",20,0,0,0,0,0,-0.0199637926057045,"no_weight",-0.0199637926057045,0.162509347941674,0.88,0.86,100,-0.0199637926057045,0.0199637926057045,0,0,0.07,0.09
"Pearson","L_Y_dich_1_5__K_X_dich_3_5",20,0,0,0,0,0,-0.0199637926057045,"CW",-0.0190950472862701,0.16217256659962,0.89,0.86,100,-0.0190950472862701,0.0190950472862701,0.000868745319434462,0.000868745319434462,0.0599999999999999,0.09
"Pearson","L_Y_dich_1_5__K_X_dich_3_5",20,0,0,0,0,0,-0.0199637926057045,"PPW",-0.00310467207069415,0.135574712859174,0.91,0.91,100,-0.00310467207069415,0.00310467207069415,0.0168591205350104,0.0168591205350104,0.0399999999999999,0.0399999999999999
"Pearson","L_Y_dich_1_5__K_X_dich_3_5",20,0,0,0,0,0,-0.0199637926057045,"OPW",-0.0188963392437974,0.16084948814203,0.89,0.88,100,-0.0188963392437974,0.0188963392437974,0.00106745336190715,0.00106745336190715,0.0599999999999999,0.07
"Pearson","L_Y_dich_1_5__K_X_dich_3_5",20,0,0,0,4,0,-0.00225587854175545,"no_weight",-0.00225587854175545,0.163720846101758,0.87,0.88,100,-0.00225587854175545,0.00225587854175545,0,0,0.08,0.07
"Pearson","L_Y_dich_1_5__K_X_dich_3_5",20,0,0,0,4,0,-0.00225587854175545,"CW",0.00104113349710805,0.166185250853956,0.91,0.91,100,0.00104113349710805,0.00104113349710805,0.0032970120388635,0.0032970120388635,0.0399999999999999,0.0399999999999999
"Pearson","L_Y_dich_1_5__K_X_dich_3_5",20,0,0,0,4,0,-0.00225587854175545,"PPW",-0.00994153611236817,0.134781314073551,0.94,0.94,100,-0.00994153611236817,0.00994153611236817,-0.00768565757061273,0.00768565757061273,0.01,0.01
"Pearson","L_Y_dich_1_5__K_X_dich_3_5",20,0,0,0,4,0,-0.00225587854175545,"OPW",-0.000324479419383113,0.157176402821067,0.92,0.92,100,-0.000324479419383113,0.000324479419383113,0.00193139912237233,0.00193139912237233,0.0299999999999999,0.0299999999999999
"Pearson","L_Y_dich_1_5__K_X_dich_3_5",20,0,0,4,0,0,0.0127474969761225,"no_weight",0.0127474969761225,0.157700200709008,0.92,0.91,100,0.0127474969761225,0.0127474969761225,0,0,0.0299999999999999,0.0399999999999999
"Pearson","L_Y_dich_1_5__K_X_dich_3_5",20,0,0,4,0,0,0.0127474969761225,"CW",0.0128939663092042,0.163818507859304,0.87,0.87,100,0.0128939663092042,0.0128939663092042,0.000146469333081741,0.000146469333081741,0.08,0.08
"Pearson","L_Y_dich_1_5__K_X_dich_3_5",20,0,0,4,0,0,0.0127474969761225,"PPW",0.0331285941173775,0.157609383520539,0.91,0.92,100,0.0331285941173775,0.0331285941173775,0.020381097141255,0.020381097141255,0.0399999999999999,0.0299999999999999
"Pearson","L_Y_dich_1_5__K_X_dich_3_5",20,0,0,4,0,0,0.0127474969761225,"OPW",0.0163604872476577,0.166180836843269,0.9,0.9,100,0.0163604872476577,0.0163604872476577,0.0036129902715352,0.0036129902715352,0.0499999999999999,0.0499999999999999
"Pearson","L_Y_dich_1_5__K_X_dich_3_5",20,0,0,4,4,0,0.0175583440275304,"no_weight",0.0175583440275304,0.160584836987019,0.87,0.89,100,0.0175583440275304,0.0175583440275304,0,0,0.08,0.0599999999999999
"Pearson","L_Y_dich_1_5__K_X_dich_3_5",20,0,0,4,4,0,0.0175583440275304,"CW",0.0138685351420662,0.166902466517565,0.86,0.87,100,0.0138685351420662,0.0138685351420662,-0.00368980888546416,0.00368980888546416,0.09,0.08
"Pearson","L_Y_dich_1_5__K_X_dich_3_5",20,0,0,4,4,0,0.0175583440275304,"PPW",0.0174569129411484,0.153893198898837,0.87,0.88,100,0.0174569129411484,0.0174569129411484,-0.000101431086381994,0.000101431086381994,0.08,0.07
"Pearson","L_Y_dich_1_5__K_X_dich_3_5",20,0,0,4,4,0,0.0175583440275304,"OPW",0.0118342223329154,0.165445085532902,0.82,0.85,100,0.0118342223329154,0.0118342223329154,-0.00572412169461503,0.00572412169461503,0.13,0.1
"Pearson","L_Y_dich_1_5__K_X_dich_3_5",20,0,0.5,0,0,0.4,0.377924280252174,"no_weight",0.377924280252174,0.134290131539649,0.92,0.89,100,-0.0220757197478256,0.0220757197478256,0,0,0.0299999999999999,0.0599999999999999
"Pearson","L_Y_dich_1_5__K_X_dich_3_5",20,0,0.5,0,0,0.4,0.377924280252174,"CW",0.379908703780557,0.133597488459516,0.92,0.91,100,-0.0200912962194434,0.0200912962194434,0.00198442352838213,0.00198442352838213,0.0299999999999999,0.0399999999999999
"Pearson","L_Y_dich_1_5__K_X_dich_3_5",20,0,0.5,0,0,0.4,0.377924280252174,"PPW",0.302270749185924,0.12221151346382,0.9,0.92,100,-0.0977292508140764,0.0977292508140764,-0.0756535310662508,0.0756535310662508,0.0499999999999999,0.0299999999999999
"Pearson","L_Y_dich_1_5__K_X_dich_3_5",20,0,0.5,0,0,0.4,0.377924280252174,"OPW",0.367410582523656,0.13235916704952,0.91,0.93,100,-0.0325894174763439,0.0325894174763439,-0.0105136977285183,0.0105136977285183,0.0399999999999999,0.0199999999999999
"Pearson","L_Y_dich_1_5__K_X_dich_3_5",20,0,0.5,0,4,0.4,0.294136570753405,"no_weight",0.294136570753405,0.139801836765555,0.81,0.87,100,-0.105863429246595,0.105863429246595,0,0,0.14,0.08
"Pearson","L_Y_dich_1_5__K_X_dich_3_5",20,0,0.5,0,4,0.4,0.294136570753405,"CW",0.322489541686763,0.139134180839548,0.85,0.9,100,-0.0775104583132374,0.0775104583132374,0.0283529709333576,0.0283529709333576,0.1,0.0499999999999999
"Pearson","L_Y_dich_1_5__K_X_dich_3_5",20,0,0.5,0,4,0.4,0.294136570753405,"PPW",0.236763431860442,0.129120551272991,0.75,0.91,100,-0.163236568139558,0.163236568139558,-0.0573731388929631,0.0573731388929631,0.2,0.0399999999999999
"Pearson","L_Y_dich_1_5__K_X_dich_3_5",20,0,0.5,0,4,0.4,0.294136570753405,"OPW",0.290328646094646,0.141310140175172,0.83,0.89,100,-0.109671353905354,0.109671353905354,-0.00380792465875862,0.00380792465875862,0.12,0.0599999999999999
"Pearson","L_Y_dich_1_5__K_X_dich_3_5",20,0,0.5,4,0,0.4,0.308793840705643,"no_weight",0.308793840705643,0.13723942550444,0.79,0.83,100,-0.0912061592943569,0.0912061592943569,0,0,0.16,0.12
"Pearson","L_Y_dich_1_5__K_X_dich_3_5",20,0,0.5,4,0,0.4,0.308793840705643,"CW",0.331522749471104,0.138148090255811,0.83,0.88,100,-0.0684772505288958,0.0684772505288958,0.0227289087654612,0.0227289087654612,0.12,0.07
"Pearson","L_Y_dich_1_5__K_X_dich_3_5",20,0,0.5,4,0,0.4,0.308793840705643,"PPW",0.303072732102186,0.129736605797657,0.81,0.89,100,-0.096927267897814,0.096927267897814,-0.00572110860345709,0.00572110860345709,0.14,0.0599999999999999
"Pearson","L_Y_dich_1_5__K_X_dich_3_5",20,0,0.5,4,0,0.4,0.308793840705643,"OPW",0.330298414933037,0.135131850969364,0.85,0.88,100,-0.0697015850669629,0.0697015850669629,0.021504574227394,0.021504574227394,0.1,0.07
"Pearson","L_Y_dich_1_5__K_X_dich_3_5",20,0,0.5,4,4,0.4,0.282697896382999,"no_weight",0.282697896382999,0.148930249498372,0.8,0.83,100,-0.117302103617001,0.117302103617001,0,0,0.15,0.12
"Pearson","L_Y_dich_1_5__K_X_dich_3_5",20,0,0.5,4,4,0.4,0.282697896382999,"CW",0.299404437938845,0.155837112339728,0.85,0.85,100,-0.100595562061155,0.100595562061155,0.0167065415558464,0.0167065415558464,0.1,0.1
"Pearson","L_Y_dich_1_5__K_X_dich_3_5",20,0,0.5,4,4,0.4,0.282697896382999,"PPW",0.241808691736462,0.14218422402065,0.77,0.88,100,-0.158191308263538,0.158191308263538,-0.0408892046465369,0.0408892046465369,0.18,0.07
"Pearson","L_Y_dich_1_5__K_X_dich_3_5",20,0,0.5,4,4,0.4,0.282697896382999,"OPW",0.282543995768887,0.154486837431917,0.82,0.84,100,-0.117456004231113,0.117456004231113,-0.000153900614111246,0.000153900614111246,0.13,0.11
"Pearson","L_Y_dich_1_5__K_X_dich_3_5",20,0.5,0,0,0,0.1,0.109346255644978,"no_weight",0.109346255644978,0.163207281315602,0.93,0.93,100,0.00934625564497769,0.00934625564497769,0,0,0.0199999999999999,0.0199999999999999
"Pearson","L_Y_dich_1_5__K_X_dich_3_5",20,0.5,0,0,0,0.1,0.109346255644978,"CW",0.108110166212168,0.163318615520353,0.93,0.92,100,0.00811016621216795,0.00811016621216795,-0.00123608943280974,0.00123608943280974,0.0199999999999999,0.0299999999999999
"Pearson","L_Y_dich_1_5__K_X_dich_3_5",20,0.5,0,0,0,0.1,0.109346255644978,"PPW",0.149151214853698,0.136267465007942,0.93,0.93,100,0.0491512148536981,0.0491512148536981,0.0398049592087204,0.0398049592087204,0.0199999999999999,0.0199999999999999
"Pearson","L_Y_dich_1_5__K_X_dich_3_5",20,0.5,0,0,0,0.1,0.109346255644978,"OPW",0.119712663162333,0.15797512310814,0.93,0.93,100,0.0197126631623331,0.0197126631623331,0.0103664075173554,0.0103664075173554,0.0199999999999999,0.0199999999999999
"Pearson","L_Y_dich_1_5__K_X_dich_3_5",20,0.5,0,0,4,0.1,0.0467613058560301,"no_weight",0.0467613058560301,0.161558979358561,0.84,0.87,100,-0.0532386941439699,0.0532386941439699,0,0,0.11,0.08
"Pearson","L_Y_dich_1_5__K_X_dich_3_5",20,0.5,0,0,4,0.1,0.0467613058560301,"CW",0.0231314133403272,0.166473338467646,0.86,0.9,100,-0.0768685866596728,0.0768685866596728,-0.0236298925157029,0.0236298925157029,0.09,0.0499999999999999
"Pearson","L_Y_dich_1_5__K_X_dich_3_5",20,0.5,0,0,4,0.1,0.0467613058560301,"PPW",0.0549513159564846,0.140269831315719,0.92,0.91,100,-0.0450486840435154,0.0450486840435154,0.00819001010045452,0.00819001010045452,0.0299999999999999,0.0399999999999999
"Pearson","L_Y_dich_1_5__K_X_dich_3_5",20,0.5,0,0,4,0.1,0.0467613058560301,"OPW",0.0275430810012206,0.161343033331349,0.86,0.9,100,-0.0724569189987794,0.0724569189987794,-0.0192182248548094,0.0192182248548094,0.09,0.0499999999999999
"Pearson","L_Y_dich_1_5__K_X_dich_3_5",20,0.5,0,4,0,0.1,0.092803515459299,"no_weight",0.092803515459299,0.157679026412958,0.88,0.86,100,-0.00719648454070099,0.00719648454070099,0,0,0.07,0.09
"Pearson","L_Y_dich_1_5__K_X_dich_3_5",20,0.5,0,4,0,0.1,0.092803515459299,"CW",0.0745276457700203,0.162574155710437,0.86,0.87,100,-0.0254723542299797,0.0254723542299797,-0.0182758696892787,0.0182758696892787,0.09,0.08
"Pearson","L_Y_dich_1_5__K_X_dich_3_5",20,0.5,0,4,0,0.1,0.092803515459299,"PPW",0.122153886830143,0.151813940741768,0.81,0.8,100,0.0221538868301434,0.0221538868301434,0.0293503713708444,0.0293503713708444,0.14,0.15
"Pearson","L_Y_dich_1_5__K_X_dich_3_5",20,0.5,0,4,0,0.1,0.092803515459299,"OPW",0.0901972407894839,0.161805855542451,0.87,0.87,100,-0.00980275921051614,0.00980275921051614,-0.00260627466981515,0.00260627466981515,0.08,0.08
"Pearson","L_Y_dich_1_5__K_X_dich_3_5",20,0.5,0,4,4,0.1,0.0907784391345714,"no_weight",0.0907784391345714,0.166310054880733,0.86,0.87,100,-0.00922156086542865,0.00922156086542865,0,0,0.09,0.08
"Pearson","L_Y_dich_1_5__K_X_dich_3_5",20,0.5,0,4,4,0.1,0.0907784391345714,"CW",0.0397946168327839,0.176180327568743,0.87,0.87,100,-0.0602053831672161,0.0602053831672161,-0.0509838223017874,0.0509838223017874,0.08,0.08
"Pearson","L_Y_dich_1_5__K_X_dich_3_5",20,0.5,0,4,4,0.1,0.0907784391345714,"PPW",0.0885163200834214,0.162632481243824,0.86,0.87,100,-0.0114836799165786,0.0114836799165786,-0.00226211905114995,0.00226211905114995,0.09,0.08
"Pearson","L_Y_dich_1_5__K_X_dich_3_5",20,0.5,0,4,4,0.1,0.0907784391345714,"OPW",0.0555536028366499,0.173348987687444,0.81,0.81,100,-0.0444463971633501,0.0444463971633501,-0.0352248362979215,0.0352248362979215,0.14,0.14
"Pearson","L_Y_dich_1_5__K_X_dich_3_5",20,0.5,0.5,0,0,0.5,0.460326813036876,"no_weight",0.460326813036876,0.128944741373147,0.89,0.89,100,-0.0396731869631245,0.0396731869631245,0,0,0.0599999999999999,0.0599999999999999
"Pearson","L_Y_dich_1_5__K_X_dich_3_5",20,0.5,0.5,0,0,0.5,0.460326813036876,"CW",0.459378150100537,0.128715490784522,0.91,0.88,100,-0.0406218498994634,0.0406218498994634,-0.00094866293633894,0.00094866293633894,0.0399999999999999,0.07
"Pearson","L_Y_dich_1_5__K_X_dich_3_5",20,0.5,0.5,0,0,0.5,0.460326813036876,"PPW",0.427842359954558,0.117514899736371,0.93,0.92,100,-0.0721576400454419,0.0721576400454419,-0.0324844530823174,0.0324844530823174,0.0199999999999999,0.0299999999999999
"Pearson","L_Y_dich_1_5__K_X_dich_3_5",20,0.5,0.5,0,0,0.5,0.460326813036876,"OPW",0.46455256705555,0.12594549298832,0.93,0.89,100,-0.0354474329444498,0.0354474329444498,0.0042257540186747,0.0042257540186747,0.0199999999999999,0.0599999999999999
"Pearson","L_Y_dich_1_5__K_X_dich_3_5",20,0.5,0.5,0,4,0.5,0.387076834631654,"no_weight",0.387076834631654,0.135297452065469,0.85,0.85,100,-0.112923165368346,0.112923165368346,0,0,0.1,0.1
"Pearson","L_Y_dich_1_5__K_X_dich_3_5",20,0.5,0.5,0,4,0.5,0.387076834631654,"CW",0.39149824350245,0.136491662055681,0.84,0.84,100,-0.10850175649755,0.10850175649755,0.00442140887079656,0.00442140887079656,0.11,0.11
"Pearson","L_Y_dich_1_5__K_X_dich_3_5",20,0.5,0.5,0,4,0.5,0.387076834631654,"PPW",0.3506665428228,0.125248960715202,0.76,0.85,100,-0.1493334571772,0.1493334571772,-0.0364102918088536,0.0364102918088536,0.19,0.1
"Pearson","L_Y_dich_1_5__K_X_dich_3_5",20,0.5,0.5,0,4,0.5,0.387076834631654,"OPW",0.38000513751652,0.135852863690893,0.83,0.81,100,-0.11999486248348,0.11999486248348,-0.00707169711513406,0.00707169711513406,0.12,0.14
"Pearson","L_Y_dich_1_5__K_X_dich_3_5",20,0.5,0.5,4,0,0.5,0.37987803383539,"no_weight",0.37987803383539,0.132772534010617,0.84,0.89,100,-0.12012196616461,0.12012196616461,0,0,0.11,0.0599999999999999
"Pearson","L_Y_dich_1_5__K_X_dich_3_5",20,0.5,0.5,4,0,0.5,0.37987803383539,"CW",0.397713795396384,0.134244980447354,0.87,0.91,100,-0.102286204603616,0.102286204603616,0.017835761560994,0.017835761560994,0.08,0.0399999999999999
"Pearson","L_Y_dich_1_5__K_X_dich_3_5",20,0.5,0.5,4,0,0.5,0.37987803383539,"PPW",0.400149326332087,0.123648902777949,0.83,0.89,100,-0.0998506736679132,0.0998506736679132,0.0202712924966966,0.0202712924966966,0.12,0.0599999999999999
"Pearson","L_Y_dich_1_5__K_X_dich_3_5",20,0.5,0.5,4,0,0.5,0.37987803383539,"OPW",0.404816860275688,0.13139854860055,0.86,0.87,100,-0.0951831397243117,0.0951831397243117,0.0249388264402981,0.0249388264402981,0.09,0.08
"Pearson","L_Y_dich_1_5__K_X_dich_3_5",20,0.5,0.5,4,4,0.5,0.360183382543429,"no_weight",0.360183382543429,0.137305016040418,0.78,0.84,100,-0.139816617456571,0.139816617456571,0,0,0.17,0.11
"Pearson","L_Y_dich_1_5__K_X_dich_3_5",20,0.5,0.5,4,4,0.5,0.360183382543429,"CW",0.353059272740844,0.144586268421705,0.79,0.86,100,-0.146940727259156,0.146940727259156,-0.00712410980258532,0.00712410980258532,0.16,0.09
"Pearson","L_Y_dich_1_5__K_X_dich_3_5",20,0.5,0.5,4,4,0.5,0.360183382543429,"PPW",0.350522812932802,0.133731727967992,0.79,0.89,100,-0.149477187067198,0.149477187067198,-0.00966056961062728,0.00966056961062728,0.16,0.0599999999999999
"Pearson","L_Y_dich_1_5__K_X_dich_3_5",20,0.5,0.5,4,4,0.5,0.360183382543429,"OPW",0.357414524998618,0.141962006806037,0.81,0.89,100,-0.142585475001382,0.142585475001382,-0.00276885754481115,0.00276885754481115,0.14,0.0599999999999999
"Pearson","L_Y_dich_1_5__K_X_dich_4_5",20,0,0,0,0,0,-0.0199637926057045,"no_weight",-0.0199637926057045,0.162509347941674,0.88,0.86,100,-0.0199637926057045,0.0199637926057045,0,0,0.07,0.09
"Pearson","L_Y_dich_1_5__K_X_dich_4_5",20,0,0,0,0,0,-0.0199637926057045,"CW",-0.0190950472862701,0.16217256659962,0.89,0.86,100,-0.0190950472862701,0.0190950472862701,0.000868745319434462,0.000868745319434462,0.0599999999999999,0.09
"Pearson","L_Y_dich_1_5__K_X_dich_4_5",20,0,0,0,0,0,-0.0199637926057045,"PPW",-0.0171247082235938,0.136435399354513,0.9,0.9,100,-0.0171247082235938,0.0171247082235938,0.00283908438211071,0.00283908438211071,0.0499999999999999,0.0499999999999999
"Pearson","L_Y_dich_1_5__K_X_dich_4_5",20,0,0,0,0,0,-0.0199637926057045,"OPW",-0.0257576456835131,0.158983714444354,0.88,0.87,100,-0.0257576456835131,0.0257576456835131,-0.00579385307780855,0.00579385307780855,0.07,0.08
"Pearson","L_Y_dich_1_5__K_X_dich_4_5",20,0,0,0,4,0,-0.00225587854175545,"no_weight",-0.00225587854175545,0.163720846101758,0.87,0.88,100,-0.00225587854175545,0.00225587854175545,0,0,0.08,0.07
"Pearson","L_Y_dich_1_5__K_X_dich_4_5",20,0,0,0,4,0,-0.00225587854175545,"CW",0.00104113349710805,0.166185250853956,0.91,0.91,100,0.00104113349710805,0.00104113349710805,0.0032970120388635,0.0032970120388635,0.0399999999999999,0.0399999999999999
"Pearson","L_Y_dich_1_5__K_X_dich_4_5",20,0,0,0,4,0,-0.00225587854175545,"PPW",0.00219073409815174,0.132537351975808,0.91,0.91,100,0.00219073409815174,0.00219073409815174,0.00444661263990719,0.00444661263990719,0.0399999999999999,0.0399999999999999
"Pearson","L_Y_dich_1_5__K_X_dich_4_5",20,0,0,0,4,0,-0.00225587854175545,"OPW",0.00285956919599985,0.157947064860813,0.9,0.9,100,0.00285956919599985,0.00285956919599985,0.00511544773775529,0.00511544773775529,0.0499999999999999,0.0499999999999999
"Pearson","L_Y_dich_1_5__K_X_dich_4_5",20,0,0,4,0,0,0.0127474969761225,"no_weight",0.0127474969761225,0.157700200709008,0.92,0.91,100,0.0127474969761225,0.0127474969761225,0,0,0.0299999999999999,0.0399999999999999
"Pearson","L_Y_dich_1_5__K_X_dich_4_5",20,0,0,4,0,0,0.0127474969761225,"CW",0.0128939663092042,0.163818507859304,0.87,0.87,100,0.0128939663092042,0.0128939663092042,0.000146469333081741,0.000146469333081741,0.08,0.08
"Pearson","L_Y_dich_1_5__K_X_dich_4_5",20,0,0,4,0,0,0.0127474969761225,"PPW",0.018712093746041,0.141206503023164,0.89,0.9,100,0.018712093746041,0.018712093746041,0.00596459676991852,0.00596459676991852,0.0599999999999999,0.0499999999999999
"Pearson","L_Y_dich_1_5__K_X_dich_4_5",20,0,0,4,0,0,0.0127474969761225,"OPW",0.0154760212666562,0.162154870072085,0.9,0.9,100,0.0154760212666562,0.0154760212666562,0.00272852429053368,0.00272852429053368,0.0499999999999999,0.0499999999999999
"Pearson","L_Y_dich_1_5__K_X_dich_4_5",20,0,0,4,4,0,0.0175583440275304,"no_weight",0.0175583440275304,0.160584836987019,0.87,0.89,100,0.0175583440275304,0.0175583440275304,0,0,0.08,0.0599999999999999
"Pearson","L_Y_dich_1_5__K_X_dich_4_5",20,0,0,4,4,0,0.0175583440275304,"CW",0.0138685351420662,0.166902466517565,0.86,0.87,100,0.0138685351420662,0.0138685351420662,-0.00368980888546416,0.00368980888546416,0.09,0.08
"Pearson","L_Y_dich_1_5__K_X_dich_4_5",20,0,0,4,4,0,0.0175583440275304,"PPW",0.0162999491411516,0.142680216891584,0.89,0.9,100,0.0162999491411516,0.0162999491411516,-0.00125839488637874,0.00125839488637874,0.0599999999999999,0.0499999999999999
"Pearson","L_Y_dich_1_5__K_X_dich_4_5",20,0,0,4,4,0,0.0175583440275304,"OPW",0.0142769844487898,0.163630339638481,0.83,0.84,100,0.0142769844487898,0.0142769844487898,-0.00328135957874057,0.00328135957874057,0.12,0.11
"Pearson","L_Y_dich_1_5__K_X_dich_4_5",20,0,0.5,0,0,0.4,0.377924280252174,"no_weight",0.377924280252174,0.134290131539649,0.92,0.89,100,-0.0220757197478256,0.0220757197478256,0,0,0.0299999999999999,0.0599999999999999
"Pearson","L_Y_dich_1_5__K_X_dich_4_5",20,0,0.5,0,0,0.4,0.377924280252174,"CW",0.379908703780557,0.133597488459516,0.92,0.91,100,-0.0200912962194434,0.0200912962194434,0.00198442352838213,0.00198442352838213,0.0299999999999999,0.0399999999999999
"Pearson","L_Y_dich_1_5__K_X_dich_4_5",20,0,0.5,0,0,0.4,0.377924280252174,"PPW",0.3083378097456,0.124424869578745,0.88,0.89,100,-0.0916621902544003,0.0916621902544003,-0.0695864705065747,0.0695864705065747,0.07,0.0599999999999999
"Pearson","L_Y_dich_1_5__K_X_dich_4_5",20,0,0.5,0,0,0.4,0.377924280252174,"OPW",0.369115819208178,0.132046127921769,0.92,0.9,100,-0.0308841807918218,0.0308841807918218,-0.00880846104399624,0.00880846104399624,0.0299999999999999,0.0499999999999999
"Pearson","L_Y_dich_1_5__K_X_dich_4_5",20,0,0.5,0,4,0.4,0.294136570753405,"no_weight",0.294136570753405,0.139801836765555,0.81,0.87,100,-0.105863429246595,0.105863429246595,0,0,0.14,0.08
"Pearson","L_Y_dich_1_5__K_X_dich_4_5",20,0,0.5,0,4,0.4,0.294136570753405,"CW",0.322489541686763,0.139134180839548,0.85,0.9,100,-0.0775104583132374,0.0775104583132374,0.0283529709333576,0.0283529709333576,0.1,0.0499999999999999
"Pearson","L_Y_dich_1_5__K_X_dich_4_5",20,0,0.5,0,4,0.4,0.294136570753405,"PPW",0.250146808980253,0.122669773287346,0.76,0.88,100,-0.149853191019747,0.149853191019747,-0.0439897617731518,0.0439897617731518,0.19,0.07
"Pearson","L_Y_dich_1_5__K_X_dich_4_5",20,0,0.5,0,4,0.4,0.294136570753405,"OPW",0.296537704698051,0.137467155643441,0.84,0.85,100,-0.103462295301949,0.103462295301949,0.00240113394464553,0.00240113394464553,0.11,0.1
"Pearson","L_Y_dich_1_5__K_X_dich_4_5",20,0,0.5,4,0,0.4,0.308793840705643,"no_weight",0.308793840705643,0.13723942550444,0.79,0.83,100,-0.0912061592943569,0.0912061592943569,0,0,0.16,0.12
"Pearson","L_Y_dich_1_5__K_X_dich_4_5",20,0,0.5,4,0,0.4,0.308793840705643,"CW",0.331522749471104,0.138148090255811,0.83,0.88,100,-0.0684772505288958,0.0684772505288958,0.0227289087654612,0.0227289087654612,0.12,0.07
"Pearson","L_Y_dich_1_5__K_X_dich_4_5",20,0,0.5,4,0,0.4,0.308793840705643,"PPW",0.278118215237044,0.124726429463025,0.76,0.89,100,-0.121881784762956,0.121881784762956,-0.0306756254685995,0.0306756254685995,0.19,0.0599999999999999
"Pearson","L_Y_dich_1_5__K_X_dich_4_5",20,0,0.5,4,0,0.4,0.308793840705643,"OPW",0.325836723836544,0.134244764756651,0.83,0.89,100,-0.0741632761634564,0.0741632761634564,0.0170428831309005,0.0170428831309005,0.12,0.0599999999999999
"Pearson","L_Y_dich_1_5__K_X_dich_4_5",20,0,0.5,4,4,0.4,0.282697896382999,"no_weight",0.282697896382999,0.148930249498372,0.8,0.83,100,-0.117302103617001,0.117302103617001,0,0,0.15,0.12
"Pearson","L_Y_dich_1_5__K_X_dich_4_5",20,0,0.5,4,4,0.4,0.282697896382999,"CW",0.299404437938845,0.155837112339728,0.85,0.85,100,-0.100595562061155,0.100595562061155,0.0167065415558464,0.0167065415558464,0.1,0.1
"Pearson","L_Y_dich_1_5__K_X_dich_4_5",20,0,0.5,4,4,0.4,0.282697896382999,"PPW",0.229312637995146,0.13485748721629,0.69,0.84,100,-0.170687362004854,0.170687362004854,-0.0533852583878521,0.0533852583878521,0.26,0.11
"Pearson","L_Y_dich_1_5__K_X_dich_4_5",20,0,0.5,4,4,0.4,0.282697896382999,"OPW",0.281889591236191,0.152509018527977,0.8,0.86,100,-0.118110408763809,0.118110408763809,-0.000808305146807742,0.000808305146807742,0.15,0.09
"Pearson","L_Y_dich_1_5__K_X_dich_4_5",20,0.5,0,0,0,0.1,0.109346255644978,"no_weight",0.109346255644978,0.163207281315602,0.93,0.93,100,0.00934625564497769,0.00934625564497769,0,0,0.0199999999999999,0.0199999999999999
"Pearson","L_Y_dich_1_5__K_X_dich_4_5",20,0.5,0,0,0,0.1,0.109346255644978,"CW",0.108110166212168,0.163318615520353,0.93,0.92,100,0.00811016621216795,0.00811016621216795,-0.00123608943280974,0.00123608943280974,0.0199999999999999,0.0299999999999999
"Pearson","L_Y_dich_1_5__K_X_dich_4_5",20,0.5,0,0,0,0.1,0.109346255644978,"PPW",0.126707054824653,0.134369801400286,0.94,0.93,100,0.026707054824653,0.026707054824653,0.0173607991796753,0.0173607991796753,0.01,0.0199999999999999
"Pearson","L_Y_dich_1_5__K_X_dich_4_5",20,0.5,0,0,0,0.1,0.109346255644978,"OPW",0.106518525845158,0.157426880175846,0.93,0.92,100,0.00651852584515809,0.00651852584515809,-0.0028277297998196,0.0028277297998196,0.0199999999999999,0.0299999999999999
"Pearson","L_Y_dich_1_5__K_X_dich_4_5",20,0.5,0,0,4,0.1,0.0467613058560301,"no_weight",0.0467613058560301,0.161558979358561,0.84,0.87,100,-0.0532386941439699,0.0532386941439699,0,0,0.11,0.08
"Pearson","L_Y_dich_1_5__K_X_dich_4_5",20,0.5,0,0,4,0.1,0.0467613058560301,"CW",0.0231314133403272,0.166473338467646,0.86,0.9,100,-0.0768685866596728,0.0768685866596728,-0.0236298925157029,0.0236298925157029,0.09,0.0499999999999999
"Pearson","L_Y_dich_1_5__K_X_dich_4_5",20,0.5,0,0,4,0.1,0.0467613058560301,"PPW",0.0657430028686474,0.13819772982001,0.91,0.92,100,-0.0342569971313526,0.0342569971313526,0.0189816970126173,0.0189816970126173,0.0399999999999999,0.0299999999999999
"Pearson","L_Y_dich_1_5__K_X_dich_4_5",20,0.5,0,0,4,0.1,0.0467613058560301,"OPW",0.0307799902190534,0.160117648463217,0.83,0.9,100,-0.0692200097809466,0.0692200097809466,-0.0159813156369767,0.0159813156369767,0.12,0.0499999999999999
"Pearson","L_Y_dich_1_5__K_X_dich_4_5",20,0.5,0,4,0,0.1,0.092803515459299,"no_weight",0.092803515459299,0.157679026412958,0.88,0.86,100,-0.00719648454070099,0.00719648454070099,0,0,0.07,0.09
"Pearson","L_Y_dich_1_5__K_X_dich_4_5",20,0.5,0,4,0,0.1,0.092803515459299,"CW",0.0745276457700203,0.162574155710437,0.86,0.87,100,-0.0254723542299797,0.0254723542299797,-0.0182758696892787,0.0182758696892787,0.09,0.08
"Pearson","L_Y_dich_1_5__K_X_dich_4_5",20,0.5,0,4,0,0.1,0.092803515459299,"PPW",0.104697173814741,0.14220097885236,0.89,0.89,100,0.00469717381474113,0.00469717381474113,0.0118936583554421,0.0118936583554421,0.0599999999999999,0.0599999999999999
"Pearson","L_Y_dich_1_5__K_X_dich_4_5",20,0.5,0,4,0,0.1,0.092803515459299,"OPW",0.0782293596737511,0.159920360412011,0.86,0.86,100,-0.0217706403262489,0.0217706403262489,-0.014574155785548,0.014574155785548,0.09,0.09
"Pearson","L_Y_dich_1_5__K_X_dich_4_5",20,0.5,0,4,4,0.1,0.0907784391345714,"no_weight",0.0907784391345714,0.166310054880733,0.86,0.87,100,-0.00922156086542865,0.00922156086542865,0,0,0.09,0.08
"Pearson","L_Y_dich_1_5__K_X_dich_4_5",20,0.5,0,4,4,0.1,0.0907784391345714,"CW",0.0397946168327839,0.176180327568743,0.87,0.87,100,-0.0602053831672161,0.0602053831672161,-0.0509838223017874,0.0509838223017874,0.08,0.08
"Pearson","L_Y_dich_1_5__K_X_dich_4_5",20,0.5,0,4,4,0.1,0.0907784391345714,"PPW",0.0820609376337806,0.151390132171407,0.89,0.9,100,-0.0179390623662194,0.0179390623662194,-0.00871750150079074,0.00871750150079074,0.0599999999999999,0.0499999999999999
"Pearson","L_Y_dich_1_5__K_X_dich_4_5",20,0.5,0,4,4,0.1,0.0907784391345714,"OPW",0.0481055839611613,0.17116381918253,0.82,0.83,100,-0.0518944160388387,0.0518944160388387,-0.04267285517341,0.04267285517341,0.13,0.12
"Pearson","L_Y_dich_1_5__K_X_dich_4_5",20,0.5,0.5,0,0,0.5,0.460326813036876,"no_weight",0.460326813036876,0.128944741373147,0.89,0.89,100,-0.0396731869631245,0.0396731869631245,0,0,0.0599999999999999,0.0599999999999999
"Pearson","L_Y_dich_1_5__K_X_dich_4_5",20,0.5,0.5,0,0,0.5,0.460326813036876,"CW",0.459378150100537,0.128715490784522,0.91,0.88,100,-0.0406218498994634,0.0406218498994634,-0.00094866293633894,0.00094866293633894,0.0399999999999999,0.07
"Pearson","L_Y_dich_1_5__K_X_dich_4_5",20,0.5,0.5,0,0,0.5,0.460326813036876,"PPW",0.421727019452071,0.114133661806385,0.84,0.87,100,-0.0782729805479288,0.0782729805479288,-0.0385997935848043,0.0385997935848043,0.11,0.08
"Pearson","L_Y_dich_1_5__K_X_dich_4_5",20,0.5,0.5,0,0,0.5,0.460326813036876,"OPW",0.458200534495717,0.125245739075251,0.9,0.86,100,-0.0417994655042835,0.0417994655042835,-0.00212627854115899,0.00212627854115899,0.0499999999999999,0.09
"Pearson","L_Y_dich_1_5__K_X_dich_4_5",20,0.5,0.5,0,4,0.5,0.387076834631654,"no_weight",0.387076834631654,0.135297452065469,0.85,0.85,100,-0.112923165368346,0.112923165368346,0,0,0.1,0.1
"Pearson","L_Y_dich_1_5__K_X_dich_4_5",20,0.5,0.5,0,4,0.5,0.387076834631654,"CW",0.39149824350245,0.136491662055681,0.84,0.84,100,-0.10850175649755,0.10850175649755,0.00442140887079656,0.00442140887079656,0.11,0.11
"Pearson","L_Y_dich_1_5__K_X_dich_4_5",20,0.5,0.5,0,4,0.5,0.387076834631654,"PPW",0.351496362607321,0.116985463945356,0.7,0.88,100,-0.148503637392679,0.148503637392679,-0.035580472024333,0.035580472024333,0.25,0.07
"Pearson","L_Y_dich_1_5__K_X_dich_4_5",20,0.5,0.5,0,4,0.5,0.387076834631654,"OPW",0.377396531016991,0.13430356229157,0.81,0.83,100,-0.122603468983009,0.122603468983009,-0.00968030361466288,0.00968030361466288,0.14,0.12
"Pearson","L_Y_dich_1_5__K_X_dich_4_5",20,0.5,0.5,4,0,0.5,0.37987803383539,"no_weight",0.37987803383539,0.132772534010617,0.84,0.89,100,-0.12012196616461,0.12012196616461,0,0,0.11,0.0599999999999999
"Pearson","L_Y_dich_1_5__K_X_dich_4_5",20,0.5,0.5,4,0,0.5,0.37987803383539,"CW",0.397713795396384,0.134244980447354,0.87,0.91,100,-0.102286204603616,0.102286204603616,0.017835761560994,0.017835761560994,0.08,0.0399999999999999
"Pearson","L_Y_dich_1_5__K_X_dich_4_5",20,0.5,0.5,4,0,0.5,0.37987803383539,"PPW",0.370168305360829,0.119057066023815,0.84,0.93,100,-0.129831694639171,0.129831694639171,-0.00970972847456164,0.00970972847456164,0.11,0.0199999999999999
"Pearson","L_Y_dich_1_5__K_X_dich_4_5",20,0.5,0.5,4,0,0.5,0.37987803383539,"OPW",0.39500455365913,0.130936114406506,0.86,0.89,100,-0.10499544634087,0.10499544634087,0.0151265198237398,0.0151265198237398,0.09,0.0599999999999999
"Pearson","L_Y_dich_1_5__K_X_dich_4_5",20,0.5,0.5,4,4,0.5,0.360183382543429,"no_weight",0.360183382543429,0.137305016040418,0.78,0.84,100,-0.139816617456571,0.139816617456571,0,0,0.17,0.11
"Pearson","L_Y_dich_1_5__K_X_dich_4_5",20,0.5,0.5,4,4,0.5,0.360183382543429,"CW",0.353059272740844,0.144586268421705,0.79,0.86,100,-0.146940727259156,0.146940727259156,-0.00712410980258532,0.00712410980258532,0.16,0.09
"Pearson","L_Y_dich_1_5__K_X_dich_4_5",20,0.5,0.5,4,4,0.5,0.360183382543429,"PPW",0.336206959063955,0.125712415898208,0.73,0.89,100,-0.163793040936045,0.163793040936045,-0.0239764234794737,0.0239764234794737,0.22,0.0599999999999999
"Pearson","L_Y_dich_1_5__K_X_dich_4_5",20,0.5,0.5,4,4,0.5,0.360183382543429,"OPW",0.349468471630713,0.141260086614781,0.78,0.88,100,-0.150531528369287,0.150531528369287,-0.0107149109127158,0.0107149109127158,0.17,0.07
"Pearson","L_Y_dich_1_5__K_X_sev",20,0,0,0,0,0,-0.0199637926057045,"no_weight",-0.0199637926057045,0.162509347941674,0.88,0.86,100,-0.0199637926057045,0.0199637926057045,0,0,0.07,0.09
"Pearson","L_Y_dich_1_5__K_X_sev",20,0,0,0,0,0,-0.0199637926057045,"CW",-0.0190950472862701,0.16217256659962,0.89,0.86,100,-0.0190950472862701,0.0190950472862701,0.000868745319434462,0.000868745319434462,0.0599999999999999,0.09
"Pearson","L_Y_dich_1_5__K_X_sev",20,0,0,0,0,0,-0.0199637926057045,"PPW",-0.011176585426882,0.120266515320044,0.92,0.93,100,-0.011176585426882,0.011176585426882,0.00878720717882253,0.00878720717882253,0.0299999999999999,0.0199999999999999
"Pearson","L_Y_dich_1_5__K_X_sev",20,0,0,0,0,0,-0.0199637926057045,"OPW",-0.021869580628398,0.15019258475271,0.88,0.88,100,-0.021869580628398,0.021869580628398,-0.00190578802269343,0.00190578802269343,0.07,0.07
"Pearson","L_Y_dich_1_5__K_X_sev",20,0,0,0,4,0,-0.00225587854175545,"no_weight",-0.00225587854175545,0.163720846101758,0.87,0.88,100,-0.00225587854175545,0.00225587854175545,0,0,0.08,0.07
"Pearson","L_Y_dich_1_5__K_X_sev",20,0,0,0,4,0,-0.00225587854175545,"CW",0.00104113349710805,0.166185250853956,0.91,0.91,100,0.00104113349710805,0.00104113349710805,0.0032970120388635,0.0032970120388635,0.0399999999999999,0.0399999999999999
"Pearson","L_Y_dich_1_5__K_X_sev",20,0,0,0,4,0,-0.00225587854175545,"PPW",0.00516640580817294,0.12259719822145,0.93,0.94,100,0.00516640580817294,0.00516640580817294,0.00742228434992838,0.00742228434992838,0.0199999999999999,0.01
"Pearson","L_Y_dich_1_5__K_X_sev",20,0,0,0,4,0,-0.00225587854175545,"OPW",0.00373592643200276,0.151894173739865,0.91,0.91,100,0.00373592643200276,0.00373592643200276,0.00599180497375821,0.00599180497375821,0.0399999999999999,0.0399999999999999
"Pearson","L_Y_dich_1_5__K_X_sev",20,0,0,4,0,0,0.0127474969761225,"no_weight",0.0127474969761225,0.157700200709008,0.92,0.91,100,0.0127474969761225,0.0127474969761225,0,0,0.0299999999999999,0.0399999999999999
"Pearson","L_Y_dich_1_5__K_X_sev",20,0,0,4,0,0,0.0127474969761225,"CW",0.0128939663092042,0.163818507859304,0.87,0.87,100,0.0128939663092042,0.0128939663092042,0.000146469333081741,0.000146469333081741,0.08,0.08
"Pearson","L_Y_dich_1_5__K_X_sev",20,0,0,4,0,0,0.0127474969761225,"PPW",0.0119792981095077,0.130769188635083,0.91,0.92,100,0.0119792981095077,0.0119792981095077,-0.000768198866614856,0.000768198866614856,0.0399999999999999,0.0299999999999999
"Pearson","L_Y_dich_1_5__K_X_sev",20,0,0,4,0,0,0.0127474969761225,"OPW",0.0117899899096877,0.153735698348603,0.89,0.9,100,0.0117899899096877,0.0117899899096877,-0.000957507066434797,0.000957507066434797,0.0599999999999999,0.0499999999999999
"Pearson","L_Y_dich_1_5__K_X_sev",20,0,0,4,4,0,0.0175583440275304,"no_weight",0.0175583440275304,0.160584836987019,0.87,0.89,100,0.0175583440275304,0.0175583440275304,0,0,0.08,0.0599999999999999
"Pearson","L_Y_dich_1_5__K_X_sev",20,0,0,4,4,0,0.0175583440275304,"CW",0.0138685351420662,0.166902466517565,0.86,0.87,100,0.0138685351420662,0.0138685351420662,-0.00368980888546416,0.00368980888546416,0.09,0.08
"Pearson","L_Y_dich_1_5__K_X_sev",20,0,0,4,4,0,0.0175583440275304,"PPW",0.000563142628286205,0.133147291944521,0.89,0.9,100,0.000563142628286205,0.000563142628286205,-0.0169952013992442,0.0169952013992442,0.0599999999999999,0.0499999999999999
"Pearson","L_Y_dich_1_5__K_X_sev",20,0,0,4,4,0,0.0175583440275304,"OPW",0.00384550986764265,0.157988911629699,0.88,0.86,100,0.00384550986764265,0.00384550986764265,-0.0137128341598877,0.0137128341598877,0.07,0.09
"Pearson","L_Y_dich_1_5__K_X_sev",20,0,0.5,0,0,0.4,0.377924280252174,"no_weight",0.377924280252174,0.134290131539649,0.92,0.89,100,-0.0220757197478256,0.0220757197478256,0,0,0.0299999999999999,0.0599999999999999
"Pearson","L_Y_dich_1_5__K_X_sev",20,0,0.5,0,0,0.4,0.377924280252174,"CW",0.379908703780557,0.133597488459516,0.92,0.91,100,-0.0200912962194434,0.0200912962194434,0.00198442352838213,0.00198442352838213,0.0299999999999999,0.0399999999999999
"Pearson","L_Y_dich_1_5__K_X_sev",20,0,0.5,0,0,0.4,0.377924280252174,"PPW",0.237683719773103,0.111505142114068,0.69,0.76,100,-0.162316280226898,0.162316280226898,-0.140240560479072,0.140240560479072,0.26,0.19
"Pearson","L_Y_dich_1_5__K_X_sev",20,0,0.5,0,0,0.4,0.377924280252174,"OPW",0.343021688570313,0.12805751945038,0.88,0.87,100,-0.0569783114296869,0.0569783114296869,-0.0349025916818613,0.0349025916818613,0.07,0.08
"Pearson","L_Y_dich_1_5__K_X_sev",20,0,0.5,0,4,0.4,0.294136570753405,"no_weight",0.294136570753405,0.139801836765555,0.81,0.87,100,-0.105863429246595,0.105863429246595,0,0,0.14,0.08
"Pearson","L_Y_dich_1_5__K_X_sev",20,0,0.5,0,4,0.4,0.294136570753405,"CW",0.322489541686763,0.139134180839548,0.85,0.9,100,-0.0775104583132374,0.0775104583132374,0.0283529709333576,0.0283529709333576,0.1,0.0499999999999999
"Pearson","L_Y_dich_1_5__K_X_sev",20,0,0.5,0,4,0.4,0.294136570753405,"PPW",0.201604492699603,0.113704268308385,0.61,0.84,100,-0.198395507300397,0.198395507300397,-0.0925320780538024,0.0925320780538024,0.34,0.11
"Pearson","L_Y_dich_1_5__K_X_sev",20,0,0.5,0,4,0.4,0.294136570753405,"OPW",0.290027726029757,0.135360402508957,0.82,0.87,100,-0.109972273970243,0.109972273970243,-0.00410884472364831,0.00410884472364831,0.13,0.08
"Pearson","L_Y_dich_1_5__K_X_sev",20,0,0.5,4,0,0.4,0.308793840705643,"no_weight",0.308793840705643,0.13723942550444,0.79,0.83,100,-0.0912061592943569,0.0912061592943569,0,0,0.16,0.12
"Pearson","L_Y_dich_1_5__K_X_sev",20,0,0.5,4,0,0.4,0.308793840705643,"CW",0.331522749471104,0.138148090255811,0.83,0.88,100,-0.0684772505288958,0.0684772505288958,0.0227289087654612,0.0227289087654612,0.12,0.07
"Pearson","L_Y_dich_1_5__K_X_sev",20,0,0.5,4,0,0.4,0.308793840705643,"PPW",0.239908032119923,0.112365852250246,0.71,0.85,100,-0.160091967880077,0.160091967880077,-0.0688858085857199,0.0688858085857199,0.24,0.1
"Pearson","L_Y_dich_1_5__K_X_sev",20,0,0.5,4,0,0.4,0.308793840705643,"OPW",0.308444553022955,0.129857190226532,0.79,0.88,100,-0.0915554469770454,0.0915554469770454,-0.000349287682688493,0.000349287682688493,0.16,0.07
"Pearson","L_Y_dich_1_5__K_X_sev",20,0,0.5,4,4,0.4,0.282697896382999,"no_weight",0.282697896382999,0.148930249498372,0.8,0.83,100,-0.117302103617001,0.117302103617001,0,0,0.15,0.12
"Pearson","L_Y_dich_1_5__K_X_sev",20,0,0.5,4,4,0.4,0.282697896382999,"CW",0.299404437938845,0.155837112339728,0.85,0.85,100,-0.100595562061155,0.100595562061155,0.0167065415558464,0.0167065415558464,0.1,0.1
"Pearson","L_Y_dich_1_5__K_X_sev",20,0,0.5,4,4,0.4,0.282697896382999,"PPW",0.186912093398942,0.124999632657523,0.62,0.84,100,-0.213087906601058,0.213087906601058,-0.0957858029840562,0.0957858029840562,0.33,0.11
"Pearson","L_Y_dich_1_5__K_X_sev",20,0,0.5,4,4,0.4,0.282697896382999,"OPW",0.259274253773094,0.149821606512579,0.76,0.88,100,-0.140725746226906,0.140725746226906,-0.0234236426099045,0.0234236426099045,0.19,0.07
"Pearson","L_Y_dich_1_5__K_X_sev",20,0.5,0,0,0,0.1,0.109346255644978,"no_weight",0.109346255644978,0.163207281315602,0.93,0.93,100,0.00934625564497769,0.00934625564497769,0,0,0.0199999999999999,0.0199999999999999
"Pearson","L_Y_dich_1_5__K_X_sev",20,0.5,0,0,0,0.1,0.109346255644978,"CW",0.108110166212168,0.163318615520353,0.93,0.92,100,0.00811016621216795,0.00811016621216795,-0.00123608943280974,0.00123608943280974,0.0199999999999999,0.0299999999999999
"Pearson","L_Y_dich_1_5__K_X_sev",20,0.5,0,0,0,0.1,0.109346255644978,"PPW",0.127360622007646,0.12336779034976,0.93,0.94,100,0.0273606220076465,0.0273606220076465,0.0180143663626688,0.0180143663626688,0.0199999999999999,0.01
"Pearson","L_Y_dich_1_5__K_X_sev",20,0.5,0,0,0,0.1,0.109346255644978,"OPW",0.102372278857333,0.150165653620449,0.95,0.95,100,0.00237227885733308,0.00237227885733308,-0.00697397678764461,0.00697397678764461,0,0
"Pearson","L_Y_dich_1_5__K_X_sev",20,0.5,0,0,4,0.1,0.0467613058560301,"no_weight",0.0467613058560301,0.161558979358561,0.84,0.87,100,-0.0532386941439699,0.0532386941439699,0,0,0.11,0.08
"Pearson","L_Y_dich_1_5__K_X_sev",20,0.5,0,0,4,0.1,0.0467613058560301,"CW",0.0231314133403272,0.166473338467646,0.86,0.9,100,-0.0768685866596728,0.0768685866596728,-0.0236298925157029,0.0236298925157029,0.09,0.0499999999999999
"Pearson","L_Y_dich_1_5__K_X_sev",20,0.5,0,0,4,0.1,0.0467613058560301,"PPW",0.0781960006641064,0.127403237381582,0.92,0.88,100,-0.0218039993358936,0.0218039993358936,0.0314346948080764,0.0314346948080764,0.0299999999999999,0.07
"Pearson","L_Y_dich_1_5__K_X_sev",20,0.5,0,0,4,0.1,0.0467613058560301,"OPW",0.0233959050997381,0.154077261094195,0.85,0.9,100,-0.0766040949002619,0.0766040949002619,-0.023365400756292,0.023365400756292,0.1,0.0499999999999999
"Pearson","L_Y_dich_1_5__K_X_sev",20,0.5,0,4,0,0.1,0.092803515459299,"no_weight",0.092803515459299,0.157679026412958,0.88,0.86,100,-0.00719648454070099,0.00719648454070099,0,0,0.07,0.09
"Pearson","L_Y_dich_1_5__K_X_sev",20,0.5,0,4,0,0.1,0.092803515459299,"CW",0.0745276457700203,0.162574155710437,0.86,0.87,100,-0.0254723542299797,0.0254723542299797,-0.0182758696892787,0.0182758696892787,0.09,0.08
"Pearson","L_Y_dich_1_5__K_X_sev",20,0.5,0,4,0,0.1,0.092803515459299,"PPW",0.1203133208919,0.128691869367788,0.95,0.94,100,0.0203133208918995,0.0203133208918995,0.0275098054326005,0.0275098054326005,0,0.01
"Pearson","L_Y_dich_1_5__K_X_sev",20,0.5,0,4,0,0.1,0.092803515459299,"OPW",0.0857431341233077,0.152256193116896,0.86,0.86,100,-0.0142568658766923,0.0142568658766923,-0.00706038133599132,0.00706038133599132,0.09,0.09
"Pearson","L_Y_dich_1_5__K_X_sev",20,0.5,0,4,4,0.1,0.0907784391345714,"no_weight",0.0907784391345714,0.166310054880733,0.86,0.87,100,-0.00922156086542865,0.00922156086542865,0,0,0.09,0.08
"Pearson","L_Y_dich_1_5__K_X_sev",20,0.5,0,4,4,0.1,0.0907784391345714,"CW",0.0397946168327839,0.176180327568743,0.87,0.87,100,-0.0602053831672161,0.0602053831672161,-0.0509838223017874,0.0509838223017874,0.08,0.08
"Pearson","L_Y_dich_1_5__K_X_sev",20,0.5,0,4,4,0.1,0.0907784391345714,"PPW",0.100064742427954,0.141821509630555,0.9,0.91,100,6.47424279542064e-05,6.47424279542064e-05,0.00928630329338286,0.00928630329338286,0.0499999999999999,0.0399999999999999
"Pearson","L_Y_dich_1_5__K_X_sev",20,0.5,0,4,4,0.1,0.0907784391345714,"OPW",0.0420639869790796,0.166564572470834,0.84,0.85,100,-0.0579360130209204,0.0579360130209204,-0.0487144521554918,0.0487144521554918,0.11,0.1
"Pearson","L_Y_dich_1_5__K_X_sev",20,0.5,0.5,0,0,0.5,0.460326813036876,"no_weight",0.460326813036876,0.128944741373147,0.89,0.89,100,-0.0396731869631245,0.0396731869631245,0,0,0.0599999999999999,0.0599999999999999
"Pearson","L_Y_dich_1_5__K_X_sev",20,0.5,0.5,0,0,0.5,0.460326813036876,"CW",0.459378150100537,0.128715490784522,0.91,0.88,100,-0.0406218498994634,0.0406218498994634,-0.00094866293633894,0.00094866293633894,0.0399999999999999,0.07
"Pearson","L_Y_dich_1_5__K_X_sev",20,0.5,0.5,0,0,0.5,0.460326813036876,"PPW",0.371827711369369,0.107467171688098,0.78,0.84,100,-0.128172288630631,0.128172288630631,-0.0884991016675065,0.0884991016675065,0.17,0.11
"Pearson","L_Y_dich_1_5__K_X_sev",20,0.5,0.5,0,0,0.5,0.460326813036876,"OPW",0.435171077305278,0.122570936190471,0.87,0.91,100,-0.064828922694722,0.064828922694722,-0.0251557357315975,0.0251557357315975,0.08,0.0399999999999999
"Pearson","L_Y_dich_1_5__K_X_sev",20,0.5,0.5,0,4,0.5,0.387076834631654,"no_weight",0.387076834631654,0.135297452065469,0.85,0.85,100,-0.112923165368346,0.112923165368346,0,0,0.1,0.1
"Pearson","L_Y_dich_1_5__K_X_sev",20,0.5,0.5,0,4,0.5,0.387076834631654,"CW",0.39149824350245,0.136491662055681,0.84,0.84,100,-0.10850175649755,0.10850175649755,0.00442140887079656,0.00442140887079656,0.11,0.11
"Pearson","L_Y_dich_1_5__K_X_sev",20,0.5,0.5,0,4,0.5,0.387076834631654,"PPW",0.312548687054396,0.112934291537619,0.63,0.85,100,-0.187451312945604,0.187451312945604,-0.074528147577258,0.074528147577258,0.32,0.1
"Pearson","L_Y_dich_1_5__K_X_sev",20,0.5,0.5,0,4,0.5,0.387076834631654,"OPW",0.359590607216779,0.132908876735279,0.76,0.83,100,-0.140409392783221,0.140409392783221,-0.0274862274148754,0.0274862274148754,0.19,0.12
"Pearson","L_Y_dich_1_5__K_X_sev",20,0.5,0.5,4,0,0.5,0.37987803383539,"no_weight",0.37987803383539,0.132772534010617,0.84,0.89,100,-0.12012196616461,0.12012196616461,0,0,0.11,0.0599999999999999
"Pearson","L_Y_dich_1_5__K_X_sev",20,0.5,0.5,4,0,0.5,0.37987803383539,"CW",0.397713795396384,0.134244980447354,0.87,0.91,100,-0.102286204603616,0.102286204603616,0.017835761560994,0.017835761560994,0.08,0.0399999999999999
"Pearson","L_Y_dich_1_5__K_X_sev",20,0.5,0.5,4,0,0.5,0.37987803383539,"PPW",0.344981729123173,0.111111312398512,0.69,0.91,100,-0.155018270876827,0.155018270876827,-0.0348963047122171,0.0348963047122171,0.26,0.0399999999999999
"Pearson","L_Y_dich_1_5__K_X_sev",20,0.5,0.5,4,0,0.5,0.37987803383539,"OPW",0.385073867440639,0.126703215103267,0.83,0.89,100,-0.114926132559361,0.114926132559361,0.00519583360524845,0.00519583360524845,0.12,0.0599999999999999
"Pearson","L_Y_dich_1_5__K_X_sev",20,0.5,0.5,4,4,0.5,0.360183382543429,"no_weight",0.360183382543429,0.137305016040418,0.78,0.84,100,-0.139816617456571,0.139816617456571,0,0,0.17,0.11
"Pearson","L_Y_dich_1_5__K_X_sev",20,0.5,0.5,4,4,0.5,0.360183382543429,"CW",0.353059272740844,0.144586268421705,0.79,0.86,100,-0.146940727259156,0.146940727259156,-0.00712410980258532,0.00712410980258532,0.16,0.09
"Pearson","L_Y_dich_1_5__K_X_sev",20,0.5,0.5,4,4,0.5,0.360183382543429,"PPW",0.314238431721645,0.119790441884999,0.66,0.89,100,-0.185761568278355,0.185761568278355,-0.0459449508217838,0.0459449508217838,0.29,0.0599999999999999
"Pearson","L_Y_dich_1_5__K_X_sev",20,0.5,0.5,4,4,0.5,0.360183382543429,"OPW",0.33244141494772,0.140740839639745,0.74,0.89,100,-0.16755858505228,0.16755858505228,-0.0277419675957092,0.0277419675957092,0.21,0.0599999999999999
"Pearson","L_Y_dich_2_5__K_X_dich_1_5",20,0,0,0,0,0,-0.0199637926057045,"no_weight",-0.0199637926057045,0.162509347941674,0.88,0.86,100,-0.0199637926057045,0.0199637926057045,0,0,0.07,0.09
"Pearson","L_Y_dich_2_5__K_X_dich_1_5",20,0,0,0,0,0,-0.0199637926057045,"CW",-0.0190950472862701,0.16217256659962,0.89,0.86,100,-0.0190950472862701,0.0190950472862701,0.000868745319434462,0.000868745319434462,0.0599999999999999,0.09
"Pearson","L_Y_dich_2_5__K_X_dich_1_5",20,0,0,0,0,0,-0.0199637926057045,"PPW",-0.00760093624128186,0.116702752828611,0.94,0.93,100,-0.00760093624128186,0.00760093624128186,0.0123628563644227,0.0123628563644227,0.01,0.0199999999999999
"Pearson","L_Y_dich_2_5__K_X_dich_1_5",20,0,0,0,0,0,-0.0199637926057045,"OPW",-0.0171643354798418,0.153553286901461,0.91,0.91,100,-0.0171643354798418,0.0171643354798418,0.00279945712586272,0.00279945712586272,0.0399999999999999,0.0399999999999999
"Pearson","L_Y_dich_2_5__K_X_dich_1_5",20,0,0,0,4,0,-0.00225587854175545,"no_weight",-0.00225587854175545,0.163720846101758,0.87,0.88,100,-0.00225587854175545,0.00225587854175545,0,0,0.08,0.07
"Pearson","L_Y_dich_2_5__K_X_dich_1_5",20,0,0,0,4,0,-0.00225587854175545,"CW",0.00104113349710805,0.166185250853956,0.91,0.91,100,0.00104113349710805,0.00104113349710805,0.0032970120388635,0.0032970120388635,0.0399999999999999,0.0399999999999999
"Pearson","L_Y_dich_2_5__K_X_dich_1_5",20,0,0,0,4,0,-0.00225587854175545,"PPW",0.0126631265129413,0.133010478312591,0.91,0.91,100,0.0126631265129413,0.0126631265129413,0.0149190050546967,0.0149190050546967,0.0399999999999999,0.0399999999999999
"Pearson","L_Y_dich_2_5__K_X_dich_1_5",20,0,0,0,4,0,-0.00225587854175545,"OPW",0.00206735830311969,0.160537374655257,0.89,0.88,100,0.00206735830311969,0.00206735830311969,0.00432323684487513,0.00432323684487513,0.0599999999999999,0.07
"Pearson","L_Y_dich_2_5__K_X_dich_1_5",20,0,0,4,0,0,0.0127474969761225,"no_weight",0.0127474969761225,0.157700200709008,0.92,0.91,100,0.0127474969761225,0.0127474969761225,0,0,0.0299999999999999,0.0399999999999999
"Pearson","L_Y_dich_2_5__K_X_dich_1_5",20,0,0,4,0,0,0.0127474969761225,"CW",0.0128939663092042,0.163818507859304,0.87,0.87,100,0.0128939663092042,0.0128939663092042,0.000146469333081741,0.000146469333081741,0.08,0.08
"Pearson","L_Y_dich_2_5__K_X_dich_1_5",20,0,0,4,0,0,0.0127474969761225,"PPW",0.00164887676748171,0.115958688286322,0.93,0.95,100,0.00164887676748171,0.00164887676748171,-0.0110986202086408,0.0110986202086408,0.0199999999999999,0
"Pearson","L_Y_dich_2_5__K_X_dich_1_5",20,0,0,4,0,0,0.0127474969761225,"OPW",0.0109474183961293,0.151096108936188,0.9,0.89,100,0.0109474183961293,0.0109474183961293,-0.00180007857999324,0.00180007857999324,0.0499999999999999,0.0599999999999999
"Pearson","L_Y_dich_2_5__K_X_dich_1_5",20,0,0,4,4,0,0.0175583440275304,"no_weight",0.0175583440275304,0.160584836987019,0.87,0.89,100,0.0175583440275304,0.0175583440275304,0,0,0.08,0.0599999999999999
"Pearson","L_Y_dich_2_5__K_X_dich_1_5",20,0,0,4,4,0,0.0175583440275304,"CW",0.0138685351420662,0.166902466517565,0.86,0.87,100,0.0138685351420662,0.0138685351420662,-0.00368980888546416,0.00368980888546416,0.09,0.08
"Pearson","L_Y_dich_2_5__K_X_dich_1_5",20,0,0,4,4,0,0.0175583440275304,"PPW",-0.00530013314511541,0.134838313964158,0.87,0.86,100,-0.00530013314511541,0.00530013314511541,-0.0228584771726458,0.0228584771726458,0.08,0.09
"Pearson","L_Y_dich_2_5__K_X_dich_1_5",20,0,0,4,4,0,0.0175583440275304,"OPW",-0.00434906119290043,0.160982810723826,0.88,0.88,100,-0.00434906119290043,0.00434906119290043,-0.0219074052204308,0.0219074052204308,0.07,0.07
"Pearson","L_Y_dich_2_5__K_X_dich_1_5",20,0,0.5,0,0,0.4,0.377924280252174,"no_weight",0.377924280252174,0.134290131539649,0.92,0.89,100,-0.0220757197478256,0.0220757197478256,0,0,0.0299999999999999,0.0599999999999999
"Pearson","L_Y_dich_2_5__K_X_dich_1_5",20,0,0.5,0,0,0.4,0.377924280252174,"CW",0.379908703780557,0.133597488459516,0.92,0.91,100,-0.0200912962194434,0.0200912962194434,0.00198442352838213,0.00198442352838213,0.0299999999999999,0.0399999999999999
"Pearson","L_Y_dich_2_5__K_X_dich_1_5",20,0,0.5,0,0,0.4,0.377924280252174,"PPW",0.257285503437186,0.111592053900963,0.74,0.77,100,-0.142714496562814,0.142714496562814,-0.120638776814989,0.120638776814989,0.21,0.18
"Pearson","L_Y_dich_2_5__K_X_dich_1_5",20,0,0.5,0,0,0.4,0.377924280252174,"OPW",0.352752473293121,0.129908536339439,0.89,0.86,100,-0.0472475267068787,0.0472475267068787,-0.0251718069590531,0.0251718069590531,0.0599999999999999,0.09
"Pearson","L_Y_dich_2_5__K_X_dich_1_5",20,0,0.5,0,4,0.4,0.294136570753405,"no_weight",0.294136570753405,0.139801836765555,0.81,0.87,100,-0.105863429246595,0.105863429246595,0,0,0.14,0.08
"Pearson","L_Y_dich_2_5__K_X_dich_1_5",20,0,0.5,0,4,0.4,0.294136570753405,"CW",0.322489541686763,0.139134180839548,0.85,0.9,100,-0.0775104583132374,0.0775104583132374,0.0283529709333576,0.0283529709333576,0.1,0.0499999999999999
"Pearson","L_Y_dich_2_5__K_X_dich_1_5",20,0,0.5,0,4,0.4,0.294136570753405,"PPW",0.248166330689133,0.117690034225781,0.75,0.87,100,-0.151833669310867,0.151833669310867,-0.0459702400642719,0.0459702400642719,0.2,0.08
"Pearson","L_Y_dich_2_5__K_X_dich_1_5",20,0,0.5,0,4,0.4,0.294136570753405,"OPW",0.318550387721985,0.135822150043184,0.84,0.91,100,-0.0814496122780152,0.0814496122780152,0.0244138169685798,0.0244138169685798,0.11,0.0399999999999999
"Pearson","L_Y_dich_2_5__K_X_dich_1_5",20,0,0.5,4,0,0.4,0.308793840705643,"no_weight",0.308793840705643,0.13723942550444,0.79,0.83,100,-0.0912061592943569,0.0912061592943569,0,0,0.16,0.12
"Pearson","L_Y_dich_2_5__K_X_dich_1_5",20,0,0.5,4,0,0.4,0.308793840705643,"CW",0.331522749471104,0.138148090255811,0.83,0.88,100,-0.0684772505288958,0.0684772505288958,0.0227289087654612,0.0227289087654612,0.12,0.07
"Pearson","L_Y_dich_2_5__K_X_dich_1_5",20,0,0.5,4,0,0.4,0.308793840705643,"PPW",0.213149962342661,0.113925647488526,0.62,0.78,100,-0.186850037657339,0.186850037657339,-0.0956438783629822,0.0956438783629822,0.33,0.17
"Pearson","L_Y_dich_2_5__K_X_dich_1_5",20,0,0.5,4,0,0.4,0.308793840705643,"OPW",0.301149872053851,0.135137529682086,0.77,0.84,100,-0.0988501279461494,0.0988501279461494,-0.00764396865179245,0.00764396865179245,0.18,0.11
"Pearson","L_Y_dich_2_5__K_X_dich_1_5",20,0,0.5,4,4,0.4,0.282697896382999,"no_weight",0.282697896382999,0.148930249498372,0.8,0.83,100,-0.117302103617001,0.117302103617001,0,0,0.15,0.12
"Pearson","L_Y_dich_2_5__K_X_dich_1_5",20,0,0.5,4,4,0.4,0.282697896382999,"CW",0.299404437938845,0.155837112339728,0.85,0.85,100,-0.100595562061155,0.100595562061155,0.0167065415558464,0.0167065415558464,0.1,0.1
"Pearson","L_Y_dich_2_5__K_X_dich_1_5",20,0,0.5,4,4,0.4,0.282697896382999,"PPW",0.194238249035106,0.136977040767656,0.65,0.82,100,-0.205761750964894,0.205761750964894,-0.0884596473478926,0.0884596473478926,0.3,0.13
"Pearson","L_Y_dich_2_5__K_X_dich_1_5",20,0,0.5,4,4,0.4,0.282697896382999,"OPW",0.2571926279101,0.15743864664142,0.76,0.82,100,-0.1428073720899,0.1428073720899,-0.0255052684728987,0.0255052684728987,0.19,0.13
"Pearson","L_Y_dich_2_5__K_X_dich_1_5",20,0.5,0,0,0,0.1,0.109346255644978,"no_weight",0.109346255644978,0.163207281315602,0.93,0.93,100,0.00934625564497769,0.00934625564497769,0,0,0.0199999999999999,0.0199999999999999
"Pearson","L_Y_dich_2_5__K_X_dich_1_5",20,0.5,0,0,0,0.1,0.109346255644978,"CW",0.108110166212168,0.163318615520353,0.93,0.92,100,0.00811016621216795,0.00811016621216795,-0.00123608943280974,0.00123608943280974,0.0199999999999999,0.0299999999999999
"Pearson","L_Y_dich_2_5__K_X_dich_1_5",20,0.5,0,0,0,0.1,0.109346255644978,"PPW",0.131442153909798,0.118793327157442,0.95,0.95,100,0.0314421539097977,0.0314421539097977,0.02209589826482,0.02209589826482,0,0
"Pearson","L_Y_dich_2_5__K_X_dich_1_5",20,0.5,0,0,0,0.1,0.109346255644978,"OPW",0.110244957443606,0.153112941054914,0.96,0.95,100,0.0102449574436057,0.0102449574436057,0.000898701798628013,0.000898701798628013,0.01,0
"Pearson","L_Y_dich_2_5__K_X_dich_1_5",20,0.5,0,0,4,0.1,0.0467613058560301,"no_weight",0.0467613058560301,0.161558979358561,0.84,0.87,100,-0.0532386941439699,0.0532386941439699,0,0,0.11,0.08
"Pearson","L_Y_dich_2_5__K_X_dich_1_5",20,0.5,0,0,4,0.1,0.0467613058560301,"CW",0.0231314133403272,0.166473338467646,0.86,0.9,100,-0.0768685866596728,0.0768685866596728,-0.0236298925157029,0.0236298925157029,0.09,0.0499999999999999
"Pearson","L_Y_dich_2_5__K_X_dich_1_5",20,0.5,0,0,4,0.1,0.0467613058560301,"PPW",0.0903052766140495,0.130887839212636,0.91,0.9,100,-0.00969472338595047,0.00969472338595047,0.0435439707580195,0.0435439707580195,0.0399999999999999,0.0499999999999999
"Pearson","L_Y_dich_2_5__K_X_dich_1_5",20,0.5,0,0,4,0.1,0.0467613058560301,"OPW",0.0484041678887193,0.160048157038894,0.86,0.91,100,-0.0515958321112807,0.0515958321112807,0.00164286203268919,0.00164286203268919,0.09,0.0399999999999999
"Pearson","L_Y_dich_2_5__K_X_dich_1_5",20,0.5,0,4,0,0.1,0.092803515459299,"no_weight",0.092803515459299,0.157679026412958,0.88,0.86,100,-0.00719648454070099,0.00719648454070099,0,0,0.07,0.09
"Pearson","L_Y_dich_2_5__K_X_dich_1_5",20,0.5,0,4,0,0.1,0.092803515459299,"CW",0.0745276457700203,0.162574155710437,0.86,0.87,100,-0.0254723542299797,0.0254723542299797,-0.0182758696892787,0.0182758696892787,0.09,0.08
"Pearson","L_Y_dich_2_5__K_X_dich_1_5",20,0.5,0,4,0,0.1,0.092803515459299,"PPW",0.105765637700833,0.118440047030538,0.92,0.91,100,0.00576563770083284,0.00576563770083284,0.0129621222415338,0.0129621222415338,0.0299999999999999,0.0399999999999999
"Pearson","L_Y_dich_2_5__K_X_dich_1_5",20,0.5,0,4,0,0.1,0.092803515459299,"OPW",0.0861227722838636,0.151837671517933,0.85,0.85,100,-0.0138772277161364,0.0138772277161364,-0.00668074317543543,0.00668074317543543,0.1,0.1
"Pearson","L_Y_dich_2_5__K_X_dich_1_5",20,0.5,0,4,4,0.1,0.0907784391345714,"no_weight",0.0907784391345714,0.166310054880733,0.86,0.87,100,-0.00922156086542865,0.00922156086542865,0,0,0.09,0.08
"Pearson","L_Y_dich_2_5__K_X_dich_1_5",20,0.5,0,4,4,0.1,0.0907784391345714,"CW",0.0397946168327839,0.176180327568743,0.87,0.87,100,-0.0602053831672161,0.0602053831672161,-0.0509838223017874,0.0509838223017874,0.08,0.08
"Pearson","L_Y_dich_2_5__K_X_dich_1_5",20,0.5,0,4,4,0.1,0.0907784391345714,"PPW",0.077631469595367,0.145452626547749,0.92,0.93,100,-0.022368530404633,0.022368530404633,-0.0131469695392044,0.0131469695392044,0.0299999999999999,0.0199999999999999
"Pearson","L_Y_dich_2_5__K_X_dich_1_5",20,0.5,0,4,4,0.1,0.0907784391345714,"OPW",0.0415568912461625,0.170506570501113,0.86,0.88,100,-0.0584431087538375,0.0584431087538375,-0.0492215478884089,0.0492215478884089,0.09,0.07
"Pearson","L_Y_dich_2_5__K_X_dich_1_5",20,0.5,0.5,0,0,0.5,0.460326813036876,"no_weight",0.460326813036876,0.128944741373147,0.89,0.89,100,-0.0396731869631245,0.0396731869631245,0,0,0.0599999999999999,0.0599999999999999
"Pearson","L_Y_dich_2_5__K_X_dich_1_5",20,0.5,0.5,0,0,0.5,0.460326813036876,"CW",0.459378150100537,0.128715490784522,0.91,0.88,100,-0.0406218498994634,0.0406218498994634,-0.00094866293633894,0.00094866293633894,0.0399999999999999,0.07
"Pearson","L_Y_dich_2_5__K_X_dich_1_5",20,0.5,0.5,0,0,0.5,0.460326813036876,"PPW",0.377866469927551,0.106265383068889,0.74,0.82,100,-0.122133530072449,0.122133530072449,-0.0824603431093245,0.0824603431093245,0.21,0.13
"Pearson","L_Y_dich_2_5__K_X_dich_1_5",20,0.5,0.5,0,0,0.5,0.460326813036876,"OPW",0.444026098360301,0.125339226134039,0.86,0.92,100,-0.0559739016396993,0.0559739016396993,-0.0163007146765748,0.0163007146765748,0.09,0.0299999999999999
"Pearson","L_Y_dich_2_5__K_X_dich_1_5",20,0.5,0.5,0,4,0.5,0.387076834631654,"no_weight",0.387076834631654,0.135297452065469,0.85,0.85,100,-0.112923165368346,0.112923165368346,0,0,0.1,0.1
"Pearson","L_Y_dich_2_5__K_X_dich_1_5",20,0.5,0.5,0,4,0.5,0.387076834631654,"CW",0.39149824350245,0.136491662055681,0.84,0.84,100,-0.10850175649755,0.10850175649755,0.00442140887079656,0.00442140887079656,0.11,0.11
"Pearson","L_Y_dich_2_5__K_X_dich_1_5",20,0.5,0.5,0,4,0.5,0.387076834631654,"PPW",0.352713963412007,0.114637144430639,0.77,0.92,100,-0.147286036587993,0.147286036587993,-0.0343628712196467,0.0343628712196467,0.18,0.0299999999999999
"Pearson","L_Y_dich_2_5__K_X_dich_1_5",20,0.5,0.5,0,4,0.5,0.387076834631654,"OPW",0.387151280523695,0.135866267296136,0.86,0.87,100,-0.112848719476305,0.112848719476305,7.44458920414193e-05,7.44458920414193e-05,0.09,0.08
"Pearson","L_Y_dich_2_5__K_X_dich_1_5",20,0.5,0.5,4,0,0.5,0.37987803383539,"no_weight",0.37987803383539,0.132772534010617,0.84,0.89,100,-0.12012196616461,0.12012196616461,0,0,0.11,0.0599999999999999
"Pearson","L_Y_dich_2_5__K_X_dich_1_5",20,0.5,0.5,4,0,0.5,0.37987803383539,"CW",0.397713795396384,0.134244980447354,0.87,0.91,100,-0.102286204603616,0.102286204603616,0.017835761560994,0.017835761560994,0.08,0.0399999999999999
"Pearson","L_Y_dich_2_5__K_X_dich_1_5",20,0.5,0.5,4,0,0.5,0.37987803383539,"PPW",0.330373607488342,0.111576385271173,0.6,0.9,100,-0.169626392511658,0.169626392511658,-0.0495044263470485,0.0495044263470485,0.35,0.0499999999999999
"Pearson","L_Y_dich_2_5__K_X_dich_1_5",20,0.5,0.5,4,0,0.5,0.37987803383539,"OPW",0.384397477873283,0.130437222884552,0.82,0.88,100,-0.115602522126717,0.115602522126717,0.00451944403789262,0.00451944403789262,0.13,0.07
"Pearson","L_Y_dich_2_5__K_X_dich_1_5",20,0.5,0.5,4,4,0.5,0.360183382543429,"no_weight",0.360183382543429,0.137305016040418,0.78,0.84,100,-0.139816617456571,0.139816617456571,0,0,0.17,0.11
"Pearson","L_Y_dich_2_5__K_X_dich_1_5",20,0.5,0.5,4,4,0.5,0.360183382543429,"CW",0.353059272740844,0.144586268421705,0.79,0.86,100,-0.146940727259156,0.146940727259156,-0.00712410980258532,0.00712410980258532,0.16,0.09
"Pearson","L_Y_dich_2_5__K_X_dich_1_5",20,0.5,0.5,4,4,0.5,0.360183382543429,"PPW",0.317352877557163,0.125578120345226,0.67,0.88,100,-0.182647122442837,0.182647122442837,-0.0428305049862657,0.0428305049862657,0.28,0.07
"Pearson","L_Y_dich_2_5__K_X_dich_1_5",20,0.5,0.5,4,4,0.5,0.360183382543429,"OPW",0.340330141441255,0.144967595421946,0.75,0.88,100,-0.159669858558745,0.159669858558745,-0.0198532411021745,0.0198532411021745,0.2,0.07
"Pearson","L_Y_dich_2_5__K_X_dich_2_5",20,0,0,0,0,0,-0.0199637926057045,"no_weight",-0.0199637926057045,0.162509347941674,0.88,0.86,100,-0.0199637926057045,0.0199637926057045,0,0,0.07,0.09
"Pearson","L_Y_dich_2_5__K_X_dich_2_5",20,0,0,0,0,0,-0.0199637926057045,"CW",-0.0190950472862701,0.16217256659962,0.89,0.86,100,-0.0190950472862701,0.0190950472862701,0.000868745319434462,0.000868745319434462,0.0599999999999999,0.09
"Pearson","L_Y_dich_2_5__K_X_dich_2_5",20,0,0,0,0,0,-0.0199637926057045,"PPW",-0.0147778710251988,0.115992645207465,0.95,0.92,100,-0.0147778710251988,0.0147778710251988,0.00518592158050568,0.00518592158050568,0,0.0299999999999999
"Pearson","L_Y_dich_2_5__K_X_dich_2_5",20,0,0,0,0,0,-0.0199637926057045,"OPW",-0.0165017753930233,0.153780656679691,0.93,0.91,100,-0.0165017753930233,0.0165017753930233,0.00346201721268121,0.00346201721268121,0.0199999999999999,0.0399999999999999
"Pearson","L_Y_dich_2_5__K_X_dich_2_5",20,0,0,0,4,0,-0.00225587854175545,"no_weight",-0.00225587854175545,0.163720846101758,0.87,0.88,100,-0.00225587854175545,0.00225587854175545,0,0,0.08,0.07
"Pearson","L_Y_dich_2_5__K_X_dich_2_5",20,0,0,0,4,0,-0.00225587854175545,"CW",0.00104113349710805,0.166185250853956,0.91,0.91,100,0.00104113349710805,0.00104113349710805,0.0032970120388635,0.0032970120388635,0.0399999999999999,0.0399999999999999
"Pearson","L_Y_dich_2_5__K_X_dich_2_5",20,0,0,0,4,0,-0.00225587854175545,"PPW",-0.0164608492882808,0.133067766867689,0.91,0.91,100,-0.0164608492882808,0.0164608492882808,-0.0142049707465254,0.0142049707465254,0.0399999999999999,0.0399999999999999
"Pearson","L_Y_dich_2_5__K_X_dich_2_5",20,0,0,0,4,0,-0.00225587854175545,"OPW",-0.0112489699378072,0.160881918188523,0.89,0.89,100,-0.0112489699378072,0.0112489699378072,-0.0089930913960518,0.0089930913960518,0.0599999999999999,0.0599999999999999
"Pearson","L_Y_dich_2_5__K_X_dich_2_5",20,0,0,4,0,0,0.0127474969761225,"no_weight",0.0127474969761225,0.157700200709008,0.92,0.91,100,0.0127474969761225,0.0127474969761225,0,0,0.0299999999999999,0.0399999999999999
"Pearson","L_Y_dich_2_5__K_X_dich_2_5",20,0,0,4,0,0,0.0127474969761225,"CW",0.0128939663092042,0.163818507859304,0.87,0.87,100,0.0128939663092042,0.0128939663092042,0.000146469333081741,0.000146469333081741,0.08,0.08
"Pearson","L_Y_dich_2_5__K_X_dich_2_5",20,0,0,4,0,0,0.0127474969761225,"PPW",-0.011908825392151,0.130304799409306,0.94,0.93,100,-0.011908825392151,0.011908825392151,-0.0246563223682735,0.0246563223682735,0.01,0.0199999999999999
"Pearson","L_Y_dich_2_5__K_X_dich_2_5",20,0,0,4,0,0,0.0127474969761225,"OPW",0.00122309423970508,0.157424408323666,0.93,0.92,100,0.00122309423970508,0.00122309423970508,-0.0115244027364174,0.0115244027364174,0.0199999999999999,0.0299999999999999
"Pearson","L_Y_dich_2_5__K_X_dich_2_5",20,0,0,4,4,0,0.0175583440275304,"no_weight",0.0175583440275304,0.160584836987019,0.87,0.89,100,0.0175583440275304,0.0175583440275304,0,0,0.08,0.0599999999999999
"Pearson","L_Y_dich_2_5__K_X_dich_2_5",20,0,0,4,4,0,0.0175583440275304,"CW",0.0138685351420662,0.166902466517565,0.86,0.87,100,0.0138685351420662,0.0138685351420662,-0.00368980888546416,0.00368980888546416,0.09,0.08
"Pearson","L_Y_dich_2_5__K_X_dich_2_5",20,0,0,4,4,0,0.0175583440275304,"PPW",-0.0421023313820613,0.145480237629191,0.88,0.87,100,-0.0421023313820613,0.0421023313820613,-0.0596606754095917,0.0596606754095917,0.07,0.08
"Pearson","L_Y_dich_2_5__K_X_dich_2_5",20,0,0,4,4,0,0.0175583440275304,"OPW",-0.0209340849192559,0.165406751341406,0.89,0.88,100,-0.0209340849192559,0.0209340849192559,-0.0384924289467863,0.0384924289467863,0.0599999999999999,0.07
"Pearson","L_Y_dich_2_5__K_X_dich_2_5",20,0,0.5,0,0,0.4,0.377924280252174,"no_weight",0.377924280252174,0.134290131539649,0.92,0.89,100,-0.0220757197478256,0.0220757197478256,0,0,0.0299999999999999,0.0599999999999999
"Pearson","L_Y_dich_2_5__K_X_dich_2_5",20,0,0.5,0,0,0.4,0.377924280252174,"CW",0.379908703780557,0.133597488459516,0.92,0.91,100,-0.0200912962194434,0.0200912962194434,0.00198442352838213,0.00198442352838213,0.0299999999999999,0.0399999999999999
"Pearson","L_Y_dich_2_5__K_X_dich_2_5",20,0,0.5,0,0,0.4,0.377924280252174,"PPW",0.24359376466626,0.112665678531527,0.66,0.78,100,-0.15640623533374,0.15640623533374,-0.134330515585915,0.134330515585915,0.29,0.17
"Pearson","L_Y_dich_2_5__K_X_dich_2_5",20,0,0.5,0,0,0.4,0.377924280252174,"OPW",0.343932994611612,0.131938730314909,0.86,0.87,100,-0.0560670053883879,0.0560670053883879,-0.0339912856405624,0.0339912856405624,0.09,0.08
"Pearson","L_Y_dich_2_5__K_X_dich_2_5",20,0,0.5,0,4,0.4,0.294136570753405,"no_weight",0.294136570753405,0.139801836765555,0.81,0.87,100,-0.105863429246595,0.105863429246595,0,0,0.14,0.08
"Pearson","L_Y_dich_2_5__K_X_dich_2_5",20,0,0.5,0,4,0.4,0.294136570753405,"CW",0.322489541686763,0.139134180839548,0.85,0.9,100,-0.0775104583132374,0.0775104583132374,0.0283529709333576,0.0283529709333576,0.1,0.0499999999999999
"Pearson","L_Y_dich_2_5__K_X_dich_2_5",20,0,0.5,0,4,0.4,0.294136570753405,"PPW",0.218317844377886,0.126114547159698,0.64,0.88,100,-0.181682155622114,0.181682155622114,-0.075818726375519,0.075818726375519,0.31,0.07
"Pearson","L_Y_dich_2_5__K_X_dich_2_5",20,0,0.5,0,4,0.4,0.294136570753405,"OPW",0.295087250098092,0.141675276647087,0.82,0.9,100,-0.104912749901908,0.104912749901908,0.000950679344687178,0.000950679344687178,0.13,0.0499999999999999
"Pearson","L_Y_dich_2_5__K_X_dich_2_5",20,0,0.5,4,0,0.4,0.308793840705643,"no_weight",0.308793840705643,0.13723942550444,0.79,0.83,100,-0.0912061592943569,0.0912061592943569,0,0,0.16,0.12
"Pearson","L_Y_dich_2_5__K_X_dich_2_5",20,0,0.5,4,0,0.4,0.308793840705643,"CW",0.331522749471104,0.138148090255811,0.83,0.88,100,-0.0684772505288958,0.0684772505288958,0.0227289087654612,0.0227289087654612,0.12,0.07
"Pearson","L_Y_dich_2_5__K_X_dich_2_5",20,0,0.5,4,0,0.4,0.308793840705643,"PPW",0.223077222252025,0.121799481501373,0.64,0.76,100,-0.176922777747975,0.176922777747975,-0.0857166184536179,0.0857166184536179,0.31,0.19
"Pearson","L_Y_dich_2_5__K_X_dich_2_5",20,0,0.5,4,0,0.4,0.308793840705643,"OPW",0.302900995314255,0.139416822456716,0.81,0.87,100,-0.0970990046857455,0.0970990046857455,-0.00589284539138857,0.00589284539138857,0.14,0.08
"Pearson","L_Y_dich_2_5__K_X_dich_2_5",20,0,0.5,4,4,0.4,0.282697896382999,"no_weight",0.282697896382999,0.148930249498372,0.8,0.83,100,-0.117302103617001,0.117302103617001,0,0,0.15,0.12
"Pearson","L_Y_dich_2_5__K_X_dich_2_5",20,0,0.5,4,4,0.4,0.282697896382999,"CW",0.299404437938845,0.155837112339728,0.85,0.85,100,-0.100595562061155,0.100595562061155,0.0167065415558464,0.0167065415558464,0.1,0.1
"Pearson","L_Y_dich_2_5__K_X_dich_2_5",20,0,0.5,4,4,0.4,0.282697896382999,"PPW",0.176964804702926,0.152783358087356,0.65,0.86,100,-0.223035195297074,0.223035195297074,-0.105733091680073,0.105733091680073,0.3,0.09
"Pearson","L_Y_dich_2_5__K_X_dich_2_5",20,0,0.5,4,4,0.4,0.282697896382999,"OPW",0.249142582881126,0.164443125905971,0.8,0.83,100,-0.150857417118874,0.150857417118874,-0.0335553135018722,0.0335553135018722,0.15,0.12
"Pearson","L_Y_dich_2_5__K_X_dich_2_5",20,0.5,0,0,0,0.1,0.109346255644978,"no_weight",0.109346255644978,0.163207281315602,0.93,0.93,100,0.00934625564497769,0.00934625564497769,0,0,0.0199999999999999,0.0199999999999999
"Pearson","L_Y_dich_2_5__K_X_dich_2_5",20,0.5,0,0,0,0.1,0.109346255644978,"CW",0.108110166212168,0.163318615520353,0.93,0.92,100,0.00811016621216795,0.00811016621216795,-0.00123608943280974,0.00123608943280974,0.0199999999999999,0.0299999999999999
"Pearson","L_Y_dich_2_5__K_X_dich_2_5",20,0.5,0,0,0,0.1,0.109346255644978,"PPW",0.121208957687228,0.117011132091393,0.95,0.95,100,0.0212089576872282,0.0212089576872282,0.0118627020422505,0.0118627020422505,0,0
"Pearson","L_Y_dich_2_5__K_X_dich_2_5",20,0.5,0,0,0,0.1,0.109346255644978,"OPW",0.107758466603992,0.153166952649021,0.95,0.95,100,0.00775846660399246,0.00775846660399246,-0.00158778904098524,0.00158778904098524,0,0
"Pearson","L_Y_dich_2_5__K_X_dich_2_5",20,0.5,0,0,4,0.1,0.0467613058560301,"no_weight",0.0467613058560301,0.161558979358561,0.84,0.87,100,-0.0532386941439699,0.0532386941439699,0,0,0.11,0.08
"Pearson","L_Y_dich_2_5__K_X_dich_2_5",20,0.5,0,0,4,0.1,0.0467613058560301,"CW",0.0231314133403272,0.166473338467646,0.86,0.9,100,-0.0768685866596728,0.0768685866596728,-0.0236298925157029,0.0236298925157029,0.09,0.0499999999999999
"Pearson","L_Y_dich_2_5__K_X_dich_2_5",20,0.5,0,0,4,0.1,0.0467613058560301,"PPW",0.0553769945774536,0.129672000101412,0.9,0.92,100,-0.0446230054225464,0.0446230054225464,0.00861568872142357,0.00861568872142357,0.0499999999999999,0.0299999999999999
"Pearson","L_Y_dich_2_5__K_X_dich_2_5",20,0.5,0,0,4,0.1,0.0467613058560301,"OPW",0.0317584420944409,0.159827797507804,0.87,0.9,100,-0.0682415579055591,0.0682415579055591,-0.0150028637615892,0.0150028637615892,0.08,0.0499999999999999
"Pearson","L_Y_dich_2_5__K_X_dich_2_5",20,0.5,0,4,0,0.1,0.092803515459299,"no_weight",0.092803515459299,0.157679026412958,0.88,0.86,100,-0.00719648454070099,0.00719648454070099,0,0,0.07,0.09
"Pearson","L_Y_dich_2_5__K_X_dich_2_5",20,0.5,0,4,0,0.1,0.092803515459299,"CW",0.0745276457700203,0.162574155710437,0.86,0.87,100,-0.0254723542299797,0.0254723542299797,-0.0182758696892787,0.0182758696892787,0.09,0.08
"Pearson","L_Y_dich_2_5__K_X_dich_2_5",20,0.5,0,4,0,0.1,0.092803515459299,"PPW",0.0947720940329803,0.132682881793299,0.89,0.9,100,-0.00522790596701969,0.00522790596701969,0.0019685785736813,0.0019685785736813,0.0599999999999999,0.0499999999999999
"Pearson","L_Y_dich_2_5__K_X_dich_2_5",20,0.5,0,4,0,0.1,0.092803515459299,"OPW",0.0888424688548939,0.157270794270667,0.87,0.87,100,-0.0111575311451061,0.0111575311451061,-0.00396104660440516,0.00396104660440516,0.08,0.08
"Pearson","L_Y_dich_2_5__K_X_dich_2_5",20,0.5,0,4,4,0.1,0.0907784391345714,"no_weight",0.0907784391345714,0.166310054880733,0.86,0.87,100,-0.00922156086542865,0.00922156086542865,0,0,0.09,0.08
"Pearson","L_Y_dich_2_5__K_X_dich_2_5",20,0.5,0,4,4,0.1,0.0907784391345714,"CW",0.0397946168327839,0.176180327568743,0.87,0.87,100,-0.0602053831672161,0.0602053831672161,-0.0509838223017874,0.0509838223017874,0.08,0.08
"Pearson","L_Y_dich_2_5__K_X_dich_2_5",20,0.5,0,4,4,0.1,0.0907784391345714,"PPW",0.0334501391004614,0.154561624301891,0.87,0.87,100,-0.0665498608995387,0.0665498608995387,-0.05732830003411,0.05732830003411,0.08,0.08
"Pearson","L_Y_dich_2_5__K_X_dich_2_5",20,0.5,0,4,4,0.1,0.0907784391345714,"OPW",0.0311223503848883,0.171762739700397,0.8,0.82,100,-0.0688776496151117,0.0688776496151117,-0.059656088749683,0.059656088749683,0.15,0.13
"Pearson","L_Y_dich_2_5__K_X_dich_2_5",20,0.5,0.5,0,0,0.5,0.460326813036876,"no_weight",0.460326813036876,0.128944741373147,0.89,0.89,100,-0.0396731869631245,0.0396731869631245,0,0,0.0599999999999999,0.0599999999999999
"Pearson","L_Y_dich_2_5__K_X_dich_2_5",20,0.5,0.5,0,0,0.5,0.460326813036876,"CW",0.459378150100537,0.128715490784522,0.91,0.88,100,-0.0406218498994634,0.0406218498994634,-0.00094866293633894,0.00094866293633894,0.0399999999999999,0.07
"Pearson","L_Y_dich_2_5__K_X_dich_2_5",20,0.5,0.5,0,0,0.5,0.460326813036876,"PPW",0.366425431734009,0.108500237405812,0.74,0.76,100,-0.133574568265991,0.133574568265991,-0.093901381302866,0.093901381302866,0.21,0.19
"Pearson","L_Y_dich_2_5__K_X_dich_2_5",20,0.5,0.5,0,0,0.5,0.460326813036876,"OPW",0.441024199907385,0.126100434634618,0.87,0.91,100,-0.0589758000926149,0.0589758000926149,-0.0193026131294904,0.0193026131294904,0.08,0.0399999999999999
"Pearson","L_Y_dich_2_5__K_X_dich_2_5",20,0.5,0.5,0,4,0.5,0.387076834631654,"no_weight",0.387076834631654,0.135297452065469,0.85,0.85,100,-0.112923165368346,0.112923165368346,0,0,0.1,0.1
"Pearson","L_Y_dich_2_5__K_X_dich_2_5",20,0.5,0.5,0,4,0.5,0.387076834631654,"CW",0.39149824350245,0.136491662055681,0.84,0.84,100,-0.10850175649755,0.10850175649755,0.00442140887079656,0.00442140887079656,0.11,0.11
"Pearson","L_Y_dich_2_5__K_X_dich_2_5",20,0.5,0.5,0,4,0.5,0.387076834631654,"PPW",0.329551188022687,0.121556588729692,0.71,0.87,100,-0.170448811977313,0.170448811977313,-0.0575256466089665,0.0575256466089665,0.24,0.08
"Pearson","L_Y_dich_2_5__K_X_dich_2_5",20,0.5,0.5,0,4,0.5,0.387076834631654,"OPW",0.374291321919053,0.138395367463894,0.84,0.86,100,-0.125708678080947,0.125708678080947,-0.0127855127126006,0.0127855127126006,0.11,0.09
"Pearson","L_Y_dich_2_5__K_X_dich_2_5",20,0.5,0.5,4,0,0.5,0.37987803383539,"no_weight",0.37987803383539,0.132772534010617,0.84,0.89,100,-0.12012196616461,0.12012196616461,0,0,0.11,0.0599999999999999
"Pearson","L_Y_dich_2_5__K_X_dich_2_5",20,0.5,0.5,4,0,0.5,0.37987803383539,"CW",0.397713795396384,0.134244980447354,0.87,0.91,100,-0.102286204603616,0.102286204603616,0.017835761560994,0.017835761560994,0.08,0.0399999999999999
"Pearson","L_Y_dich_2_5__K_X_dich_2_5",20,0.5,0.5,4,0,0.5,0.37987803383539,"PPW",0.328953294506745,0.122798107418029,0.69,0.91,100,-0.171046705493255,0.171046705493255,-0.0509247393286454,0.0509247393286454,0.26,0.0399999999999999
"Pearson","L_Y_dich_2_5__K_X_dich_2_5",20,0.5,0.5,4,0,0.5,0.37987803383539,"OPW",0.38433027284209,0.134877259699935,0.86,0.89,100,-0.11566972715791,0.11566972715791,0.00445223900669989,0.00445223900669989,0.09,0.0599999999999999
"Pearson","L_Y_dich_2_5__K_X_dich_2_5",20,0.5,0.5,4,4,0.5,0.360183382543429,"no_weight",0.360183382543429,0.137305016040418,0.78,0.84,100,-0.139816617456571,0.139816617456571,0,0,0.17,0.11
"Pearson","L_Y_dich_2_5__K_X_dich_2_5",20,0.5,0.5,4,4,0.5,0.360183382543429,"CW",0.353059272740844,0.144586268421705,0.79,0.86,100,-0.146940727259156,0.146940727259156,-0.00712410980258532,0.00712410980258532,0.16,0.09
"Pearson","L_Y_dich_2_5__K_X_dich_2_5",20,0.5,0.5,4,4,0.5,0.360183382543429,"PPW",0.301267000369927,0.139562090291118,0.71,0.84,100,-0.198732999630073,0.198732999630073,-0.058916382173502,0.058916382173502,0.24,0.11
"Pearson","L_Y_dich_2_5__K_X_dich_2_5",20,0.5,0.5,4,4,0.5,0.360183382543429,"OPW",0.341720345818005,0.149127605184404,0.79,0.85,100,-0.158279654181995,0.158279654181995,-0.0184630367254238,0.0184630367254238,0.16,0.1
"Pearson","L_Y_dich_2_5__K_X_dich_3_5",20,0,0,0,0,0,-0.0199637926057045,"no_weight",-0.0199637926057045,0.162509347941674,0.88,0.86,100,-0.0199637926057045,0.0199637926057045,0,0,0.07,0.09
"Pearson","L_Y_dich_2_5__K_X_dich_3_5",20,0,0,0,0,0,-0.0199637926057045,"CW",-0.0190950472862701,0.16217256659962,0.89,0.86,100,-0.0190950472862701,0.0190950472862701,0.000868745319434462,0.000868745319434462,0.0599999999999999,0.09
"Pearson","L_Y_dich_2_5__K_X_dich_3_5",20,0,0,0,0,0,-0.0199637926057045,"PPW",-0.0214506125057438,0.134863542187449,0.94,0.93,100,-0.0214506125057438,0.0214506125057438,-0.00148681990003926,0.00148681990003926,0.01,0.0199999999999999
"Pearson","L_Y_dich_2_5__K_X_dich_3_5",20,0,0,0,0,0,-0.0199637926057045,"OPW",-0.0196830985068245,0.160881236022346,0.92,0.91,100,-0.0196830985068245,0.0196830985068245,0.000280694098880038,0.000280694098880038,0.0299999999999999,0.0399999999999999
"Pearson","L_Y_dich_2_5__K_X_dich_3_5",20,0,0,0,4,0,-0.00225587854175545,"no_weight",-0.00225587854175545,0.163720846101758,0.87,0.88,100,-0.00225587854175545,0.00225587854175545,0,0,0.08,0.07
"Pearson","L_Y_dich_2_5__K_X_dich_3_5",20,0,0,0,4,0,-0.00225587854175545,"CW",0.00104113349710805,0.166185250853956,0.91,0.91,100,0.00104113349710805,0.00104113349710805,0.0032970120388635,0.0032970120388635,0.0399999999999999,0.0399999999999999
"Pearson","L_Y_dich_2_5__K_X_dich_3_5",20,0,0,0,4,0,-0.00225587854175545,"PPW",-0.041969044717372,0.147180750926344,0.92,0.93,100,-0.041969044717372,0.041969044717372,-0.0397131661756166,0.0397131661756166,0.0299999999999999,0.0199999999999999
"Pearson","L_Y_dich_2_5__K_X_dich_3_5",20,0,0,0,4,0,-0.00225587854175545,"OPW",-0.0130638628527011,0.16267620202791,0.92,0.92,100,-0.0130638628527011,0.0130638628527011,-0.0108079843109457,0.0108079843109457,0.0299999999999999,0.0299999999999999
"Pearson","L_Y_dich_2_5__K_X_dich_3_5",20,0,0,4,0,0,0.0127474969761225,"no_weight",0.0127474969761225,0.157700200709008,0.92,0.91,100,0.0127474969761225,0.0127474969761225,0,0,0.0299999999999999,0.0399999999999999
"Pearson","L_Y_dich_2_5__K_X_dich_3_5",20,0,0,4,0,0,0.0127474969761225,"CW",0.0128939663092042,0.163818507859304,0.87,0.87,100,0.0128939663092042,0.0128939663092042,0.000146469333081741,0.000146469333081741,0.08,0.08
"Pearson","L_Y_dich_2_5__K_X_dich_3_5",20,0,0,4,0,0,0.0127474969761225,"PPW",-0.00123043726260356,0.156907363451133,0.89,0.87,100,-0.00123043726260356,0.00123043726260356,-0.0139779342387261,0.0139779342387261,0.0599999999999999,0.08
"Pearson","L_Y_dich_2_5__K_X_dich_3_5",20,0,0,4,0,0,0.0127474969761225,"OPW",0.00482466162603544,0.164272430115552,0.87,0.87,100,0.00482466162603544,0.00482466162603544,-0.00792283535008707,0.00792283535008707,0.08,0.08
"Pearson","L_Y_dich_2_5__K_X_dich_3_5",20,0,0,4,4,0,0.0175583440275304,"no_weight",0.0175583440275304,0.160584836987019,0.87,0.89,100,0.0175583440275304,0.0175583440275304,0,0,0.08,0.0599999999999999
"Pearson","L_Y_dich_2_5__K_X_dich_3_5",20,0,0,4,4,0,0.0175583440275304,"CW",0.0138685351420662,0.166902466517565,0.86,0.87,100,0.0138685351420662,0.0138685351420662,-0.00368980888546416,0.00368980888546416,0.09,0.08
"Pearson","L_Y_dich_2_5__K_X_dich_3_5",20,0,0,4,4,0,0.0175583440275304,"PPW",-0.0179800072354225,0.160046867710365,0.85,0.84,100,-0.0179800072354225,0.0179800072354225,-0.0355383512629529,0.0355383512629529,0.1,0.11
"Pearson","L_Y_dich_2_5__K_X_dich_3_5",20,0,0,4,4,0,0.0175583440275304,"OPW",-0.00423924350329729,0.167741292784642,0.88,0.87,100,-0.00423924350329729,0.00423924350329729,-0.0217975875308277,0.0217975875308277,0.07,0.08
"Pearson","L_Y_dich_2_5__K_X_dich_3_5",20,0,0.5,0,0,0.4,0.377924280252174,"no_weight",0.377924280252174,0.134290131539649,0.92,0.89,100,-0.0220757197478256,0.0220757197478256,0,0,0.0299999999999999,0.0599999999999999
"Pearson","L_Y_dich_2_5__K_X_dich_3_5",20,0,0.5,0,0,0.4,0.377924280252174,"CW",0.379908703780557,0.133597488459516,0.92,0.91,100,-0.0200912962194434,0.0200912962194434,0.00198442352838213,0.00198442352838213,0.0299999999999999,0.0399999999999999
"Pearson","L_Y_dich_2_5__K_X_dich_3_5",20,0,0.5,0,0,0.4,0.377924280252174,"PPW",0.277567097369191,0.122649879911053,0.81,0.83,100,-0.122432902630809,0.122432902630809,-0.100357182882983,0.100357182882983,0.14,0.12
"Pearson","L_Y_dich_2_5__K_X_dich_3_5",20,0,0.5,0,0,0.4,0.377924280252174,"OPW",0.355201685798969,0.134130434592974,0.88,0.89,100,-0.0447983142010309,0.0447983142010309,-0.0227225944532053,0.0227225944532053,0.07,0.0599999999999999
"Pearson","L_Y_dich_2_5__K_X_dich_3_5",20,0,0.5,0,4,0.4,0.294136570753405,"no_weight",0.294136570753405,0.139801836765555,0.81,0.87,100,-0.105863429246595,0.105863429246595,0,0,0.14,0.08
"Pearson","L_Y_dich_2_5__K_X_dich_3_5",20,0,0.5,0,4,0.4,0.294136570753405,"CW",0.322489541686763,0.139134180839548,0.85,0.9,100,-0.0775104583132374,0.0775104583132374,0.0283529709333576,0.0283529709333576,0.1,0.0499999999999999
"Pearson","L_Y_dich_2_5__K_X_dich_3_5",20,0,0.5,0,4,0.4,0.294136570753405,"PPW",0.226271861394383,0.139121770940995,0.7,0.88,100,-0.173728138605617,0.173728138605617,-0.0678647093590223,0.0678647093590223,0.25,0.07
"Pearson","L_Y_dich_2_5__K_X_dich_3_5",20,0,0.5,0,4,0.4,0.294136570753405,"OPW",0.293169168654895,0.145876572671073,0.81,0.88,100,-0.106830831345105,0.106830831345105,-0.000967402098510151,0.000967402098510151,0.14,0.07
"Pearson","L_Y_dich_2_5__K_X_dich_3_5",20,0,0.5,4,0,0.4,0.308793840705643,"no_weight",0.308793840705643,0.13723942550444,0.79,0.83,100,-0.0912061592943569,0.0912061592943569,0,0,0.16,0.12
"Pearson","L_Y_dich_2_5__K_X_dich_3_5",20,0,0.5,4,0,0.4,0.308793840705643,"CW",0.331522749471104,0.138148090255811,0.83,0.88,100,-0.0684772505288958,0.0684772505288958,0.0227289087654612,0.0227289087654612,0.12,0.07
"Pearson","L_Y_dich_2_5__K_X_dich_3_5",20,0,0.5,4,0,0.4,0.308793840705643,"PPW",0.273284032636849,0.136679608636459,0.78,0.87,100,-0.126715967363151,0.126715967363151,-0.0355098080687939,0.0355098080687939,0.17,0.08
"Pearson","L_Y_dich_2_5__K_X_dich_3_5",20,0,0.5,4,0,0.4,0.308793840705643,"OPW",0.32035332836008,0.140495755974824,0.82,0.86,100,-0.0796466716399203,0.0796466716399203,0.0115594876544366,0.0115594876544366,0.13,0.09
"Pearson","L_Y_dich_2_5__K_X_dich_3_5",20,0,0.5,4,4,0.4,0.282697896382999,"no_weight",0.282697896382999,0.148930249498372,0.8,0.83,100,-0.117302103617001,0.117302103617001,0,0,0.15,0.12
"Pearson","L_Y_dich_2_5__K_X_dich_3_5",20,0,0.5,4,4,0.4,0.282697896382999,"CW",0.299404437938845,0.155837112339728,0.85,0.85,100,-0.100595562061155,0.100595562061155,0.0167065415558464,0.0167065415558464,0.1,0.1
"Pearson","L_Y_dich_2_5__K_X_dich_3_5",20,0,0.5,4,4,0.4,0.282697896382999,"PPW",0.229003810480021,0.162573664110105,0.78,0.85,100,-0.170996189519979,0.170996189519979,-0.0536940859029773,0.0536940859029773,0.17,0.1
"Pearson","L_Y_dich_2_5__K_X_dich_3_5",20,0,0.5,4,4,0.4,0.282697896382999,"OPW",0.271103597283433,0.163527502035306,0.84,0.85,100,-0.128896402716567,0.128896402716567,-0.0115942990995651,0.0115942990995651,0.11,0.1
"Pearson","L_Y_dich_2_5__K_X_dich_3_5",20,0.5,0,0,0,0.1,0.109346255644978,"no_weight",0.109346255644978,0.163207281315602,0.93,0.93,100,0.00934625564497769,0.00934625564497769,0,0,0.0199999999999999,0.0199999999999999
"Pearson","L_Y_dich_2_5__K_X_dich_3_5",20,0.5,0,0,0,0.1,0.109346255644978,"CW",0.108110166212168,0.163318615520353,0.93,0.92,100,0.00811016621216795,0.00811016621216795,-0.00123608943280974,0.00123608943280974,0.0199999999999999,0.0299999999999999
"Pearson","L_Y_dich_2_5__K_X_dich_3_5",20,0.5,0,0,0,0.1,0.109346255644978,"PPW",0.124874616354746,0.135876093654227,0.96,0.96,100,0.0248746163547461,0.0248746163547461,0.0155283607097684,0.0155283607097684,0.01,0.01
"Pearson","L_Y_dich_2_5__K_X_dich_3_5",20,0.5,0,0,0,0.1,0.109346255644978,"OPW",0.116885667328002,0.158082738586842,0.96,0.96,100,0.0168856673280015,0.0168856673280015,0.00753941168302383,0.00753941168302383,0.01,0.01
"Pearson","L_Y_dich_2_5__K_X_dich_3_5",20,0.5,0,0,4,0.1,0.0467613058560301,"no_weight",0.0467613058560301,0.161558979358561,0.84,0.87,100,-0.0532386941439699,0.0532386941439699,0,0,0.11,0.08
"Pearson","L_Y_dich_2_5__K_X_dich_3_5",20,0.5,0,0,4,0.1,0.0467613058560301,"CW",0.0231314133403272,0.166473338467646,0.86,0.9,100,-0.0768685866596728,0.0768685866596728,-0.0236298925157029,0.0236298925157029,0.09,0.0499999999999999
"Pearson","L_Y_dich_2_5__K_X_dich_3_5",20,0.5,0,0,4,0.1,0.0467613058560301,"PPW",0.0242272252021958,0.145376750106151,0.89,0.92,100,-0.0757727747978042,0.0757727747978042,-0.0225340806538342,0.0225340806538342,0.0599999999999999,0.0299999999999999
"Pearson","L_Y_dich_2_5__K_X_dich_3_5",20,0.5,0,0,4,0.1,0.0467613058560301,"OPW",0.0283785332038731,0.164379561848868,0.87,0.9,100,-0.0716214667961269,0.0716214667961269,-0.018382772652157,0.018382772652157,0.08,0.0499999999999999
"Pearson","L_Y_dich_2_5__K_X_dich_3_5",20,0.5,0,4,0,0.1,0.092803515459299,"no_weight",0.092803515459299,0.157679026412958,0.88,0.86,100,-0.00719648454070099,0.00719648454070099,0,0,0.07,0.09
"Pearson","L_Y_dich_2_5__K_X_dich_3_5",20,0.5,0,4,0,0.1,0.092803515459299,"CW",0.0745276457700203,0.162574155710437,0.86,0.87,100,-0.0254723542299797,0.0254723542299797,-0.0182758696892787,0.0182758696892787,0.09,0.08
"Pearson","L_Y_dich_2_5__K_X_dich_3_5",20,0.5,0,4,0,0.1,0.092803515459299,"PPW",0.0965953169730017,0.151649968136663,0.84,0.84,100,-0.00340468302699828,0.00340468302699828,0.0037918015137027,0.0037918015137027,0.11,0.11
"Pearson","L_Y_dich_2_5__K_X_dich_3_5",20,0.5,0,4,0,0.1,0.092803515459299,"OPW",0.0938060678095388,0.159608277892299,0.84,0.84,100,-0.00619393219046117,0.00619393219046117,0.00100255235023981,0.00100255235023981,0.11,0.11
"Pearson","L_Y_dich_2_5__K_X_dich_3_5",20,0.5,0,4,4,0.1,0.0907784391345714,"no_weight",0.0907784391345714,0.166310054880733,0.86,0.87,100,-0.00922156086542865,0.00922156086542865,0,0,0.09,0.08
"Pearson","L_Y_dich_2_5__K_X_dich_3_5",20,0.5,0,4,4,0.1,0.0907784391345714,"CW",0.0397946168327839,0.176180327568743,0.87,0.87,100,-0.0602053831672161,0.0602053831672161,-0.0509838223017874,0.0509838223017874,0.08,0.08
"Pearson","L_Y_dich_2_5__K_X_dich_3_5",20,0.5,0,4,4,0.1,0.0907784391345714,"PPW",0.0526717043137436,0.169700053651818,0.91,0.91,100,-0.0473282956862564,0.0473282956862564,-0.0381067348208277,0.0381067348208277,0.0399999999999999,0.0399999999999999
"Pearson","L_Y_dich_2_5__K_X_dich_3_5",20,0.5,0,4,4,0.1,0.0907784391345714,"OPW",0.0482834619009669,0.176170368574007,0.84,0.84,100,-0.0517165380990331,0.0517165380990331,-0.0424949772336045,0.0424949772336045,0.11,0.11
"Pearson","L_Y_dich_2_5__K_X_dich_3_5",20,0.5,0.5,0,0,0.5,0.460326813036876,"no_weight",0.460326813036876,0.128944741373147,0.89,0.89,100,-0.0396731869631245,0.0396731869631245,0,0,0.0599999999999999,0.0599999999999999
"Pearson","L_Y_dich_2_5__K_X_dich_3_5",20,0.5,0.5,0,0,0.5,0.460326813036876,"CW",0.459378150100537,0.128715490784522,0.91,0.88,100,-0.0406218498994634,0.0406218498994634,-0.00094866293633894,0.00094866293633894,0.0399999999999999,0.07
"Pearson","L_Y_dich_2_5__K_X_dich_3_5",20,0.5,0.5,0,0,0.5,0.460326813036876,"PPW",0.3994772124957,0.119829881927104,0.86,0.9,100,-0.1005227875043,0.1005227875043,-0.0608496005411754,0.0608496005411754,0.09,0.0499999999999999
"Pearson","L_Y_dich_2_5__K_X_dich_3_5",20,0.5,0.5,0,0,0.5,0.460326813036876,"OPW",0.454462537095435,0.127747158852654,0.92,0.91,100,-0.0455374629045653,0.0455374629045653,-0.00586427594144084,0.00586427594144084,0.0299999999999999,0.0399999999999999
"Pearson","L_Y_dich_2_5__K_X_dich_3_5",20,0.5,0.5,0,4,0.5,0.387076834631654,"no_weight",0.387076834631654,0.135297452065469,0.85,0.85,100,-0.112923165368346,0.112923165368346,0,0,0.1,0.1
"Pearson","L_Y_dich_2_5__K_X_dich_3_5",20,0.5,0.5,0,4,0.5,0.387076834631654,"CW",0.39149824350245,0.136491662055681,0.84,0.84,100,-0.10850175649755,0.10850175649755,0.00442140887079656,0.00442140887079656,0.11,0.11
"Pearson","L_Y_dich_2_5__K_X_dich_3_5",20,0.5,0.5,0,4,0.5,0.387076834631654,"PPW",0.341182325602123,0.132463981434555,0.78,0.88,100,-0.158817674397877,0.158817674397877,-0.0458945090295305,0.0458945090295305,0.17,0.07
"Pearson","L_Y_dich_2_5__K_X_dich_3_5",20,0.5,0.5,0,4,0.5,0.387076834631654,"OPW",0.383586098721098,0.138767008001826,0.85,0.83,100,-0.116413901278902,0.116413901278902,-0.00349073591055621,0.00349073591055621,0.1,0.12
"Pearson","L_Y_dich_2_5__K_X_dich_3_5",20,0.5,0.5,4,0,0.5,0.37987803383539,"no_weight",0.37987803383539,0.132772534010617,0.84,0.89,100,-0.12012196616461,0.12012196616461,0,0,0.11,0.0599999999999999
"Pearson","L_Y_dich_2_5__K_X_dich_3_5",20,0.5,0.5,4,0,0.5,0.37987803383539,"CW",0.397713795396384,0.134244980447354,0.87,0.91,100,-0.102286204603616,0.102286204603616,0.017835761560994,0.017835761560994,0.08,0.0399999999999999
"Pearson","L_Y_dich_2_5__K_X_dich_3_5",20,0.5,0.5,4,0,0.5,0.37987803383539,"PPW",0.386528225037836,0.133559367503442,0.87,0.91,100,-0.113471774962164,0.113471774962164,0.00665019120244609,0.00665019120244609,0.08,0.0399999999999999
"Pearson","L_Y_dich_2_5__K_X_dich_3_5",20,0.5,0.5,4,0,0.5,0.37987803383539,"OPW",0.402768230195365,0.135362496955931,0.9,0.86,100,-0.097231769804635,0.097231769804635,0.0228901963599748,0.0228901963599748,0.0499999999999999,0.09
"Pearson","L_Y_dich_2_5__K_X_dich_3_5",20,0.5,0.5,4,4,0.5,0.360183382543429,"no_weight",0.360183382543429,0.137305016040418,0.78,0.84,100,-0.139816617456571,0.139816617456571,0,0,0.17,0.11
"Pearson","L_Y_dich_2_5__K_X_dich_3_5",20,0.5,0.5,4,4,0.5,0.360183382543429,"CW",0.353059272740844,0.144586268421705,0.79,0.86,100,-0.146940727259156,0.146940727259156,-0.00712410980258532,0.00712410980258532,0.16,0.09
"Pearson","L_Y_dich_2_5__K_X_dich_3_5",20,0.5,0.5,4,4,0.5,0.360183382543429,"PPW",0.335828528185086,0.146937657193976,0.75,0.86,100,-0.164171471814914,0.164171471814914,-0.0243548543583433,0.0243548543583433,0.2,0.09
"Pearson","L_Y_dich_2_5__K_X_dich_3_5",20,0.5,0.5,4,4,0.5,0.360183382543429,"OPW",0.357501521184771,0.145815399455645,0.78,0.86,100,-0.142498478815229,0.142498478815229,-0.0026818613586585,0.0026818613586585,0.17,0.09
"Pearson","L_Y_dich_2_5__K_X_dich_4_5",20,0,0,0,0,0,-0.0199637926057045,"no_weight",-0.0199637926057045,0.162509347941674,0.88,0.86,100,-0.0199637926057045,0.0199637926057045,0,0,0.07,0.09
"Pearson","L_Y_dich_2_5__K_X_dich_4_5",20,0,0,0,0,0,-0.0199637926057045,"CW",-0.0190950472862701,0.16217256659962,0.89,0.86,100,-0.0190950472862701,0.0190950472862701,0.000868745319434462,0.000868745319434462,0.0599999999999999,0.09
"Pearson","L_Y_dich_2_5__K_X_dich_4_5",20,0,0,0,0,0,-0.0199637926057045,"PPW",-0.0145971055616587,0.135987024350029,0.92,0.9,100,-0.0145971055616587,0.0145971055616587,0.00536668704404581,0.00536668704404581,0.0299999999999999,0.0499999999999999
"Pearson","L_Y_dich_2_5__K_X_dich_4_5",20,0,0,0,0,0,-0.0199637926057045,"OPW",-0.0203989628576786,0.159392803556814,0.89,0.89,100,-0.0203989628576786,0.0203989628576786,-0.000435170251974121,0.000435170251974121,0.0599999999999999,0.0599999999999999
"Pearson","L_Y_dich_2_5__K_X_dich_4_5",20,0,0,0,4,0,-0.00225587854175545,"no_weight",-0.00225587854175545,0.163720846101758,0.87,0.88,100,-0.00225587854175545,0.00225587854175545,0,0,0.08,0.07
"Pearson","L_Y_dich_2_5__K_X_dich_4_5",20,0,0,0,4,0,-0.00225587854175545,"CW",0.00104113349710805,0.166185250853956,0.91,0.91,100,0.00104113349710805,0.00104113349710805,0.0032970120388635,0.0032970120388635,0.0399999999999999,0.0399999999999999
"Pearson","L_Y_dich_2_5__K_X_dich_4_5",20,0,0,0,4,0,-0.00225587854175545,"PPW",-0.00194663537031084,0.146769856578214,0.92,0.91,100,-0.00194663537031084,0.00194663537031084,0.000309243171444608,0.000309243171444608,0.0299999999999999,0.0399999999999999
"Pearson","L_Y_dich_2_5__K_X_dich_4_5",20,0,0,0,4,0,-0.00225587854175545,"OPW",-0.002726212235241,0.164253535422219,0.91,0.91,100,-0.002726212235241,0.002726212235241,-0.000470333693485557,0.000470333693485557,0.0399999999999999,0.0399999999999999
"Pearson","L_Y_dich_2_5__K_X_dich_4_5",20,0,0,4,0,0,0.0127474969761225,"no_weight",0.0127474969761225,0.157700200709008,0.92,0.91,100,0.0127474969761225,0.0127474969761225,0,0,0.0299999999999999,0.0399999999999999
"Pearson","L_Y_dich_2_5__K_X_dich_4_5",20,0,0,4,0,0,0.0127474969761225,"CW",0.0128939663092042,0.163818507859304,0.87,0.87,100,0.0128939663092042,0.0128939663092042,0.000146469333081741,0.000146469333081741,0.08,0.08
"Pearson","L_Y_dich_2_5__K_X_dich_4_5",20,0,0,4,0,0,0.0127474969761225,"PPW",0.00378483771136111,0.141058149787623,0.94,0.93,100,0.00378483771136111,0.00378483771136111,-0.0089626592647614,0.0089626592647614,0.01,0.0199999999999999
"Pearson","L_Y_dich_2_5__K_X_dich_4_5",20,0,0,4,0,0,0.0127474969761225,"OPW",0.00722600210170107,0.160259364490161,0.89,0.87,100,0.00722600210170107,0.00722600210170107,-0.00552149487442144,0.00552149487442144,0.0599999999999999,0.08
"Pearson","L_Y_dich_2_5__K_X_dich_4_5",20,0,0,4,4,0,0.0175583440275304,"no_weight",0.0175583440275304,0.160584836987019,0.87,0.89,100,0.0175583440275304,0.0175583440275304,0,0,0.08,0.0599999999999999
"Pearson","L_Y_dich_2_5__K_X_dich_4_5",20,0,0,4,4,0,0.0175583440275304,"CW",0.0138685351420662,0.166902466517565,0.86,0.87,100,0.0138685351420662,0.0138685351420662,-0.00368980888546416,0.00368980888546416,0.09,0.08
"Pearson","L_Y_dich_2_5__K_X_dich_4_5",20,0,0,4,4,0,0.0175583440275304,"PPW",0.00421017478125039,0.153365071705631,0.89,0.89,100,0.00421017478125039,0.00421017478125039,-0.01334816924628,0.01334816924628,0.0599999999999999,0.0599999999999999
"Pearson","L_Y_dich_2_5__K_X_dich_4_5",20,0,0,4,4,0,0.0175583440275304,"OPW",0.00243573520159325,0.166689984522634,0.88,0.87,100,0.00243573520159325,0.00243573520159325,-0.0151226088259371,0.0151226088259371,0.07,0.08
"Pearson","L_Y_dich_2_5__K_X_dich_4_5",20,0,0.5,0,0,0.4,0.377924280252174,"no_weight",0.377924280252174,0.134290131539649,0.92,0.89,100,-0.0220757197478256,0.0220757197478256,0,0,0.0299999999999999,0.0599999999999999
"Pearson","L_Y_dich_2_5__K_X_dich_4_5",20,0,0.5,0,0,0.4,0.377924280252174,"CW",0.379908703780557,0.133597488459516,0.92,0.91,100,-0.0200912962194434,0.0200912962194434,0.00198442352838213,0.00198442352838213,0.0299999999999999,0.0399999999999999
"Pearson","L_Y_dich_2_5__K_X_dich_4_5",20,0,0.5,0,0,0.4,0.377924280252174,"PPW",0.304865677839005,0.12375695491523,0.83,0.84,100,-0.0951343221609955,0.0951343221609955,-0.0730586024131699,0.0730586024131699,0.12,0.11
"Pearson","L_Y_dich_2_5__K_X_dich_4_5",20,0,0.5,0,0,0.4,0.377924280252174,"OPW",0.364854056869778,0.132047500561552,0.89,0.88,100,-0.0351459431302224,0.0351459431302224,-0.0130702233823968,0.0130702233823968,0.0599999999999999,0.07
"Pearson","L_Y_dich_2_5__K_X_dich_4_5",20,0,0.5,0,4,0.4,0.294136570753405,"no_weight",0.294136570753405,0.139801836765555,0.81,0.87,100,-0.105863429246595,0.105863429246595,0,0,0.14,0.08
"Pearson","L_Y_dich_2_5__K_X_dich_4_5",20,0,0.5,0,4,0.4,0.294136570753405,"CW",0.322489541686763,0.139134180839548,0.85,0.9,100,-0.0775104583132374,0.0775104583132374,0.0283529709333576,0.0283529709333576,0.1,0.0499999999999999
"Pearson","L_Y_dich_2_5__K_X_dich_4_5",20,0,0.5,0,4,0.4,0.294136570753405,"PPW",0.275009006995904,0.129274503100249,0.81,0.88,100,-0.124990993004096,0.124990993004096,-0.0191275637575008,0.0191275637575008,0.14,0.07
"Pearson","L_Y_dich_2_5__K_X_dich_4_5",20,0,0.5,0,4,0.4,0.294136570753405,"OPW",0.31498265431985,0.139430455189126,0.83,0.9,100,-0.0850173456801496,0.0850173456801496,0.0208460835664454,0.0208460835664454,0.12,0.0499999999999999
"Pearson","L_Y_dich_2_5__K_X_dich_4_5",20,0,0.5,4,0,0.4,0.308793840705643,"no_weight",0.308793840705643,0.13723942550444,0.79,0.83,100,-0.0912061592943569,0.0912061592943569,0,0,0.16,0.12
"Pearson","L_Y_dich_2_5__K_X_dich_4_5",20,0,0.5,4,0,0.4,0.308793840705643,"CW",0.331522749471104,0.138148090255811,0.83,0.88,100,-0.0684772505288958,0.0684772505288958,0.0227289087654612,0.0227289087654612,0.12,0.07
"Pearson","L_Y_dich_2_5__K_X_dich_4_5",20,0,0.5,4,0,0.4,0.308793840705643,"PPW",0.269592863501414,0.129545165451177,0.77,0.83,100,-0.130407136498586,0.130407136498586,-0.0392009772042286,0.0392009772042286,0.18,0.12
"Pearson","L_Y_dich_2_5__K_X_dich_4_5",20,0,0.5,4,0,0.4,0.308793840705643,"OPW",0.320343756824192,0.138820022665109,0.79,0.88,100,-0.0796562431758079,0.0796562431758079,0.0115499161185491,0.0115499161185491,0.16,0.07
"Pearson","L_Y_dich_2_5__K_X_dich_4_5",20,0,0.5,4,4,0.4,0.282697896382999,"no_weight",0.282697896382999,0.148930249498372,0.8,0.83,100,-0.117302103617001,0.117302103617001,0,0,0.15,0.12
"Pearson","L_Y_dich_2_5__K_X_dich_4_5",20,0,0.5,4,4,0.4,0.282697896382999,"CW",0.299404437938845,0.155837112339728,0.85,0.85,100,-0.100595562061155,0.100595562061155,0.0167065415558464,0.0167065415558464,0.1,0.1
"Pearson","L_Y_dich_2_5__K_X_dich_4_5",20,0,0.5,4,4,0.4,0.282697896382999,"PPW",0.241663147604998,0.154254705036233,0.78,0.86,100,-0.158336852395002,0.158336852395002,-0.0410347487780004,0.0410347487780004,0.17,0.09
"Pearson","L_Y_dich_2_5__K_X_dich_4_5",20,0,0.5,4,4,0.4,0.282697896382999,"OPW",0.275977778123373,0.161116613144259,0.83,0.85,100,-0.124022221876627,0.124022221876627,-0.00672011825962548,0.00672011825962548,0.12,0.1
"Pearson","L_Y_dich_2_5__K_X_dich_4_5",20,0.5,0,0,0,0.1,0.109346255644978,"no_weight",0.109346255644978,0.163207281315602,0.93,0.93,100,0.00934625564497769,0.00934625564497769,0,0,0.0199999999999999,0.0199999999999999
"Pearson","L_Y_dich_2_5__K_X_dich_4_5",20,0.5,0,0,0,0.1,0.109346255644978,"CW",0.108110166212168,0.163318615520353,0.93,0.92,100,0.00811016621216795,0.00811016621216795,-0.00123608943280974,0.00123608943280974,0.0199999999999999,0.0299999999999999
"Pearson","L_Y_dich_2_5__K_X_dich_4_5",20,0.5,0,0,0,0.1,0.109346255644978,"PPW",0.127788821936773,0.135567627386972,0.94,0.95,100,0.0277888219367733,0.0277888219367733,0.0184425662917957,0.0184425662917957,0.01,0
"Pearson","L_Y_dich_2_5__K_X_dich_4_5",20,0.5,0,0,0,0.1,0.109346255644978,"OPW",0.111824844363376,0.158120113744416,0.94,0.94,100,0.0118248443633764,0.0118248443633764,0.00247858871839872,0.00247858871839872,0.01,0.01
"Pearson","L_Y_dich_2_5__K_X_dich_4_5",20,0.5,0,0,4,0.1,0.0467613058560301,"no_weight",0.0467613058560301,0.161558979358561,0.84,0.87,100,-0.0532386941439699,0.0532386941439699,0,0,0.11,0.08
"Pearson","L_Y_dich_2_5__K_X_dich_4_5",20,0.5,0,0,4,0.1,0.0467613058560301,"CW",0.0231314133403272,0.166473338467646,0.86,0.9,100,-0.0768685866596728,0.0768685866596728,-0.0236298925157029,0.0236298925157029,0.09,0.0499999999999999
"Pearson","L_Y_dich_2_5__K_X_dich_4_5",20,0.5,0,0,4,0.1,0.0467613058560301,"PPW",0.061708103191491,0.144067038784221,0.9,0.9,100,-0.038291896808509,0.038291896808509,0.0149467973354609,0.0149467973354609,0.0499999999999999,0.0499999999999999
"Pearson","L_Y_dich_2_5__K_X_dich_4_5",20,0.5,0,0,4,0.1,0.0467613058560301,"OPW",0.0419826486031716,0.164375768864153,0.88,0.92,100,-0.0580173513968284,0.0580173513968284,-0.00477865725285846,0.00477865725285846,0.07,0.0299999999999999
"Pearson","L_Y_dich_2_5__K_X_dich_4_5",20,0.5,0,4,0,0.1,0.092803515459299,"no_weight",0.092803515459299,0.157679026412958,0.88,0.86,100,-0.00719648454070099,0.00719648454070099,0,0,0.07,0.09
"Pearson","L_Y_dich_2_5__K_X_dich_4_5",20,0.5,0,4,0,0.1,0.092803515459299,"CW",0.0745276457700203,0.162574155710437,0.86,0.87,100,-0.0254723542299797,0.0254723542299797,-0.0182758696892787,0.0182758696892787,0.09,0.08
"Pearson","L_Y_dich_2_5__K_X_dich_4_5",20,0.5,0,4,0,0.1,0.092803515459299,"PPW",0.0970177949471479,0.142715629446516,0.9,0.9,100,-0.00298220505285211,0.00298220505285211,0.00421427948784887,0.00421427948784887,0.0499999999999999,0.0499999999999999
"Pearson","L_Y_dich_2_5__K_X_dich_4_5",20,0.5,0,4,0,0.1,0.092803515459299,"OPW",0.0844655210538652,0.15807708129485,0.84,0.84,100,-0.0155344789461349,0.0155344789461349,-0.00833799440543387,0.00833799440543387,0.11,0.11
"Pearson","L_Y_dich_2_5__K_X_dich_4_5",20,0.5,0,4,4,0.1,0.0907784391345714,"no_weight",0.0907784391345714,0.166310054880733,0.86,0.87,100,-0.00922156086542865,0.00922156086542865,0,0,0.09,0.08
"Pearson","L_Y_dich_2_5__K_X_dich_4_5",20,0.5,0,4,4,0.1,0.0907784391345714,"CW",0.0397946168327839,0.176180327568743,0.87,0.87,100,-0.0602053831672161,0.0602053831672161,-0.0509838223017874,0.0509838223017874,0.08,0.08
"Pearson","L_Y_dich_2_5__K_X_dich_4_5",20,0.5,0,4,4,0.1,0.0907784391345714,"PPW",0.0656863006488869,0.163401677298168,0.91,0.91,100,-0.0343136993511131,0.0343136993511131,-0.0250921384856844,0.0250921384856844,0.0399999999999999,0.0399999999999999
"Pearson","L_Y_dich_2_5__K_X_dich_4_5",20,0.5,0,4,4,0.1,0.0907784391345714,"OPW",0.0461958651052856,0.175358559983321,0.83,0.83,100,-0.0538041348947144,0.0538041348947144,-0.0445825740292857,0.0445825740292857,0.12,0.12
"Pearson","L_Y_dich_2_5__K_X_dich_4_5",20,0.5,0.5,0,0,0.5,0.460326813036876,"no_weight",0.460326813036876,0.128944741373147,0.89,0.89,100,-0.0396731869631245,0.0396731869631245,0,0,0.0599999999999999,0.0599999999999999
"Pearson","L_Y_dich_2_5__K_X_dich_4_5",20,0.5,0.5,0,0,0.5,0.460326813036876,"CW",0.459378150100537,0.128715490784522,0.91,0.88,100,-0.0406218498994634,0.0406218498994634,-0.00094866293633894,0.00094866293633894,0.0399999999999999,0.07
"Pearson","L_Y_dich_2_5__K_X_dich_4_5",20,0.5,0.5,0,0,0.5,0.460326813036876,"PPW",0.417703088019049,0.11607727785261,0.82,0.87,100,-0.0822969119809506,0.0822969119809506,-0.0426237250178261,0.0426237250178261,0.13,0.08
"Pearson","L_Y_dich_2_5__K_X_dich_4_5",20,0.5,0.5,0,0,0.5,0.460326813036876,"OPW",0.456198232809197,0.126887829999465,0.88,0.92,100,-0.0438017671908033,0.0438017671908033,-0.00412858022767876,0.00412858022767876,0.07,0.0299999999999999
"Pearson","L_Y_dich_2_5__K_X_dich_4_5",20,0.5,0.5,0,4,0.5,0.387076834631654,"no_weight",0.387076834631654,0.135297452065469,0.85,0.85,100,-0.112923165368346,0.112923165368346,0,0,0.1,0.1
"Pearson","L_Y_dich_2_5__K_X_dich_4_5",20,0.5,0.5,0,4,0.5,0.387076834631654,"CW",0.39149824350245,0.136491662055681,0.84,0.84,100,-0.10850175649755,0.10850175649755,0.00442140887079656,0.00442140887079656,0.11,0.11
"Pearson","L_Y_dich_2_5__K_X_dich_4_5",20,0.5,0.5,0,4,0.5,0.387076834631654,"PPW",0.371168790376966,0.123668602830684,0.79,0.89,100,-0.128831209623034,0.128831209623034,-0.0159080442546881,0.0159080442546881,0.16,0.0599999999999999
"Pearson","L_Y_dich_2_5__K_X_dich_4_5",20,0.5,0.5,0,4,0.5,0.387076834631654,"OPW",0.391339607783743,0.136751232547262,0.84,0.83,100,-0.108660392216257,0.108660392216257,0.00426277315208928,0.00426277315208928,0.11,0.12
"Pearson","L_Y_dich_2_5__K_X_dich_4_5",20,0.5,0.5,4,0,0.5,0.37987803383539,"no_weight",0.37987803383539,0.132772534010617,0.84,0.89,100,-0.12012196616461,0.12012196616461,0,0,0.11,0.0599999999999999
"Pearson","L_Y_dich_2_5__K_X_dich_4_5",20,0.5,0.5,4,0,0.5,0.37987803383539,"CW",0.397713795396384,0.134244980447354,0.87,0.91,100,-0.102286204603616,0.102286204603616,0.017835761560994,0.017835761560994,0.08,0.0399999999999999
"Pearson","L_Y_dich_2_5__K_X_dich_4_5",20,0.5,0.5,4,0,0.5,0.37987803383539,"PPW",0.372981917944063,0.127727753923121,0.84,0.94,100,-0.127018082055937,0.127018082055937,-0.00689611589132672,0.00689611589132672,0.11,0.01
"Pearson","L_Y_dich_2_5__K_X_dich_4_5",20,0.5,0.5,4,0,0.5,0.37987803383539,"OPW",0.395586385106759,0.134796948013349,0.87,0.88,100,-0.104413614893241,0.104413614893241,0.0157083512713684,0.0157083512713684,0.08,0.07
"Pearson","L_Y_dich_2_5__K_X_dich_4_5",20,0.5,0.5,4,4,0.5,0.360183382543429,"no_weight",0.360183382543429,0.137305016040418,0.78,0.84,100,-0.139816617456571,0.139816617456571,0,0,0.17,0.11
"Pearson","L_Y_dich_2_5__K_X_dich_4_5",20,0.5,0.5,4,4,0.5,0.360183382543429,"CW",0.353059272740844,0.144586268421705,0.79,0.86,100,-0.146940727259156,0.146940727259156,-0.00712410980258532,0.00712410980258532,0.16,0.09
"Pearson","L_Y_dich_2_5__K_X_dich_4_5",20,0.5,0.5,4,4,0.5,0.360183382543429,"PPW",0.345563702668649,0.138985898948268,0.75,0.81,100,-0.154436297331351,0.154436297331351,-0.0146196798747804,0.0146196798747804,0.2,0.14
"Pearson","L_Y_dich_2_5__K_X_dich_4_5",20,0.5,0.5,4,4,0.5,0.360183382543429,"OPW",0.355572691574368,0.145591793406782,0.78,0.85,100,-0.144427308425632,0.144427308425632,-0.0046106909690608,0.0046106909690608,0.17,0.1
"Pearson","L_Y_dich_2_5__K_X_sev",20,0,0,0,0,0,-0.0199637926057045,"no_weight",-0.0199637926057045,0.162509347941674,0.88,0.86,100,-0.0199637926057045,0.0199637926057045,0,0,0.07,0.09
"Pearson","L_Y_dich_2_5__K_X_sev",20,0,0,0,0,0,-0.0199637926057045,"CW",-0.0190950472862701,0.16217256659962,0.89,0.86,100,-0.0190950472862701,0.0190950472862701,0.000868745319434462,0.000868745319434462,0.0599999999999999,0.09
"Pearson","L_Y_dich_2_5__K_X_sev",20,0,0,0,0,0,-0.0199637926057045,"PPW",-0.00959999413826656,0.120394704182434,0.94,0.94,100,-0.00959999413826656,0.00959999413826656,0.010363798467438,0.010363798467438,0.01,0.01
"Pearson","L_Y_dich_2_5__K_X_sev",20,0,0,0,0,0,-0.0199637926057045,"OPW",-0.0170191354847991,0.150360229466131,0.93,0.89,100,-0.0170191354847991,0.0170191354847991,0.00294465712090542,0.00294465712090542,0.0199999999999999,0.0599999999999999
"Pearson","L_Y_dich_2_5__K_X_sev",20,0,0,0,4,0,-0.00225587854175545,"no_weight",-0.00225587854175545,0.163720846101758,0.87,0.88,100,-0.00225587854175545,0.00225587854175545,0,0,0.08,0.07
"Pearson","L_Y_dich_2_5__K_X_sev",20,0,0,0,4,0,-0.00225587854175545,"CW",0.00104113349710805,0.166185250853956,0.91,0.91,100,0.00104113349710805,0.00104113349710805,0.0032970120388635,0.0032970120388635,0.0399999999999999,0.0399999999999999
"Pearson","L_Y_dich_2_5__K_X_sev",20,0,0,0,4,0,-0.00225587854175545,"PPW",0.00224949608317307,0.13528042455782,0.9,0.9,100,0.00224949608317307,0.00224949608317307,0.00450537462492851,0.00450537462492851,0.0499999999999999,0.0499999999999999
"Pearson","L_Y_dich_2_5__K_X_sev",20,0,0,0,4,0,-0.00225587854175545,"OPW",-0.00147461548813494,0.157512026680333,0.9,0.9,100,-0.00147461548813494,0.00147461548813494,0.00078126305362051,0.00078126305362051,0.0499999999999999,0.0499999999999999
"Pearson","L_Y_dich_2_5__K_X_sev",20,0,0,4,0,0,0.0127474969761225,"no_weight",0.0127474969761225,0.157700200709008,0.92,0.91,100,0.0127474969761225,0.0127474969761225,0,0,0.0299999999999999,0.0399999999999999
"Pearson","L_Y_dich_2_5__K_X_sev",20,0,0,4,0,0,0.0127474969761225,"CW",0.0128939663092042,0.163818507859304,0.87,0.87,100,0.0128939663092042,0.0128939663092042,0.000146469333081741,0.000146469333081741,0.08,0.08
"Pearson","L_Y_dich_2_5__K_X_sev",20,0,0,4,0,0,0.0127474969761225,"PPW",-0.00913224400944489,0.129990844563074,0.9,0.89,100,-0.00913224400944489,0.00913224400944489,-0.0218797409855674,0.0218797409855674,0.0499999999999999,0.0599999999999999
"Pearson","L_Y_dich_2_5__K_X_sev",20,0,0,4,0,0,0.0127474969761225,"OPW",0.00101238364208943,0.15296350790051,0.88,0.87,100,0.00101238364208943,0.00101238364208943,-0.0117351133340331,0.0117351133340331,0.07,0.08
"Pearson","L_Y_dich_2_5__K_X_sev",20,0,0,4,4,0,0.0175583440275304,"no_weight",0.0175583440275304,0.160584836987019,0.87,0.89,100,0.0175583440275304,0.0175583440275304,0,0,0.08,0.0599999999999999
"Pearson","L_Y_dich_2_5__K_X_sev",20,0,0,4,4,0,0.0175583440275304,"CW",0.0138685351420662,0.166902466517565,0.86,0.87,100,0.0138685351420662,0.0138685351420662,-0.00368980888546416,0.00368980888546416,0.09,0.08
"Pearson","L_Y_dich_2_5__K_X_sev",20,0,0,4,4,0,0.0175583440275304,"PPW",-0.0213689423836663,0.141801047722586,0.86,0.85,100,-0.0213689423836663,0.0213689423836663,-0.0389272864111967,0.0389272864111967,0.09,0.1
"Pearson","L_Y_dich_2_5__K_X_sev",20,0,0,4,4,0,0.0175583440275304,"OPW",-0.0119151490225552,0.161107150620444,0.86,0.85,100,-0.0119151490225552,0.0119151490225552,-0.0294734930500856,0.0294734930500856,0.09,0.1
"Pearson","L_Y_dich_2_5__K_X_sev",20,0,0.5,0,0,0.4,0.377924280252174,"no_weight",0.377924280252174,0.134290131539649,0.92,0.89,100,-0.0220757197478256,0.0220757197478256,0,0,0.0299999999999999,0.0599999999999999
"Pearson","L_Y_dich_2_5__K_X_sev",20,0,0.5,0,0,0.4,0.377924280252174,"CW",0.379908703780557,0.133597488459516,0.92,0.91,100,-0.0200912962194434,0.0200912962194434,0.00198442352838213,0.00198442352838213,0.0299999999999999,0.0399999999999999
"Pearson","L_Y_dich_2_5__K_X_sev",20,0,0.5,0,0,0.4,0.377924280252174,"PPW",0.235484995328102,0.110440386184464,0.67,0.75,100,-0.164515004671898,0.164515004671898,-0.142439284924073,0.142439284924073,0.28,0.2
"Pearson","L_Y_dich_2_5__K_X_sev",20,0,0.5,0,0,0.4,0.377924280252174,"OPW",0.339866199956812,0.128123106967938,0.87,0.88,100,-0.0601338000431882,0.0601338000431882,-0.0380580802953626,0.0380580802953626,0.08,0.07
"Pearson","L_Y_dich_2_5__K_X_sev",20,0,0.5,0,4,0.4,0.294136570753405,"no_weight",0.294136570753405,0.139801836765555,0.81,0.87,100,-0.105863429246595,0.105863429246595,0,0,0.14,0.08
"Pearson","L_Y_dich_2_5__K_X_sev",20,0,0.5,0,4,0.4,0.294136570753405,"CW",0.322489541686763,0.139134180839548,0.85,0.9,100,-0.0775104583132374,0.0775104583132374,0.0283529709333576,0.0283529709333576,0.1,0.0499999999999999
"Pearson","L_Y_dich_2_5__K_X_sev",20,0,0.5,0,4,0.4,0.294136570753405,"PPW",0.22161521096641,0.122088619299476,0.7,0.9,100,-0.17838478903359,0.17838478903359,-0.0725213597869947,0.0725213597869947,0.25,0.0499999999999999
"Pearson","L_Y_dich_2_5__K_X_sev",20,0,0.5,0,4,0.4,0.294136570753405,"OPW",0.306220194023785,0.137703408133962,0.83,0.88,100,-0.0937798059762148,0.0937798059762148,0.0120836232703802,0.0120836232703802,0.12,0.07
"Pearson","L_Y_dich_2_5__K_X_sev",20,0,0.5,4,0,0.4,0.308793840705643,"no_weight",0.308793840705643,0.13723942550444,0.79,0.83,100,-0.0912061592943569,0.0912061592943569,0,0,0.16,0.12
"Pearson","L_Y_dich_2_5__K_X_sev",20,0,0.5,4,0,0.4,0.308793840705643,"CW",0.331522749471104,0.138148090255811,0.83,0.88,100,-0.0684772505288958,0.0684772505288958,0.0227289087654612,0.0227289087654612,0.12,0.07
"Pearson","L_Y_dich_2_5__K_X_sev",20,0,0.5,4,0,0.4,0.308793840705643,"PPW",0.224210349006994,0.116941791978334,0.69,0.78,100,-0.175789650993006,0.175789650993006,-0.0845834916986486,0.0845834916986486,0.26,0.17
"Pearson","L_Y_dich_2_5__K_X_sev",20,0,0.5,4,0,0.4,0.308793840705643,"OPW",0.301189725774342,0.133188514441049,0.79,0.87,100,-0.0988102742256583,0.0988102742256583,-0.00760411493130136,0.00760411493130136,0.16,0.08
"Pearson","L_Y_dich_2_5__K_X_sev",20,0,0.5,4,4,0.4,0.282697896382999,"no_weight",0.282697896382999,0.148930249498372,0.8,0.83,100,-0.117302103617001,0.117302103617001,0,0,0.15,0.12
"Pearson","L_Y_dich_2_5__K_X_sev",20,0,0.5,4,4,0.4,0.282697896382999,"CW",0.299404437938845,0.155837112339728,0.85,0.85,100,-0.100595562061155,0.100595562061155,0.0167065415558464,0.0167065415558464,0.1,0.1
"Pearson","L_Y_dich_2_5__K_X_sev",20,0,0.5,4,4,0.4,0.282697896382999,"PPW",0.183561550015153,0.13905531441222,0.66,0.83,100,-0.216438449984847,0.216438449984847,-0.0991363463678452,0.0991363463678452,0.29,0.12
"Pearson","L_Y_dich_2_5__K_X_sev",20,0,0.5,4,4,0.4,0.282697896382999,"OPW",0.254337188068549,0.156537042607649,0.79,0.83,100,-0.145662811931451,0.145662811931451,-0.0283607083144496,0.0283607083144496,0.16,0.12
"Pearson","L_Y_dich_2_5__K_X_sev",20,0.5,0,0,0,0.1,0.109346255644978,"no_weight",0.109346255644978,0.163207281315602,0.93,0.93,100,0.00934625564497769,0.00934625564497769,0,0,0.0199999999999999,0.0199999999999999
"Pearson","L_Y_dich_2_5__K_X_sev",20,0.5,0,0,0,0.1,0.109346255644978,"CW",0.108110166212168,0.163318615520353,0.93,0.92,100,0.00811016621216795,0.00811016621216795,-0.00123608943280974,0.00123608943280974,0.0199999999999999,0.0299999999999999
"Pearson","L_Y_dich_2_5__K_X_sev",20,0.5,0,0,0,0.1,0.109346255644978,"PPW",0.128036578257279,0.124263085283691,0.94,0.94,100,0.0280365782572792,0.0280365782572792,0.0186903226123015,0.0186903226123015,0.01,0.01
"Pearson","L_Y_dich_2_5__K_X_sev",20,0.5,0,0,0,0.1,0.109346255644978,"OPW",0.108432149860517,0.150940083549889,0.95,0.95,100,0.00843214986051681,0.00843214986051681,-0.000914105784460884,0.000914105784460884,0,0
"Pearson","L_Y_dich_2_5__K_X_sev",20,0.5,0,0,4,0.1,0.0467613058560301,"no_weight",0.0467613058560301,0.161558979358561,0.84,0.87,100,-0.0532386941439699,0.0532386941439699,0,0,0.11,0.08
"Pearson","L_Y_dich_2_5__K_X_sev",20,0.5,0,0,4,0.1,0.0467613058560301,"CW",0.0231314133403272,0.166473338467646,0.86,0.9,100,-0.0768685866596728,0.0768685866596728,-0.0236298925157029,0.0236298925157029,0.09,0.0499999999999999
"Pearson","L_Y_dich_2_5__K_X_sev",20,0.5,0,0,4,0.1,0.0467613058560301,"PPW",0.0811071679560394,0.135581118479711,0.88,0.89,100,-0.0188928320439606,0.0188928320439606,0.0343458621000093,0.0343458621000093,0.07,0.0599999999999999
"Pearson","L_Y_dich_2_5__K_X_sev",20,0.5,0,0,4,0.1,0.0467613058560301,"OPW",0.0347404298063836,0.159370785403308,0.89,0.91,100,-0.0652595701936164,0.0652595701936164,-0.0120208760496465,0.0120208760496465,0.0599999999999999,0.0399999999999999
"Pearson","L_Y_dich_2_5__K_X_sev",20,0.5,0,4,0,0.1,0.092803515459299,"no_weight",0.092803515459299,0.157679026412958,0.88,0.86,100,-0.00719648454070099,0.00719648454070099,0,0,0.07,0.09
"Pearson","L_Y_dich_2_5__K_X_sev",20,0.5,0,4,0,0.1,0.092803515459299,"CW",0.0745276457700203,0.162574155710437,0.86,0.87,100,-0.0254723542299797,0.0254723542299797,-0.0182758696892787,0.0182758696892787,0.09,0.08
"Pearson","L_Y_dich_2_5__K_X_sev",20,0.5,0,4,0,0.1,0.092803515459299,"PPW",0.105270635465634,0.129058436460977,0.93,0.93,100,0.00527063546563408,0.00527063546563408,0.0124671200063351,0.0124671200063351,0.0199999999999999,0.0199999999999999
"Pearson","L_Y_dich_2_5__K_X_sev",20,0.5,0,4,0,0.1,0.092803515459299,"OPW",0.0879973071634709,0.151099712558797,0.88,0.88,100,-0.0120026928365291,0.0120026928365291,-0.00480620829582808,0.00480620829582808,0.07,0.07
"Pearson","L_Y_dich_2_5__K_X_sev",20,0.5,0,4,4,0.1,0.0907784391345714,"no_weight",0.0907784391345714,0.166310054880733,0.86,0.87,100,-0.00922156086542865,0.00922156086542865,0,0,0.09,0.08
"Pearson","L_Y_dich_2_5__K_X_sev",20,0.5,0,4,4,0.1,0.0907784391345714,"CW",0.0397946168327839,0.176180327568743,0.87,0.87,100,-0.0602053831672161,0.0602053831672161,-0.0509838223017874,0.0509838223017874,0.08,0.08
"Pearson","L_Y_dich_2_5__K_X_sev",20,0.5,0,4,4,0.1,0.0907784391345714,"PPW",0.0774334902514731,0.152480578852822,0.9,0.9,100,-0.0225665097485269,0.0225665097485269,-0.0133449488830983,0.0133449488830983,0.0499999999999999,0.0499999999999999
"Pearson","L_Y_dich_2_5__K_X_sev",20,0.5,0,4,4,0.1,0.0907784391345714,"OPW",0.037776627195316,0.170338420822922,0.84,0.86,100,-0.062223372804684,0.062223372804684,-0.0530018119392554,0.0530018119392554,0.11,0.09
"Pearson","L_Y_dich_2_5__K_X_sev",20,0.5,0.5,0,0,0.5,0.460326813036876,"no_weight",0.460326813036876,0.128944741373147,0.89,0.89,100,-0.0396731869631245,0.0396731869631245,0,0,0.0599999999999999,0.0599999999999999
"Pearson","L_Y_dich_2_5__K_X_sev",20,0.5,0.5,0,0,0.5,0.460326813036876,"CW",0.459378150100537,0.128715490784522,0.91,0.88,100,-0.0406218498994634,0.0406218498994634,-0.00094866293633894,0.00094866293633894,0.0399999999999999,0.07
"Pearson","L_Y_dich_2_5__K_X_sev",20,0.5,0.5,0,0,0.5,0.460326813036876,"PPW",0.367592078923968,0.108277942411867,0.79,0.83,100,-0.132407921076032,0.132407921076032,-0.0927347341129078,0.0927347341129078,0.16,0.12
"Pearson","L_Y_dich_2_5__K_X_sev",20,0.5,0.5,0,0,0.5,0.460326813036876,"OPW",0.432583250824753,0.123775717440218,0.85,0.89,100,-0.0674167491752472,0.0674167491752472,-0.0277435622121227,0.0277435622121227,0.1,0.0599999999999999
"Pearson","L_Y_dich_2_5__K_X_sev",20,0.5,0.5,0,4,0.5,0.387076834631654,"no_weight",0.387076834631654,0.135297452065469,0.85,0.85,100,-0.112923165368346,0.112923165368346,0,0,0.1,0.1
"Pearson","L_Y_dich_2_5__K_X_sev",20,0.5,0.5,0,4,0.5,0.387076834631654,"CW",0.39149824350245,0.136491662055681,0.84,0.84,100,-0.10850175649755,0.10850175649755,0.00442140887079656,0.00442140887079656,0.11,0.11
"Pearson","L_Y_dich_2_5__K_X_sev",20,0.5,0.5,0,4,0.5,0.387076834631654,"PPW",0.334725263591116,0.119746948518838,0.76,0.9,100,-0.165274736408884,0.165274736408884,-0.0523515710405377,0.0523515710405377,0.19,0.0499999999999999
"Pearson","L_Y_dich_2_5__K_X_sev",20,0.5,0.5,0,4,0.5,0.387076834631654,"OPW",0.37376381371713,0.135017489557464,0.81,0.84,100,-0.12623618628287,0.12623618628287,-0.0133130209145241,0.0133130209145241,0.14,0.11
"Pearson","L_Y_dich_2_5__K_X_sev",20,0.5,0.5,4,0,0.5,0.37987803383539,"no_weight",0.37987803383539,0.132772534010617,0.84,0.89,100,-0.12012196616461,0.12012196616461,0,0,0.11,0.0599999999999999
"Pearson","L_Y_dich_2_5__K_X_sev",20,0.5,0.5,4,0,0.5,0.37987803383539,"CW",0.397713795396384,0.134244980447354,0.87,0.91,100,-0.102286204603616,0.102286204603616,0.017835761560994,0.017835761560994,0.08,0.0399999999999999
"Pearson","L_Y_dich_2_5__K_X_sev",20,0.5,0.5,4,0,0.5,0.37987803383539,"PPW",0.339568099746963,0.117790189824005,0.72,0.94,100,-0.160431900253037,0.160431900253037,-0.0403099340884271,0.0403099340884271,0.23,0.01
"Pearson","L_Y_dich_2_5__K_X_sev",20,0.5,0.5,4,0,0.5,0.37987803383539,"OPW",0.38310513673781,0.12994556509546,0.84,0.91,100,-0.11689486326219,0.11689486326219,0.00322710290241957,0.00322710290241957,0.11,0.0399999999999999
"Pearson","L_Y_dich_2_5__K_X_sev",20,0.5,0.5,4,4,0.5,0.360183382543429,"no_weight",0.360183382543429,0.137305016040418,0.78,0.84,100,-0.139816617456571,0.139816617456571,0,0,0.17,0.11
"Pearson","L_Y_dich_2_5__K_X_sev",20,0.5,0.5,4,4,0.5,0.360183382543429,"CW",0.353059272740844,0.144586268421705,0.79,0.86,100,-0.146940727259156,0.146940727259156,-0.00712410980258532,0.00712410980258532,0.16,0.09
"Pearson","L_Y_dich_2_5__K_X_sev",20,0.5,0.5,4,4,0.5,0.360183382543429,"PPW",0.317918456712552,0.130243244776185,0.69,0.89,100,-0.182081543287448,0.182081543287448,-0.0422649258308774,0.0422649258308774,0.26,0.0599999999999999
"Pearson","L_Y_dich_2_5__K_X_sev",20,0.5,0.5,4,4,0.5,0.360183382543429,"OPW",0.337043732319598,0.144560308474586,0.74,0.89,100,-0.162956267680402,0.162956267680402,-0.0231396502238311,0.0231396502238311,0.21,0.0599999999999999
"Pearson","L_Y_dich_3_5__K_X_dich_1_5",20,0,0,0,0,0,-0.0199637926057045,"no_weight",-0.0199637926057045,0.162509347941674,0.88,0.86,100,-0.0199637926057045,0.0199637926057045,0,0,0.07,0.09
"Pearson","L_Y_dich_3_5__K_X_dich_1_5",20,0,0,0,0,0,-0.0199637926057045,"CW",-0.0190950472862701,0.16217256659962,0.89,0.86,100,-0.0190950472862701,0.0190950472862701,0.000868745319434462,0.000868745319434462,0.0599999999999999,0.09
"Pearson","L_Y_dich_3_5__K_X_dich_1_5",20,0,0,0,0,0,-0.0199637926057045,"PPW",0.000630783232905504,0.135962445697681,0.91,0.91,100,0.000630783232905504,0.000630783232905504,0.02059457583861,0.02059457583861,0.0399999999999999,0.0399999999999999
"Pearson","L_Y_dich_3_5__K_X_dich_1_5",20,0,0,0,0,0,-0.0199637926057045,"OPW",-0.00779207352345516,0.158344130411747,0.9,0.9,100,-0.00779207352345516,0.00779207352345516,0.0121717190822494,0.0121717190822494,0.0499999999999999,0.0499999999999999
"Pearson","L_Y_dich_3_5__K_X_dich_1_5",20,0,0,0,4,0,-0.00225587854175545,"no_weight",-0.00225587854175545,0.163720846101758,0.87,0.88,100,-0.00225587854175545,0.00225587854175545,0,0,0.08,0.07
"Pearson","L_Y_dich_3_5__K_X_dich_1_5",20,0,0,0,4,0,-0.00225587854175545,"CW",0.00104113349710805,0.166185250853956,0.91,0.91,100,0.00104113349710805,0.00104113349710805,0.0032970120388635,0.0032970120388635,0.0399999999999999,0.0399999999999999
"Pearson","L_Y_dich_3_5__K_X_dich_1_5",20,0,0,0,4,0,-0.00225587854175545,"PPW",0.0169607004830727,0.156690554405272,0.89,0.89,100,0.0169607004830727,0.0169607004830727,0.0192165790248281,0.0192165790248281,0.0599999999999999,0.0599999999999999
"Pearson","L_Y_dich_3_5__K_X_dich_1_5",20,0,0,0,4,0,-0.00225587854175545,"OPW",0.00283204891568506,0.16589095012084,0.89,0.89,100,0.00283204891568506,0.00283204891568506,0.00508792745744051,0.00508792745744051,0.0599999999999999,0.0599999999999999
"Pearson","L_Y_dich_3_5__K_X_dich_1_5",20,0,0,4,0,0,0.0127474969761225,"no_weight",0.0127474969761225,0.157700200709008,0.92,0.91,100,0.0127474969761225,0.0127474969761225,0,0,0.0299999999999999,0.0399999999999999
"Pearson","L_Y_dich_3_5__K_X_dich_1_5",20,0,0,4,0,0,0.0127474969761225,"CW",0.0128939663092042,0.163818507859304,0.87,0.87,100,0.0128939663092042,0.0128939663092042,0.000146469333081741,0.000146469333081741,0.08,0.08
"Pearson","L_Y_dich_3_5__K_X_dich_1_5",20,0,0,4,0,0,0.0127474969761225,"PPW",-0.00628792713916461,0.132137209342214,0.91,0.92,100,-0.00628792713916461,0.00628792713916461,-0.0190354241152871,0.0190354241152871,0.0399999999999999,0.0299999999999999
"Pearson","L_Y_dich_3_5__K_X_dich_1_5",20,0,0,4,0,0,0.0127474969761225,"OPW",0.00312814190100883,0.156705708917973,0.9,0.92,100,0.00312814190100883,0.00312814190100883,-0.00961935507511367,0.00961935507511367,0.0499999999999999,0.0299999999999999
"Pearson","L_Y_dich_3_5__K_X_dich_1_5",20,0,0,4,4,0,0.0175583440275304,"no_weight",0.0175583440275304,0.160584836987019,0.87,0.89,100,0.0175583440275304,0.0175583440275304,0,0,0.08,0.0599999999999999
"Pearson","L_Y_dich_3_5__K_X_dich_1_5",20,0,0,4,4,0,0.0175583440275304,"CW",0.0138685351420662,0.166902466517565,0.86,0.87,100,0.0138685351420662,0.0138685351420662,-0.00368980888546416,0.00368980888546416,0.09,0.08
"Pearson","L_Y_dich_3_5__K_X_dich_1_5",20,0,0,4,4,0,0.0175583440275304,"PPW",0.00190118058696888,0.154290321338781,0.87,0.86,100,0.00190118058696888,0.00190118058696888,-0.0156571634405615,0.0156571634405615,0.08,0.09
"Pearson","L_Y_dich_3_5__K_X_dich_1_5",20,0,0,4,4,0,0.0175583440275304,"OPW",0.00259236853426747,0.165477150652993,0.89,0.86,100,0.00259236853426747,0.00259236853426747,-0.0149659754932629,0.0149659754932629,0.0599999999999999,0.09
"Pearson","L_Y_dich_3_5__K_X_dich_1_5",20,0,0.5,0,0,0.4,0.377924280252174,"no_weight",0.377924280252174,0.134290131539649,0.92,0.89,100,-0.0220757197478256,0.0220757197478256,0,0,0.0299999999999999,0.0599999999999999
"Pearson","L_Y_dich_3_5__K_X_dich_1_5",20,0,0.5,0,0,0.4,0.377924280252174,"CW",0.379908703780557,0.133597488459516,0.92,0.91,100,-0.0200912962194434,0.0200912962194434,0.00198442352838213,0.00198442352838213,0.0299999999999999,0.0399999999999999
"Pearson","L_Y_dich_3_5__K_X_dich_1_5",20,0,0.5,0,0,0.4,0.377924280252174,"PPW",0.300085773064609,0.121602766130313,0.89,0.91,100,-0.0999142269353914,0.0999142269353914,-0.0778385071875658,0.0778385071875658,0.0599999999999999,0.0399999999999999
"Pearson","L_Y_dich_3_5__K_X_dich_1_5",20,0,0.5,0,0,0.4,0.377924280252174,"OPW",0.364036380778525,0.13333504162452,0.9,0.92,100,-0.0359636192214751,0.0359636192214751,-0.0138878994736495,0.0138878994736495,0.0499999999999999,0.0299999999999999
"Pearson","L_Y_dich_3_5__K_X_dich_1_5",20,0,0.5,0,4,0.4,0.294136570753405,"no_weight",0.294136570753405,0.139801836765555,0.81,0.87,100,-0.105863429246595,0.105863429246595,0,0,0.14,0.08
"Pearson","L_Y_dich_3_5__K_X_dich_1_5",20,0,0.5,0,4,0.4,0.294136570753405,"CW",0.322489541686763,0.139134180839548,0.85,0.9,100,-0.0775104583132374,0.0775104583132374,0.0283529709333576,0.0283529709333576,0.1,0.0499999999999999
"Pearson","L_Y_dich_3_5__K_X_dich_1_5",20,0,0.5,0,4,0.4,0.294136570753405,"PPW",0.296675117895442,0.131490147260175,0.85,0.86,100,-0.103324882104558,0.103324882104558,0.00253854714203722,0.00253854714203722,0.1,0.09
"Pearson","L_Y_dich_3_5__K_X_dich_1_5",20,0,0.5,0,4,0.4,0.294136570753405,"OPW",0.326258218430732,0.138116334116916,0.87,0.89,100,-0.0737417815692682,0.0737417815692682,0.0321216476773267,0.0321216476773267,0.08,0.0599999999999999
"Pearson","L_Y_dich_3_5__K_X_dich_1_5",20,0,0.5,4,0,0.4,0.308793840705643,"no_weight",0.308793840705643,0.13723942550444,0.79,0.83,100,-0.0912061592943569,0.0912061592943569,0,0,0.16,0.12
"Pearson","L_Y_dich_3_5__K_X_dich_1_5",20,0,0.5,4,0,0.4,0.308793840705643,"CW",0.331522749471104,0.138148090255811,0.83,0.88,100,-0.0684772505288958,0.0684772505288958,0.0227289087654612,0.0227289087654612,0.12,0.07
"Pearson","L_Y_dich_3_5__K_X_dich_1_5",20,0,0.5,4,0,0.4,0.308793840705643,"PPW",0.246761420145978,0.126112997664065,0.74,0.85,100,-0.153238579854022,0.153238579854022,-0.0620324205596651,0.0620324205596651,0.21,0.1
"Pearson","L_Y_dich_3_5__K_X_dich_1_5",20,0,0.5,4,0,0.4,0.308793840705643,"OPW",0.308618680128454,0.137824665852564,0.8,0.87,100,-0.0913813198715464,0.0913813198715464,-0.00017516057718947,0.00017516057718947,0.15,0.08
"Pearson","L_Y_dich_3_5__K_X_dich_1_5",20,0,0.5,4,4,0.4,0.282697896382999,"no_weight",0.282697896382999,0.148930249498372,0.8,0.83,100,-0.117302103617001,0.117302103617001,0,0,0.15,0.12
"Pearson","L_Y_dich_3_5__K_X_dich_1_5",20,0,0.5,4,4,0.4,0.282697896382999,"CW",0.299404437938845,0.155837112339728,0.85,0.85,100,-0.100595562061155,0.100595562061155,0.0167065415558464,0.0167065415558464,0.1,0.1
"Pearson","L_Y_dich_3_5__K_X_dich_1_5",20,0,0.5,4,4,0.4,0.282697896382999,"PPW",0.242367435073098,0.146356520190447,0.76,0.85,100,-0.157632564926902,0.157632564926902,-0.0403304613099007,0.0403304613099007,0.19,0.1
"Pearson","L_Y_dich_3_5__K_X_dich_1_5",20,0,0.5,4,4,0.4,0.282697896382999,"OPW",0.277830983606701,0.155825655719432,0.82,0.84,100,-0.122169016393299,0.122169016393299,-0.00486691277629758,0.00486691277629758,0.13,0.11
"Pearson","L_Y_dich_3_5__K_X_dich_1_5",20,0.5,0,0,0,0.1,0.109346255644978,"no_weight",0.109346255644978,0.163207281315602,0.93,0.93,100,0.00934625564497769,0.00934625564497769,0,0,0.0199999999999999,0.0199999999999999
"Pearson","L_Y_dich_3_5__K_X_dich_1_5",20,0.5,0,0,0,0.1,0.109346255644978,"CW",0.108110166212168,0.163318615520353,0.93,0.92,100,0.00811016621216795,0.00811016621216795,-0.00123608943280974,0.00123608943280974,0.0199999999999999,0.0299999999999999
"Pearson","L_Y_dich_3_5__K_X_dich_1_5",20,0.5,0,0,0,0.1,0.109346255644978,"PPW",0.141327471141771,0.14131300832068,0.89,0.93,100,0.0413274711417705,0.0413274711417705,0.0319812154967928,0.0319812154967928,0.0599999999999999,0.0199999999999999
"Pearson","L_Y_dich_3_5__K_X_dich_1_5",20,0.5,0,0,0,0.1,0.109346255644978,"OPW",0.117120902424585,0.161051264220054,0.91,0.93,100,0.0171209024245848,0.0171209024245848,0.00777464677960707,0.00777464677960707,0.0399999999999999,0.0199999999999999
"Pearson","L_Y_dich_3_5__K_X_dich_1_5",20,0.5,0,0,4,0.1,0.0467613058560301,"no_weight",0.0467613058560301,0.161558979358561,0.84,0.87,100,-0.0532386941439699,0.0532386941439699,0,0,0.11,0.08
"Pearson","L_Y_dich_3_5__K_X_dich_1_5",20,0.5,0,0,4,0.1,0.0467613058560301,"CW",0.0231314133403272,0.166473338467646,0.86,0.9,100,-0.0768685866596728,0.0768685866596728,-0.0236298925157029,0.0236298925157029,0.09,0.0499999999999999
"Pearson","L_Y_dich_3_5__K_X_dich_1_5",20,0.5,0,0,4,0.1,0.0467613058560301,"PPW",0.0796447127262778,0.155523985127513,0.89,0.89,100,-0.0203552872737222,0.0203552872737222,0.0328834068702477,0.0328834068702477,0.0599999999999999,0.0599999999999999
"Pearson","L_Y_dich_3_5__K_X_dich_1_5",20,0.5,0,0,4,0.1,0.0467613058560301,"OPW",0.0414260134514938,0.164304523508295,0.88,0.88,100,-0.0585739865485062,0.0585739865485062,-0.00533529240453628,0.00533529240453628,0.07,0.07
"Pearson","L_Y_dich_3_5__K_X_dich_1_5",20,0.5,0,4,0,0.1,0.092803515459299,"no_weight",0.092803515459299,0.157679026412958,0.88,0.86,100,-0.00719648454070099,0.00719648454070099,0,0,0.07,0.09
"Pearson","L_Y_dich_3_5__K_X_dich_1_5",20,0.5,0,4,0,0.1,0.092803515459299,"CW",0.0745276457700203,0.162574155710437,0.86,0.87,100,-0.0254723542299797,0.0254723542299797,-0.0182758696892787,0.0182758696892787,0.09,0.08
"Pearson","L_Y_dich_3_5__K_X_dich_1_5",20,0.5,0,4,0,0.1,0.092803515459299,"PPW",0.0957585626514641,0.134735914413853,0.9,0.9,100,-0.00424143734853588,0.00424143734853588,0.00295504719216511,0.00295504719216511,0.0499999999999999,0.0499999999999999
"Pearson","L_Y_dich_3_5__K_X_dich_1_5",20,0.5,0,4,0,0.1,0.092803515459299,"OPW",0.0857287073835907,0.158085082751182,0.9,0.9,100,-0.0142712926164093,0.0142712926164093,-0.00707480807570832,0.00707480807570832,0.0499999999999999,0.0499999999999999
"Pearson","L_Y_dich_3_5__K_X_dich_1_5",20,0.5,0,4,4,0.1,0.0907784391345714,"no_weight",0.0907784391345714,0.166310054880733,0.86,0.87,100,-0.00922156086542865,0.00922156086542865,0,0,0.09,0.08
"Pearson","L_Y_dich_3_5__K_X_dich_1_5",20,0.5,0,4,4,0.1,0.0907784391345714,"CW",0.0397946168327839,0.176180327568743,0.87,0.87,100,-0.0602053831672161,0.0602053831672161,-0.0509838223017874,0.0509838223017874,0.08,0.08
"Pearson","L_Y_dich_3_5__K_X_dich_1_5",20,0.5,0,4,4,0.1,0.0907784391345714,"PPW",0.0848185328079927,0.160898737433374,0.9,0.9,100,-0.0151814671920073,0.0151814671920073,-0.00595990632657867,0.00595990632657867,0.0499999999999999,0.0499999999999999
"Pearson","L_Y_dich_3_5__K_X_dich_1_5",20,0.5,0,4,4,0.1,0.0907784391345714,"OPW",0.0525020198953697,0.172960133984953,0.9,0.9,100,-0.0474979801046303,0.0474979801046303,-0.0382764192392017,0.0382764192392017,0.0499999999999999,0.0499999999999999
"Pearson","L_Y_dich_3_5__K_X_dich_1_5",20,0.5,0.5,0,0,0.5,0.460326813036876,"no_weight",0.460326813036876,0.128944741373147,0.89,0.89,100,-0.0396731869631245,0.0396731869631245,0,0,0.0599999999999999,0.0599999999999999
"Pearson","L_Y_dich_3_5__K_X_dich_1_5",20,0.5,0.5,0,0,0.5,0.460326813036876,"CW",0.459378150100537,0.128715490784522,0.91,0.88,100,-0.0406218498994634,0.0406218498994634,-0.00094866293633894,0.00094866293633894,0.0399999999999999,0.07
"Pearson","L_Y_dich_3_5__K_X_dich_1_5",20,0.5,0.5,0,0,0.5,0.460326813036876,"PPW",0.426613567971604,0.116151784909323,0.85,0.84,100,-0.0733864320283958,0.0733864320283958,-0.0337132450652713,0.0337132450652713,0.1,0.11
"Pearson","L_Y_dich_3_5__K_X_dich_1_5",20,0.5,0.5,0,0,0.5,0.460326813036876,"OPW",0.460660827214831,0.125688686961413,0.86,0.85,100,-0.0393391727851687,0.0393391727851687,0.00033401417795581,0.00033401417795581,0.09,0.1
"Pearson","L_Y_dich_3_5__K_X_dich_1_5",20,0.5,0.5,0,4,0.5,0.387076834631654,"no_weight",0.387076834631654,0.135297452065469,0.85,0.85,100,-0.112923165368346,0.112923165368346,0,0,0.1,0.1
"Pearson","L_Y_dich_3_5__K_X_dich_1_5",20,0.5,0.5,0,4,0.5,0.387076834631654,"CW",0.39149824350245,0.136491662055681,0.84,0.84,100,-0.10850175649755,0.10850175649755,0.00442140887079656,0.00442140887079656,0.11,0.11
"Pearson","L_Y_dich_3_5__K_X_dich_1_5",20,0.5,0.5,0,4,0.5,0.387076834631654,"PPW",0.39362774226836,0.125511373144227,0.84,0.87,100,-0.10637225773164,0.10637225773164,0.00655090763670607,0.00655090763670607,0.11,0.08
"Pearson","L_Y_dich_3_5__K_X_dich_1_5",20,0.5,0.5,0,4,0.5,0.387076834631654,"OPW",0.401616010365384,0.134823176847818,0.85,0.83,100,-0.0983839896346157,0.0983839896346157,0.0145391757337304,0.0145391757337304,0.1,0.12
"Pearson","L_Y_dich_3_5__K_X_dich_1_5",20,0.5,0.5,4,0,0.5,0.37987803383539,"no_weight",0.37987803383539,0.132772534010617,0.84,0.89,100,-0.12012196616461,0.12012196616461,0,0,0.11,0.0599999999999999
"Pearson","L_Y_dich_3_5__K_X_dich_1_5",20,0.5,0.5,4,0,0.5,0.37987803383539,"CW",0.397713795396384,0.134244980447354,0.87,0.91,100,-0.102286204603616,0.102286204603616,0.017835761560994,0.017835761560994,0.08,0.0399999999999999
"Pearson","L_Y_dich_3_5__K_X_dich_1_5",20,0.5,0.5,4,0,0.5,0.37987803383539,"PPW",0.360908800895507,0.120184285981435,0.75,0.89,100,-0.139091199104493,0.139091199104493,-0.0189692329398834,0.0189692329398834,0.2,0.0599999999999999
"Pearson","L_Y_dich_3_5__K_X_dich_1_5",20,0.5,0.5,4,0,0.5,0.37987803383539,"OPW",0.397059593039617,0.130506760671737,0.88,0.84,100,-0.102940406960383,0.102940406960383,0.0171815592042264,0.0171815592042264,0.07,0.11
"Pearson","L_Y_dich_3_5__K_X_dich_1_5",20,0.5,0.5,4,4,0.5,0.360183382543429,"no_weight",0.360183382543429,0.137305016040418,0.78,0.84,100,-0.139816617456571,0.139816617456571,0,0,0.17,0.11
"Pearson","L_Y_dich_3_5__K_X_dich_1_5",20,0.5,0.5,4,4,0.5,0.360183382543429,"CW",0.353059272740844,0.144586268421705,0.79,0.86,100,-0.146940727259156,0.146940727259156,-0.00712410980258532,0.00712410980258532,0.16,0.09
"Pearson","L_Y_dich_3_5__K_X_dich_1_5",20,0.5,0.5,4,4,0.5,0.360183382543429,"PPW",0.35333019733612,0.131290427693371,0.78,0.87,100,-0.14666980266388,0.14666980266388,-0.0068531852073091,0.0068531852073091,0.17,0.08
"Pearson","L_Y_dich_3_5__K_X_dich_1_5",20,0.5,0.5,4,4,0.5,0.360183382543429,"OPW",0.352635230108128,0.144180168062745,0.78,0.87,100,-0.147364769891872,0.147364769891872,-0.0075481524353006,0.0075481524353006,0.17,0.08
"Pearson","L_Y_dich_3_5__K_X_dich_2_5",20,0,0,0,0,0,-0.0199637926057045,"no_weight",-0.0199637926057045,0.162509347941674,0.88,0.86,100,-0.0199637926057045,0.0199637926057045,0,0,0.07,0.09
"Pearson","L_Y_dich_3_5__K_X_dich_2_5",20,0,0,0,0,0,-0.0199637926057045,"CW",-0.0190950472862701,0.16217256659962,0.89,0.86,100,-0.0190950472862701,0.0190950472862701,0.000868745319434462,0.000868745319434462,0.0599999999999999,0.09
"Pearson","L_Y_dich_3_5__K_X_dich_2_5",20,0,0,0,0,0,-0.0199637926057045,"PPW",-0.0195801066737348,0.136074177265724,0.92,0.92,100,-0.0195801066737348,0.0195801066737348,0.000383685931969704,0.000383685931969704,0.0299999999999999,0.0299999999999999
"Pearson","L_Y_dich_3_5__K_X_dich_2_5",20,0,0,0,0,0,-0.0199637926057045,"OPW",-0.0109343874843002,0.158646156453907,0.9,0.9,100,-0.0109343874843002,0.0109343874843002,0.00902940512140434,0.00902940512140434,0.0499999999999999,0.0499999999999999
"Pearson","L_Y_dich_3_5__K_X_dich_2_5",20,0,0,0,4,0,-0.00225587854175545,"no_weight",-0.00225587854175545,0.163720846101758,0.87,0.88,100,-0.00225587854175545,0.00225587854175545,0,0,0.08,0.07
"Pearson","L_Y_dich_3_5__K_X_dich_2_5",20,0,0,0,4,0,-0.00225587854175545,"CW",0.00104113349710805,0.166185250853956,0.91,0.91,100,0.00104113349710805,0.00104113349710805,0.0032970120388635,0.0032970120388635,0.0399999999999999,0.0399999999999999
"Pearson","L_Y_dich_3_5__K_X_dich_2_5",20,0,0,0,4,0,-0.00225587854175545,"PPW",-0.0134247817987756,0.157024601937234,0.89,0.9,100,-0.0134247817987756,0.0134247817987756,-0.0111689032570201,0.0111689032570201,0.0599999999999999,0.0499999999999999
"Pearson","L_Y_dich_3_5__K_X_dich_2_5",20,0,0,0,4,0,-0.00225587854175545,"OPW",-0.00612580212375217,0.166169705073962,0.88,0.88,100,-0.00612580212375217,0.00612580212375217,-0.00386992358199672,0.00386992358199672,0.07,0.07
"Pearson","L_Y_dich_3_5__K_X_dich_2_5",20,0,0,4,0,0,0.0127474969761225,"no_weight",0.0127474969761225,0.157700200709008,0.92,0.91,100,0.0127474969761225,0.0127474969761225,0,0,0.0299999999999999,0.0399999999999999
"Pearson","L_Y_dich_3_5__K_X_dich_2_5",20,0,0,4,0,0,0.0127474969761225,"CW",0.0128939663092042,0.163818507859304,0.87,0.87,100,0.0128939663092042,0.0128939663092042,0.000146469333081741,0.000146469333081741,0.08,0.08
"Pearson","L_Y_dich_3_5__K_X_dich_2_5",20,0,0,4,0,0,0.0127474969761225,"PPW",-0.036295594064652,0.144249245467345,0.93,0.93,100,-0.036295594064652,0.036295594064652,-0.0490430910407746,0.0490430910407746,0.0199999999999999,0.0199999999999999
"Pearson","L_Y_dich_3_5__K_X_dich_2_5",20,0,0,4,0,0,0.0127474969761225,"OPW",-0.00891514822660308,0.161546936949562,0.93,0.93,100,-0.00891514822660308,0.00891514822660308,-0.0216626452027256,0.0216626452027256,0.0199999999999999,0.0199999999999999
"Pearson","L_Y_dich_3_5__K_X_dich_2_5",20,0,0,4,4,0,0.0175583440275304,"no_weight",0.0175583440275304,0.160584836987019,0.87,0.89,100,0.0175583440275304,0.0175583440275304,0,0,0.08,0.0599999999999999
"Pearson","L_Y_dich_3_5__K_X_dich_2_5",20,0,0,4,4,0,0.0175583440275304,"CW",0.0138685351420662,0.166902466517565,0.86,0.87,100,0.0138685351420662,0.0138685351420662,-0.00368980888546416,0.00368980888546416,0.09,0.08
"Pearson","L_Y_dich_3_5__K_X_dich_2_5",20,0,0,4,4,0,0.0175583440275304,"PPW",-0.0309167359848906,0.161714104738398,0.84,0.85,100,-0.0309167359848906,0.0309167359848906,-0.0484750800124209,0.0484750800124209,0.11,0.1
"Pearson","L_Y_dich_3_5__K_X_dich_2_5",20,0,0,4,4,0,0.0175583440275304,"OPW",-0.0100895265440597,0.168223854373982,0.88,0.87,100,-0.0100895265440597,0.0100895265440597,-0.0276478705715901,0.0276478705715901,0.07,0.08
"Pearson","L_Y_dich_3_5__K_X_dich_2_5",20,0,0.5,0,0,0.4,0.377924280252174,"no_weight",0.377924280252174,0.134290131539649,0.92,0.89,100,-0.0220757197478256,0.0220757197478256,0,0,0.0299999999999999,0.0599999999999999
"Pearson","L_Y_dich_3_5__K_X_dich_2_5",20,0,0.5,0,0,0.4,0.377924280252174,"CW",0.379908703780557,0.133597488459516,0.92,0.91,100,-0.0200912962194434,0.0200912962194434,0.00198442352838213,0.00198442352838213,0.0299999999999999,0.0399999999999999
"Pearson","L_Y_dich_3_5__K_X_dich_2_5",20,0,0.5,0,0,0.4,0.377924280252174,"PPW",0.27384553663349,0.124505533230634,0.84,0.84,100,-0.12615446336651,0.12615446336651,-0.104078743618685,0.104078743618685,0.11,0.11
"Pearson","L_Y_dich_3_5__K_X_dich_2_5",20,0,0.5,0,0,0.4,0.377924280252174,"OPW",0.351709174673607,0.136601920484793,0.93,0.94,100,-0.0482908253263927,0.0482908253263927,-0.0262151055785672,0.0262151055785672,0.0199999999999999,0.01
"Pearson","L_Y_dich_3_5__K_X_dich_2_5",20,0,0.5,0,4,0.4,0.294136570753405,"no_weight",0.294136570753405,0.139801836765555,0.81,0.87,100,-0.105863429246595,0.105863429246595,0,0,0.14,0.08
"Pearson","L_Y_dich_3_5__K_X_dich_2_5",20,0,0.5,0,4,0.4,0.294136570753405,"CW",0.322489541686763,0.139134180839548,0.85,0.9,100,-0.0775104583132374,0.0775104583132374,0.0283529709333576,0.0283529709333576,0.1,0.0499999999999999
"Pearson","L_Y_dich_3_5__K_X_dich_2_5",20,0,0.5,0,4,0.4,0.294136570753405,"PPW",0.269073520168328,0.14040234340615,0.82,0.9,100,-0.130926479831672,0.130926479831672,-0.0250630505850775,0.0250630505850775,0.13,0.0499999999999999
"Pearson","L_Y_dich_3_5__K_X_dich_2_5",20,0,0.5,0,4,0.4,0.294136570753405,"OPW",0.310012313164922,0.14233337728848,0.86,0.88,100,-0.089987686835078,0.089987686835078,0.015875742411517,0.015875742411517,0.09,0.07
"Pearson","L_Y_dich_3_5__K_X_dich_2_5",20,0,0.5,4,0,0.4,0.308793840705643,"no_weight",0.308793840705643,0.13723942550444,0.79,0.83,100,-0.0912061592943569,0.0912061592943569,0,0,0.16,0.12
"Pearson","L_Y_dich_3_5__K_X_dich_2_5",20,0,0.5,4,0,0.4,0.308793840705643,"CW",0.331522749471104,0.138148090255811,0.83,0.88,100,-0.0684772505288958,0.0684772505288958,0.0227289087654612,0.0227289087654612,0.12,0.07
"Pearson","L_Y_dich_3_5__K_X_dich_2_5",20,0,0.5,4,0,0.4,0.308793840705643,"PPW",0.235292407473461,0.134503906922989,0.74,0.82,100,-0.164707592526539,0.164707592526539,-0.0735014332321822,0.0735014332321822,0.21,0.13
"Pearson","L_Y_dich_3_5__K_X_dich_2_5",20,0,0.5,4,0,0.4,0.308793840705643,"OPW",0.301292887010861,0.141602204784218,0.8,0.86,100,-0.0987071129891389,0.0987071129891389,-0.00750095369478199,0.00750095369478199,0.15,0.09
"Pearson","L_Y_dich_3_5__K_X_dich_2_5",20,0,0.5,4,4,0.4,0.282697896382999,"no_weight",0.282697896382999,0.148930249498372,0.8,0.83,100,-0.117302103617001,0.117302103617001,0,0,0.15,0.12
"Pearson","L_Y_dich_3_5__K_X_dich_2_5",20,0,0.5,4,4,0.4,0.282697896382999,"CW",0.299404437938845,0.155837112339728,0.85,0.85,100,-0.100595562061155,0.100595562061155,0.0167065415558464,0.0167065415558464,0.1,0.1
"Pearson","L_Y_dich_3_5__K_X_dich_2_5",20,0,0.5,4,4,0.4,0.282697896382999,"PPW",0.232659019990523,0.160531788267266,0.81,0.89,100,-0.167340980009477,0.167340980009477,-0.0500388763924753,0.0500388763924753,0.14,0.0599999999999999
"Pearson","L_Y_dich_3_5__K_X_dich_2_5",20,0,0.5,4,4,0.4,0.282697896382999,"OPW",0.274858403782753,0.161352614052146,0.83,0.87,100,-0.125141596217247,0.125141596217247,-0.0078394926002453,0.0078394926002453,0.12,0.08
"Pearson","L_Y_dich_3_5__K_X_dich_2_5",20,0.5,0,0,0,0.1,0.109346255644978,"no_weight",0.109346255644978,0.163207281315602,0.93,0.93,100,0.00934625564497769,0.00934625564497769,0,0,0.0199999999999999,0.0199999999999999
"Pearson","L_Y_dich_3_5__K_X_dich_2_5",20,0.5,0,0,0,0.1,0.109346255644978,"CW",0.108110166212168,0.163318615520353,0.93,0.92,100,0.00811016621216795,0.00811016621216795,-0.00123608943280974,0.00123608943280974,0.0199999999999999,0.0299999999999999
"Pearson","L_Y_dich_3_5__K_X_dich_2_5",20,0.5,0,0,0,0.1,0.109346255644978,"PPW",0.11934368363923,0.138938700356536,0.94,0.94,100,0.0193436836392297,0.0193436836392297,0.009997427994252,0.009997427994252,0.01,0.01
"Pearson","L_Y_dich_3_5__K_X_dich_2_5",20,0.5,0,0,0,0.1,0.109346255644978,"OPW",0.113798620394143,0.160800992163898,0.93,0.94,100,0.0137986203941429,0.0137986203941429,0.00445236474916519,0.00445236474916519,0.0199999999999999,0.01
"Pearson","L_Y_dich_3_5__K_X_dich_2_5",20,0.5,0,0,4,0.1,0.0467613058560301,"no_weight",0.0467613058560301,0.161558979358561,0.84,0.87,100,-0.0532386941439699,0.0532386941439699,0,0,0.11,0.08
"Pearson","L_Y_dich_3_5__K_X_dich_2_5",20,0.5,0,0,4,0.1,0.0467613058560301,"CW",0.0231314133403272,0.166473338467646,0.86,0.9,100,-0.0768685866596728,0.0768685866596728,-0.0236298925157029,0.0236298925157029,0.09,0.0499999999999999
"Pearson","L_Y_dich_3_5__K_X_dich_2_5",20,0.5,0,0,4,0.1,0.0467613058560301,"PPW",0.0452660519671358,0.154369628899558,0.85,0.88,100,-0.0547339480328642,0.0547339480328642,-0.0014952538888943,0.0014952538888943,0.1,0.07
"Pearson","L_Y_dich_3_5__K_X_dich_2_5",20,0.5,0,0,4,0.1,0.0467613058560301,"OPW",0.031278893188899,0.164191358507931,0.89,0.88,100,-0.068721106811101,0.068721106811101,-0.0154824126671311,0.0154824126671311,0.0599999999999999,0.07
"Pearson","L_Y_dich_3_5__K_X_dich_2_5",20,0.5,0,4,0,0.1,0.092803515459299,"no_weight",0.092803515459299,0.157679026412958,0.88,0.86,100,-0.00719648454070099,0.00719648454070099,0,0,0.07,0.09
"Pearson","L_Y_dich_3_5__K_X_dich_2_5",20,0.5,0,4,0,0.1,0.092803515459299,"CW",0.0745276457700203,0.162574155710437,0.86,0.87,100,-0.0254723542299797,0.0254723542299797,-0.0182758696892787,0.0182758696892787,0.09,0.08
"Pearson","L_Y_dich_3_5__K_X_dich_2_5",20,0.5,0,4,0,0.1,0.092803515459299,"PPW",0.0641017436409116,0.145719069957628,0.88,0.91,100,-0.0358982563590884,0.0358982563590884,-0.0287017718183874,0.0287017718183874,0.07,0.0399999999999999
"Pearson","L_Y_dich_3_5__K_X_dich_2_5",20,0.5,0,4,0,0.1,0.092803515459299,"OPW",0.0808682215301107,0.161060523853612,0.85,0.85,100,-0.0191317784698893,0.0191317784698893,-0.0119352939291884,0.0119352939291884,0.1,0.1
"Pearson","L_Y_dich_3_5__K_X_dich_2_5",20,0.5,0,4,4,0.1,0.0907784391345714,"no_weight",0.0907784391345714,0.166310054880733,0.86,0.87,100,-0.00922156086542865,0.00922156086542865,0,0,0.09,0.08
"Pearson","L_Y_dich_3_5__K_X_dich_2_5",20,0.5,0,4,4,0.1,0.0907784391345714,"CW",0.0397946168327839,0.176180327568743,0.87,0.87,100,-0.0602053831672161,0.0602053831672161,-0.0509838223017874,0.0509838223017874,0.08,0.08
"Pearson","L_Y_dich_3_5__K_X_dich_2_5",20,0.5,0,4,4,0.1,0.0907784391345714,"PPW",0.04473127550844,0.168224225044542,0.85,0.86,100,-0.05526872449156,0.05526872449156,-0.0460471636261313,0.0460471636261313,0.1,0.09
"Pearson","L_Y_dich_3_5__K_X_dich_2_5",20,0.5,0,4,4,0.1,0.0907784391345714,"OPW",0.0457463766711644,0.173692201325775,0.83,0.84,100,-0.0542536233288356,0.0542536233288356,-0.045032062463407,0.045032062463407,0.12,0.11
"Pearson","L_Y_dich_3_5__K_X_dich_2_5",20,0.5,0.5,0,0,0.5,0.460326813036876,"no_weight",0.460326813036876,0.128944741373147,0.89,0.89,100,-0.0396731869631245,0.0396731869631245,0,0,0.0599999999999999,0.0599999999999999
"Pearson","L_Y_dich_3_5__K_X_dich_2_5",20,0.5,0.5,0,0,0.5,0.460326813036876,"CW",0.459378150100537,0.128715490784522,0.91,0.88,100,-0.0406218498994634,0.0406218498994634,-0.00094866293633894,0.00094866293633894,0.0399999999999999,0.07
"Pearson","L_Y_dich_3_5__K_X_dich_2_5",20,0.5,0.5,0,0,0.5,0.460326813036876,"PPW",0.401029299416581,0.119908677051409,0.84,0.86,100,-0.098970700583419,0.098970700583419,-0.0592975136202945,0.0592975136202945,0.11,0.09
"Pearson","L_Y_dich_3_5__K_X_dich_2_5",20,0.5,0.5,0,0,0.5,0.460326813036876,"OPW",0.452472672704815,0.127524961809727,0.89,0.92,100,-0.0475273272951852,0.0475273272951852,-0.00785414033206072,0.00785414033206072,0.0599999999999999,0.0299999999999999
"Pearson","L_Y_dich_3_5__K_X_dich_2_5",20,0.5,0.5,0,4,0.5,0.387076834631654,"no_weight",0.387076834631654,0.135297452065469,0.85,0.85,100,-0.112923165368346,0.112923165368346,0,0,0.1,0.1
"Pearson","L_Y_dich_3_5__K_X_dich_2_5",20,0.5,0.5,0,4,0.5,0.387076834631654,"CW",0.39149824350245,0.136491662055681,0.84,0.84,100,-0.10850175649755,0.10850175649755,0.00442140887079656,0.00442140887079656,0.11,0.11
"Pearson","L_Y_dich_3_5__K_X_dich_2_5",20,0.5,0.5,0,4,0.5,0.387076834631654,"PPW",0.375350827000658,0.134821703460654,0.82,0.86,100,-0.124649172999342,0.124649172999342,-0.0117260076309964,0.0117260076309964,0.13,0.09
"Pearson","L_Y_dich_3_5__K_X_dich_2_5",20,0.5,0.5,0,4,0.5,0.387076834631654,"OPW",0.393952900412499,0.137449304967051,0.86,0.85,100,-0.106047099587501,0.106047099587501,0.00687606578084471,0.00687606578084471,0.09,0.1
"Pearson","L_Y_dich_3_5__K_X_dich_2_5",20,0.5,0.5,4,0,0.5,0.37987803383539,"no_weight",0.37987803383539,0.132772534010617,0.84,0.89,100,-0.12012196616461,0.12012196616461,0,0,0.11,0.0599999999999999
"Pearson","L_Y_dich_3_5__K_X_dich_2_5",20,0.5,0.5,4,0,0.5,0.37987803383539,"CW",0.397713795396384,0.134244980447354,0.87,0.91,100,-0.102286204603616,0.102286204603616,0.017835761560994,0.017835761560994,0.08,0.0399999999999999
"Pearson","L_Y_dich_3_5__K_X_dich_2_5",20,0.5,0.5,4,0,0.5,0.37987803383539,"PPW",0.339460198356244,0.132887744670002,0.76,0.91,100,-0.160539801643756,0.160539801643756,-0.0404178354791458,0.0404178354791458,0.19,0.0399999999999999
"Pearson","L_Y_dich_3_5__K_X_dich_2_5",20,0.5,0.5,4,0,0.5,0.37987803383539,"OPW",0.391128307011461,0.135292199785307,0.83,0.91,100,-0.108871692988539,0.108871692988539,0.0112502731760709,0.0112502731760709,0.12,0.0399999999999999
"Pearson","L_Y_dich_3_5__K_X_dich_2_5",20,0.5,0.5,4,4,0.5,0.360183382543429,"no_weight",0.360183382543429,0.137305016040418,0.78,0.84,100,-0.139816617456571,0.139816617456571,0,0,0.17,0.11
"Pearson","L_Y_dich_3_5__K_X_dich_2_5",20,0.5,0.5,4,4,0.5,0.360183382543429,"CW",0.353059272740844,0.144586268421705,0.79,0.86,100,-0.146940727259156,0.146940727259156,-0.00712410980258532,0.00712410980258532,0.16,0.09
"Pearson","L_Y_dich_3_5__K_X_dich_2_5",20,0.5,0.5,4,4,0.5,0.360183382543429,"PPW",0.341724770133882,0.143850899115845,0.8,0.86,100,-0.158275229866118,0.158275229866118,-0.0184586124095473,0.0184586124095473,0.15,0.09
"Pearson","L_Y_dich_3_5__K_X_dich_2_5",20,0.5,0.5,4,4,0.5,0.360183382543429,"OPW",0.361616840937775,0.14724272923815,0.84,0.85,100,-0.138383159062225,0.138383159062225,0.00143345839434561,0.00143345839434561,0.11,0.1
"Pearson","L_Y_dich_3_5__K_X_dich_3_5",20,0,0,0,0,0,-0.0199637926057045,"no_weight",-0.0199637926057045,0.162509347941674,0.88,0.86,100,-0.0199637926057045,0.0199637926057045,0,0,0.07,0.09
"Pearson","L_Y_dich_3_5__K_X_dich_3_5",20,0,0,0,0,0,-0.0199637926057045,"CW",-0.0190950472862701,0.16217256659962,0.89,0.86,100,-0.0190950472862701,0.0190950472862701,0.000868745319434462,0.000868745319434462,0.0599999999999999,0.09
"Pearson","L_Y_dich_3_5__K_X_dich_3_5",20,0,0,0,0,0,-0.0199637926057045,"PPW",-0.0378783895240357,0.152590229286863,0.9,0.9,100,-0.0378783895240357,0.0378783895240357,-0.0179145969183311,0.0179145969183311,0.0499999999999999,0.0499999999999999
"Pearson","L_Y_dich_3_5__K_X_dich_3_5",20,0,0,0,0,0,-0.0199637926057045,"OPW",-0.0180118966301437,0.163672523339423,0.91,0.9,100,-0.0180118966301437,0.0180118966301437,0.00195189597556087,0.00195189597556087,0.0399999999999999,0.0499999999999999
"Pearson","L_Y_dich_3_5__K_X_dich_3_5",20,0,0,0,4,0,-0.00225587854175545,"no_weight",-0.00225587854175545,0.163720846101758,0.87,0.88,100,-0.00225587854175545,0.00225587854175545,0,0,0.08,0.07
"Pearson","L_Y_dich_3_5__K_X_dich_3_5",20,0,0,0,4,0,-0.00225587854175545,"CW",0.00104113349710805,0.166185250853956,0.91,0.91,100,0.00104113349710805,0.00104113349710805,0.0032970120388635,0.0032970120388635,0.0399999999999999,0.0399999999999999
"Pearson","L_Y_dich_3_5__K_X_dich_3_5",20,0,0,0,4,0,-0.00225587854175545,"PPW",-0.0375015821146117,0.167384814035613,0.88,0.88,100,-0.0375015821146117,0.0375015821146117,-0.0352457035728563,0.0352457035728563,0.07,0.07
"Pearson","L_Y_dich_3_5__K_X_dich_3_5",20,0,0,0,4,0,-0.00225587854175545,"OPW",-0.00402687695998032,0.16633533178865,0.91,0.91,100,-0.00402687695998032,0.00402687695998032,-0.00177099841822488,0.00177099841822488,0.0399999999999999,0.0399999999999999
"Pearson","L_Y_dich_3_5__K_X_dich_3_5",20,0,0,4,0,0,0.0127474969761225,"no_weight",0.0127474969761225,0.157700200709008,0.92,0.91,100,0.0127474969761225,0.0127474969761225,0,0,0.0299999999999999,0.0399999999999999
"Pearson","L_Y_dich_3_5__K_X_dich_3_5",20,0,0,4,0,0,0.0127474969761225,"CW",0.0128939663092042,0.163818507859304,0.87,0.87,100,0.0128939663092042,0.0128939663092042,0.000146469333081741,0.000146469333081741,0.08,0.08
"Pearson","L_Y_dich_3_5__K_X_dich_3_5",20,0,0,4,0,0,0.0127474969761225,"PPW",-0.022934377899454,0.168593396140526,0.88,0.88,100,-0.022934377899454,0.022934377899454,-0.0356818748755765,0.0356818748755765,0.07,0.07
"Pearson","L_Y_dich_3_5__K_X_dich_3_5",20,0,0,4,0,0,0.0127474969761225,"OPW",-0.00212603439143713,0.166737555636734,0.88,0.89,100,-0.00212603439143713,0.00212603439143713,-0.0148735313675596,0.0148735313675596,0.07,0.0599999999999999
"Pearson","L_Y_dich_3_5__K_X_dich_3_5",20,0,0,4,4,0,0.0175583440275304,"no_weight",0.0175583440275304,0.160584836987019,0.87,0.89,100,0.0175583440275304,0.0175583440275304,0,0,0.08,0.0599999999999999
"Pearson","L_Y_dich_3_5__K_X_dich_3_5",20,0,0,4,4,0,0.0175583440275304,"CW",0.0138685351420662,0.166902466517565,0.86,0.87,100,0.0138685351420662,0.0138685351420662,-0.00368980888546416,0.00368980888546416,0.09,0.08
"Pearson","L_Y_dich_3_5__K_X_dich_3_5",20,0,0,4,4,0,0.0175583440275304,"PPW",-0.00658489091171876,0.176457032069016,0.84,0.84,100,-0.00658489091171876,0.00658489091171876,-0.0241432349392492,0.0241432349392492,0.11,0.11
"Pearson","L_Y_dich_3_5__K_X_dich_3_5",20,0,0,4,4,0,0.0175583440275304,"OPW",0.00503590633287072,0.170137713071358,0.88,0.88,100,0.00503590633287072,0.00503590633287072,-0.0125224376946597,0.0125224376946597,0.07,0.07
"Pearson","L_Y_dich_3_5__K_X_dich_3_5",20,0,0.5,0,0,0.4,0.377924280252174,"no_weight",0.377924280252174,0.134290131539649,0.92,0.89,100,-0.0220757197478256,0.0220757197478256,0,0,0.0299999999999999,0.0599999999999999
"Pearson","L_Y_dich_3_5__K_X_dich_3_5",20,0,0.5,0,0,0.4,0.377924280252174,"CW",0.379908703780557,0.133597488459516,0.92,0.91,100,-0.0200912962194434,0.0200912962194434,0.00198442352838213,0.00198442352838213,0.0299999999999999,0.0399999999999999
"Pearson","L_Y_dich_3_5__K_X_dich_3_5",20,0,0.5,0,0,0.4,0.377924280252174,"PPW",0.292204591557323,0.135429768120299,0.9,0.92,100,-0.107795408442677,0.107795408442677,-0.0857196886948518,0.0857196886948518,0.0499999999999999,0.0299999999999999
"Pearson","L_Y_dich_3_5__K_X_dich_3_5",20,0,0.5,0,0,0.4,0.377924280252174,"OPW",0.355609881964977,0.138081950451184,0.93,0.92,100,-0.0443901180350227,0.0443901180350227,-0.0223143982871972,0.0223143982871972,0.0199999999999999,0.0299999999999999
"Pearson","L_Y_dich_3_5__K_X_dich_3_5",20,0,0.5,0,4,0.4,0.294136570753405,"no_weight",0.294136570753405,0.139801836765555,0.81,0.87,100,-0.105863429246595,0.105863429246595,0,0,0.14,0.08
"Pearson","L_Y_dich_3_5__K_X_dich_3_5",20,0,0.5,0,4,0.4,0.294136570753405,"CW",0.322489541686763,0.139134180839548,0.85,0.9,100,-0.0775104583132374,0.0775104583132374,0.0283529709333576,0.0283529709333576,0.1,0.0499999999999999
"Pearson","L_Y_dich_3_5__K_X_dich_3_5",20,0,0.5,0,4,0.4,0.294136570753405,"PPW",0.276276034555526,0.151900499499909,0.82,0.91,100,-0.123723965444474,0.123723965444474,-0.0178605361978794,0.0178605361978794,0.13,0.0399999999999999
"Pearson","L_Y_dich_3_5__K_X_dich_3_5",20,0,0.5,0,4,0.4,0.294136570753405,"OPW",0.30723848587405,0.145164251370637,0.86,0.9,100,-0.0927615141259503,0.0927615141259503,0.0131019151206447,0.0131019151206447,0.09,0.0499999999999999
"Pearson","L_Y_dich_3_5__K_X_dich_3_5",20,0,0.5,4,0,0.4,0.308793840705643,"no_weight",0.308793840705643,0.13723942550444,0.79,0.83,100,-0.0912061592943569,0.0912061592943569,0,0,0.16,0.12
"Pearson","L_Y_dich_3_5__K_X_dich_3_5",20,0,0.5,4,0,0.4,0.308793840705643,"CW",0.331522749471104,0.138148090255811,0.83,0.88,100,-0.0684772505288958,0.0684772505288958,0.0227289087654612,0.0227289087654612,0.12,0.07
"Pearson","L_Y_dich_3_5__K_X_dich_3_5",20,0,0.5,4,0,0.4,0.308793840705643,"PPW",0.288680226787218,0.147432708521355,0.83,0.81,100,-0.111319773212782,0.111319773212782,-0.0201136139184255,0.0201136139184255,0.12,0.14
"Pearson","L_Y_dich_3_5__K_X_dich_3_5",20,0,0.5,4,0,0.4,0.308793840705643,"OPW",0.320372936699626,0.142322952011301,0.85,0.86,100,-0.0796270633003736,0.0796270633003736,0.0115790959939833,0.0115790959939833,0.1,0.09
"Pearson","L_Y_dich_3_5__K_X_dich_3_5",20,0,0.5,4,4,0.4,0.282697896382999,"no_weight",0.282697896382999,0.148930249498372,0.8,0.83,100,-0.117302103617001,0.117302103617001,0,0,0.15,0.12
"Pearson","L_Y_dich_3_5__K_X_dich_3_5",20,0,0.5,4,4,0.4,0.282697896382999,"CW",0.299404437938845,0.155837112339728,0.85,0.85,100,-0.100595562061155,0.100595562061155,0.0167065415558464,0.0167065415558464,0.1,0.1
"Pearson","L_Y_dich_3_5__K_X_dich_3_5",20,0,0.5,4,4,0.4,0.282697896382999,"PPW",0.28767598837409,0.168540326398579,0.84,0.87,100,-0.11232401162591,0.11232401162591,0.00497809199109173,0.00497809199109173,0.11,0.08
"Pearson","L_Y_dich_3_5__K_X_dich_3_5",20,0,0.5,4,4,0.4,0.282697896382999,"OPW",0.294788214648174,0.160048841917388,0.86,0.87,100,-0.105211785351826,0.105211785351826,0.0120903182651754,0.0120903182651754,0.09,0.08
"Pearson","L_Y_dich_3_5__K_X_dich_3_5",20,0.5,0,0,0,0.1,0.109346255644978,"no_weight",0.109346255644978,0.163207281315602,0.93,0.93,100,0.00934625564497769,0.00934625564497769,0,0,0.0199999999999999,0.0199999999999999
"Pearson","L_Y_dich_3_5__K_X_dich_3_5",20,0.5,0,0,0,0.1,0.109346255644978,"CW",0.108110166212168,0.163318615520353,0.93,0.92,100,0.00811016621216795,0.00811016621216795,-0.00123608943280974,0.00123608943280974,0.0199999999999999,0.0299999999999999
"Pearson","L_Y_dich_3_5__K_X_dich_3_5",20,0.5,0,0,0,0.1,0.109346255644978,"PPW",0.111937315463509,0.154383920414617,0.94,0.94,100,0.0119373154635092,0.0119373154635092,0.00259105981853155,0.00259105981853155,0.01,0.01
"Pearson","L_Y_dich_3_5__K_X_dich_3_5",20,0.5,0,0,0,0.1,0.109346255644978,"OPW",0.122299306011707,0.16291232483947,0.94,0.96,100,0.0222993060117069,0.0222993060117069,0.0129530503667293,0.0129530503667293,0.01,0.01
"Pearson","L_Y_dich_3_5__K_X_dich_3_5",20,0.5,0,0,4,0.1,0.0467613058560301,"no_weight",0.0467613058560301,0.161558979358561,0.84,0.87,100,-0.0532386941439699,0.0532386941439699,0,0,0.11,0.08
"Pearson","L_Y_dich_3_5__K_X_dich_3_5",20,0.5,0,0,4,0.1,0.0467613058560301,"CW",0.0231314133403272,0.166473338467646,0.86,0.9,100,-0.0768685866596728,0.0768685866596728,-0.0236298925157029,0.0236298925157029,0.09,0.0499999999999999
"Pearson","L_Y_dich_3_5__K_X_dich_3_5",20,0.5,0,0,4,0.1,0.0467613058560301,"PPW",0.00784055364597209,0.166091879561197,0.82,0.86,100,-0.0921594463540279,0.0921594463540279,-0.038920752210058,0.038920752210058,0.13,0.09
"Pearson","L_Y_dich_3_5__K_X_dich_3_5",20,0.5,0,0,4,0.1,0.0467613058560301,"OPW",0.0314857205784615,0.167652033355797,0.84,0.9,100,-0.0685142794215385,0.0685142794215385,-0.0152755852775686,0.0152755852775686,0.11,0.0499999999999999
"Pearson","L_Y_dich_3_5__K_X_dich_3_5",20,0.5,0,4,0,0.1,0.092803515459299,"no_weight",0.092803515459299,0.157679026412958,0.88,0.86,100,-0.00719648454070099,0.00719648454070099,0,0,0.07,0.09
"Pearson","L_Y_dich_3_5__K_X_dich_3_5",20,0.5,0,4,0,0.1,0.092803515459299,"CW",0.0745276457700203,0.162574155710437,0.86,0.87,100,-0.0254723542299797,0.0254723542299797,-0.0182758696892787,0.0182758696892787,0.09,0.08
"Pearson","L_Y_dich_3_5__K_X_dich_3_5",20,0.5,0,4,0,0.1,0.092803515459299,"PPW",0.0638439184078181,0.165310932532616,0.9,0.9,100,-0.0361560815921819,0.0361560815921819,-0.0289595970514809,0.0289595970514809,0.0499999999999999,0.0499999999999999
"Pearson","L_Y_dich_3_5__K_X_dich_3_5",20,0.5,0,4,0,0.1,0.092803515459299,"OPW",0.0902095957298774,0.163349336653942,0.9,0.9,100,-0.00979040427012264,0.00979040427012264,-0.00259391972942165,0.00259391972942165,0.0499999999999999,0.0499999999999999
"Pearson","L_Y_dich_3_5__K_X_dich_3_5",20,0.5,0,4,4,0.1,0.0907784391345714,"no_weight",0.0907784391345714,0.166310054880733,0.86,0.87,100,-0.00922156086542865,0.00922156086542865,0,0,0.09,0.08
"Pearson","L_Y_dich_3_5__K_X_dich_3_5",20,0.5,0,4,4,0.1,0.0907784391345714,"CW",0.0397946168327839,0.176180327568743,0.87,0.87,100,-0.0602053831672161,0.0602053831672161,-0.0509838223017874,0.0509838223017874,0.08,0.08
"Pearson","L_Y_dich_3_5__K_X_dich_3_5",20,0.5,0,4,4,0.1,0.0907784391345714,"PPW",0.0499103010766276,0.184092199878417,0.83,0.84,100,-0.0500896989233724,0.0500896989233724,-0.0408681380579438,0.0408681380579438,0.12,0.11
"Pearson","L_Y_dich_3_5__K_X_dich_3_5",20,0.5,0,4,4,0.1,0.0907784391345714,"OPW",0.0571430683817982,0.178037593179243,0.84,0.84,100,-0.0428569316182018,0.0428569316182018,-0.0336353707527732,0.0336353707527732,0.11,0.11
"Pearson","L_Y_dich_3_5__K_X_dich_3_5",20,0.5,0.5,0,0,0.5,0.460326813036876,"no_weight",0.460326813036876,0.128944741373147,0.89,0.89,100,-0.0396731869631245,0.0396731869631245,0,0,0.0599999999999999,0.0599999999999999
"Pearson","L_Y_dich_3_5__K_X_dich_3_5",20,0.5,0.5,0,0,0.5,0.460326813036876,"CW",0.459378150100537,0.128715490784522,0.91,0.88,100,-0.0406218498994634,0.0406218498994634,-0.00094866293633894,0.00094866293633894,0.0399999999999999,0.07
"Pearson","L_Y_dich_3_5__K_X_dich_3_5",20,0.5,0.5,0,0,0.5,0.460326813036876,"PPW",0.421064429611014,0.130082940243277,0.9,0.9,100,-0.0789355703889859,0.0789355703889859,-0.0392623834258614,0.0392623834258614,0.0499999999999999,0.0499999999999999
"Pearson","L_Y_dich_3_5__K_X_dich_3_5",20,0.5,0.5,0,0,0.5,0.460326813036876,"OPW",0.461380859399786,0.128923492999301,0.9,0.88,100,-0.038619140600214,0.038619140600214,0.00105404636291045,0.00105404636291045,0.0499999999999999,0.07
"Pearson","L_Y_dich_3_5__K_X_dich_3_5",20,0.5,0.5,0,4,0.5,0.387076834631654,"no_weight",0.387076834631654,0.135297452065469,0.85,0.85,100,-0.112923165368346,0.112923165368346,0,0,0.1,0.1
"Pearson","L_Y_dich_3_5__K_X_dich_3_5",20,0.5,0.5,0,4,0.5,0.387076834631654,"CW",0.39149824350245,0.136491662055681,0.84,0.84,100,-0.10850175649755,0.10850175649755,0.00442140887079656,0.00442140887079656,0.11,0.11
"Pearson","L_Y_dich_3_5__K_X_dich_3_5",20,0.5,0.5,0,4,0.5,0.387076834631654,"PPW",0.378541101073415,0.145864023241972,0.85,0.84,100,-0.121458898926585,0.121458898926585,-0.00853573355823933,0.00853573355823933,0.1,0.11
"Pearson","L_Y_dich_3_5__K_X_dich_3_5",20,0.5,0.5,0,4,0.5,0.387076834631654,"OPW",0.401633376691218,0.136968401581317,0.88,0.83,100,-0.0983666233087823,0.0983666233087823,0.0145565420595638,0.0145565420595638,0.07,0.12
"Pearson","L_Y_dich_3_5__K_X_dich_3_5",20,0.5,0.5,4,0,0.5,0.37987803383539,"no_weight",0.37987803383539,0.132772534010617,0.84,0.89,100,-0.12012196616461,0.12012196616461,0,0,0.11,0.0599999999999999
"Pearson","L_Y_dich_3_5__K_X_dich_3_5",20,0.5,0.5,4,0,0.5,0.37987803383539,"CW",0.397713795396384,0.134244980447354,0.87,0.91,100,-0.102286204603616,0.102286204603616,0.017835761560994,0.017835761560994,0.08,0.0399999999999999
"Pearson","L_Y_dich_3_5__K_X_dich_3_5",20,0.5,0.5,4,0,0.5,0.37987803383539,"PPW",0.391703819658091,0.142586833145926,0.88,0.88,100,-0.108296180341909,0.108296180341909,0.011825785822701,0.011825785822701,0.07,0.07
"Pearson","L_Y_dich_3_5__K_X_dich_3_5",20,0.5,0.5,4,0,0.5,0.37987803383539,"OPW",0.407537992710145,0.1344098226298,0.87,0.85,100,-0.0924620072898551,0.0924620072898551,0.0276599588747547,0.0276599588747547,0.08,0.1
"Pearson","L_Y_dich_3_5__K_X_dich_3_5",20,0.5,0.5,4,4,0.5,0.360183382543429,"no_weight",0.360183382543429,0.137305016040418,0.78,0.84,100,-0.139816617456571,0.139816617456571,0,0,0.17,0.11
"Pearson","L_Y_dich_3_5__K_X_dich_3_5",20,0.5,0.5,4,4,0.5,0.360183382543429,"CW",0.353059272740844,0.144586268421705,0.79,0.86,100,-0.146940727259156,0.146940727259156,-0.00712410980258532,0.00712410980258532,0.16,0.09
"Pearson","L_Y_dich_3_5__K_X_dich_3_5",20,0.5,0.5,4,4,0.5,0.360183382543429,"PPW",0.364102431281421,0.151291705654055,0.81,0.86,100,-0.135897568718579,0.135897568718579,0.0039190487379917,0.0039190487379917,0.14,0.09
"Pearson","L_Y_dich_3_5__K_X_dich_3_5",20,0.5,0.5,4,4,0.5,0.360183382543429,"OPW",0.367875076048061,0.144218736468137,0.81,0.87,100,-0.132124923951939,0.132124923951939,0.00769169350463178,0.00769169350463178,0.14,0.08
"Pearson","L_Y_dich_3_5__K_X_dich_4_5",20,0,0,0,0,0,-0.0199637926057045,"no_weight",-0.0199637926057045,0.162509347941674,0.88,0.86,100,-0.0199637926057045,0.0199637926057045,0,0,0.07,0.09
"Pearson","L_Y_dich_3_5__K_X_dich_4_5",20,0,0,0,0,0,-0.0199637926057045,"CW",-0.0190950472862701,0.16217256659962,0.89,0.86,100,-0.0190950472862701,0.0190950472862701,0.000868745319434462,0.000868745319434462,0.0599999999999999,0.09
"Pearson","L_Y_dich_3_5__K_X_dich_4_5",20,0,0,0,0,0,-0.0199637926057045,"PPW",-0.0143281629228025,0.156145775160919,0.9,0.9,100,-0.0143281629228025,0.0143281629228025,0.00563562968290203,0.00563562968290203,0.0499999999999999,0.0499999999999999
"Pearson","L_Y_dich_3_5__K_X_dich_4_5",20,0,0,0,0,0,-0.0199637926057045,"OPW",-0.0123895261372718,0.162886985012559,0.9,0.9,100,-0.0123895261372718,0.0123895261372718,0.00757426646843271,0.00757426646843271,0.0499999999999999,0.0499999999999999
"Pearson","L_Y_dich_3_5__K_X_dich_4_5",20,0,0,0,4,0,-0.00225587854175545,"no_weight",-0.00225587854175545,0.163720846101758,0.87,0.88,100,-0.00225587854175545,0.00225587854175545,0,0,0.08,0.07
"Pearson","L_Y_dich_3_5__K_X_dich_4_5",20,0,0,0,4,0,-0.00225587854175545,"CW",0.00104113349710805,0.166185250853956,0.91,0.91,100,0.00104113349710805,0.00104113349710805,0.0032970120388635,0.0032970120388635,0.0399999999999999,0.0399999999999999
"Pearson","L_Y_dich_3_5__K_X_dich_4_5",20,0,0,0,4,0,-0.00225587854175545,"PPW",0.0041670029837339,0.173024095894461,0.89,0.89,100,0.0041670029837339,0.0041670029837339,0.00642288152548935,0.00642288152548935,0.0599999999999999,0.0599999999999999
"Pearson","L_Y_dich_3_5__K_X_dich_4_5",20,0,0,0,4,0,-0.00225587854175545,"OPW",0.00147982586588453,0.168510734853314,0.87,0.88,100,0.00147982586588453,0.00147982586588453,0.00373570440763998,0.00373570440763998,0.08,0.07
"Pearson","L_Y_dich_3_5__K_X_dich_4_5",20,0,0,4,0,0,0.0127474969761225,"no_weight",0.0127474969761225,0.157700200709008,0.92,0.91,100,0.0127474969761225,0.0127474969761225,0,0,0.0299999999999999,0.0399999999999999
"Pearson","L_Y_dich_3_5__K_X_dich_4_5",20,0,0,4,0,0,0.0127474969761225,"CW",0.0128939663092042,0.163818507859304,0.87,0.87,100,0.0128939663092042,0.0128939663092042,0.000146469333081741,0.000146469333081741,0.08,0.08
"Pearson","L_Y_dich_3_5__K_X_dich_4_5",20,0,0,4,0,0,0.0127474969761225,"PPW",-0.00359035760578332,0.158585153694884,0.88,0.87,100,-0.00359035760578332,0.00359035760578332,-0.0163378545819058,0.0163378545819058,0.07,0.08
"Pearson","L_Y_dich_3_5__K_X_dich_4_5",20,0,0,4,0,0,0.0127474969761225,"OPW",0.0017173041380805,0.163787403193048,0.87,0.89,100,0.0017173041380805,0.0017173041380805,-0.011030192838042,0.011030192838042,0.08,0.0599999999999999
"Pearson","L_Y_dich_3_5__K_X_dich_4_5",20,0,0,4,4,0,0.0175583440275304,"no_weight",0.0175583440275304,0.160584836987019,0.87,0.89,100,0.0175583440275304,0.0175583440275304,0,0,0.08,0.0599999999999999
"Pearson","L_Y_dich_3_5__K_X_dich_4_5",20,0,0,4,4,0,0.0175583440275304,"CW",0.0138685351420662,0.166902466517565,0.86,0.87,100,0.0138685351420662,0.0138685351420662,-0.00368980888546416,0.00368980888546416,0.09,0.08
"Pearson","L_Y_dich_3_5__K_X_dich_4_5",20,0,0,4,4,0,0.0175583440275304,"PPW",0.0115722063966891,0.175011542453754,0.83,0.83,100,0.0115722063966891,0.0115722063966891,-0.00598613763084124,0.00598613763084124,0.12,0.12
"Pearson","L_Y_dich_3_5__K_X_dich_4_5",20,0,0,4,4,0,0.0175583440275304,"OPW",0.00907273461976435,0.169712169495714,0.86,0.87,100,0.00907273461976435,0.00907273461976435,-0.00848560940776604,0.00848560940776604,0.09,0.08
"Pearson","L_Y_dich_3_5__K_X_dich_4_5",20,0,0.5,0,0,0.4,0.377924280252174,"no_weight",0.377924280252174,0.134290131539649,0.92,0.89,100,-0.0220757197478256,0.0220757197478256,0,0,0.0299999999999999,0.0599999999999999
"Pearson","L_Y_dich_3_5__K_X_dich_4_5",20,0,0.5,0,0,0.4,0.377924280252174,"CW",0.379908703780557,0.133597488459516,0.92,0.91,100,-0.0200912962194434,0.0200912962194434,0.00198442352838213,0.00198442352838213,0.0299999999999999,0.0399999999999999
"Pearson","L_Y_dich_3_5__K_X_dich_4_5",20,0,0.5,0,0,0.4,0.377924280252174,"PPW",0.341393251890048,0.134382158313675,0.89,0.9,100,-0.0586067481099523,0.0586067481099523,-0.0365310283621267,0.0365310283621267,0.0599999999999999,0.0499999999999999
"Pearson","L_Y_dich_3_5__K_X_dich_4_5",20,0,0.5,0,0,0.4,0.377924280252174,"OPW",0.371884853054553,0.135537296844358,0.93,0.94,100,-0.028115146945447,0.028115146945447,-0.00603942719762146,0.00603942719762146,0.0199999999999999,0.01
"Pearson","L_Y_dich_3_5__K_X_dich_4_5",20,0,0.5,0,4,0.4,0.294136570753405,"no_weight",0.294136570753405,0.139801836765555,0.81,0.87,100,-0.105863429246595,0.105863429246595,0,0,0.14,0.08
"Pearson","L_Y_dich_3_5__K_X_dich_4_5",20,0,0.5,0,4,0.4,0.294136570753405,"CW",0.322489541686763,0.139134180839548,0.85,0.9,100,-0.0775104583132374,0.0775104583132374,0.0283529709333576,0.0283529709333576,0.1,0.0499999999999999
"Pearson","L_Y_dich_3_5__K_X_dich_4_5",20,0,0.5,0,4,0.4,0.294136570753405,"PPW",0.331499173260569,0.143605722141329,0.88,0.86,100,-0.0685008267394315,0.0685008267394315,0.0373626025071635,0.0373626025071635,0.07,0.09
"Pearson","L_Y_dich_3_5__K_X_dich_4_5",20,0,0.5,0,4,0.4,0.294136570753405,"OPW",0.323557953452822,0.14057591082981,0.87,0.89,100,-0.0764420465471781,0.0764420465471781,0.0294213826994169,0.0294213826994169,0.08,0.0599999999999999
"Pearson","L_Y_dich_3_5__K_X_dich_4_5",20,0,0.5,4,0,0.4,0.308793840705643,"no_weight",0.308793840705643,0.13723942550444,0.79,0.83,100,-0.0912061592943569,0.0912061592943569,0,0,0.16,0.12
"Pearson","L_Y_dich_3_5__K_X_dich_4_5",20,0,0.5,4,0,0.4,0.308793840705643,"CW",0.331522749471104,0.138148090255811,0.83,0.88,100,-0.0684772505288958,0.0684772505288958,0.0227289087654612,0.0227289087654612,0.12,0.07
"Pearson","L_Y_dich_3_5__K_X_dich_4_5",20,0,0.5,4,0,0.4,0.308793840705643,"PPW",0.305528564866768,0.141284816663843,0.82,0.83,100,-0.0944714351332323,0.0944714351332323,-0.00326527583887531,0.00326527583887531,0.13,0.12
"Pearson","L_Y_dich_3_5__K_X_dich_4_5",20,0,0.5,4,0,0.4,0.308793840705643,"OPW",0.323604791297984,0.141004743892429,0.82,0.86,100,-0.076395208702016,0.076395208702016,0.0148109505923409,0.0148109505923409,0.13,0.09
"Pearson","L_Y_dich_3_5__K_X_dich_4_5",20,0,0.5,4,4,0.4,0.282697896382999,"no_weight",0.282697896382999,0.148930249498372,0.8,0.83,100,-0.117302103617001,0.117302103617001,0,0,0.15,0.12
"Pearson","L_Y_dich_3_5__K_X_dich_4_5",20,0,0.5,4,4,0.4,0.282697896382999,"CW",0.299404437938845,0.155837112339728,0.85,0.85,100,-0.100595562061155,0.100595562061155,0.0167065415558464,0.0167065415558464,0.1,0.1
"Pearson","L_Y_dich_3_5__K_X_dich_4_5",20,0,0.5,4,4,0.4,0.282697896382999,"PPW",0.301230186894973,0.16288989640988,0.85,0.88,100,-0.0987698131050266,0.0987698131050266,0.0185322905119748,0.0185322905119748,0.1,0.07
"Pearson","L_Y_dich_3_5__K_X_dich_4_5",20,0,0.5,4,4,0.4,0.282697896382999,"OPW",0.298666354192505,0.157970120528582,0.87,0.87,100,-0.101333645807495,0.101333645807495,0.0159684578095069,0.0159684578095069,0.08,0.08
"Pearson","L_Y_dich_3_5__K_X_dich_4_5",20,0.5,0,0,0,0.1,0.109346255644978,"no_weight",0.109346255644978,0.163207281315602,0.93,0.93,100,0.00934625564497769,0.00934625564497769,0,0,0.0199999999999999,0.0199999999999999
"Pearson","L_Y_dich_3_5__K_X_dich_4_5",20,0.5,0,0,0,0.1,0.109346255644978,"CW",0.108110166212168,0.163318615520353,0.93,0.92,100,0.00811016621216795,0.00811016621216795,-0.00123608943280974,0.00123608943280974,0.0199999999999999,0.0299999999999999
"Pearson","L_Y_dich_3_5__K_X_dich_4_5",20,0.5,0,0,0,0.1,0.109346255644978,"PPW",0.128599637634764,0.159932733919218,0.91,0.91,100,0.0285996376347635,0.0285996376347635,0.0192533819897858,0.0192533819897858,0.0399999999999999,0.0399999999999999
"Pearson","L_Y_dich_3_5__K_X_dich_4_5",20,0.5,0,0,0,0.1,0.109346255644978,"OPW",0.11852936406114,0.164707252880859,0.92,0.91,100,0.0185293640611397,0.0185293640611397,0.00918310841616204,0.00918310841616204,0.0299999999999999,0.0399999999999999
"Pearson","L_Y_dich_3_5__K_X_dich_4_5",20,0.5,0,0,4,0.1,0.0467613058560301,"no_weight",0.0467613058560301,0.161558979358561,0.84,0.87,100,-0.0532386941439699,0.0532386941439699,0,0,0.11,0.08
"Pearson","L_Y_dich_3_5__K_X_dich_4_5",20,0.5,0,0,4,0.1,0.0467613058560301,"CW",0.0231314133403272,0.166473338467646,0.86,0.9,100,-0.0768685866596728,0.0768685866596728,-0.0236298925157029,0.0236298925157029,0.09,0.0499999999999999
"Pearson","L_Y_dich_3_5__K_X_dich_4_5",20,0.5,0,0,4,0.1,0.0467613058560301,"PPW",0.0406405332164488,0.172289666199167,0.84,0.85,100,-0.0593594667835512,0.0593594667835512,-0.00612077263958125,0.00612077263958125,0.11,0.1
"Pearson","L_Y_dich_3_5__K_X_dich_4_5",20,0.5,0,0,4,0.1,0.0467613058560301,"OPW",0.0347538453227022,0.168207303510863,0.87,0.89,100,-0.0652461546772978,0.0652461546772978,-0.0120074605333279,0.0120074605333279,0.08,0.0599999999999999
"Pearson","L_Y_dich_3_5__K_X_dich_4_5",20,0.5,0,4,0,0.1,0.092803515459299,"no_weight",0.092803515459299,0.157679026412958,0.88,0.86,100,-0.00719648454070099,0.00719648454070099,0,0,0.07,0.09
"Pearson","L_Y_dich_3_5__K_X_dich_4_5",20,0.5,0,4,0,0.1,0.092803515459299,"CW",0.0745276457700203,0.162574155710437,0.86,0.87,100,-0.0254723542299797,0.0254723542299797,-0.0182758696892787,0.0182758696892787,0.09,0.08
"Pearson","L_Y_dich_3_5__K_X_dich_4_5",20,0.5,0,4,0,0.1,0.092803515459299,"PPW",0.0795378821414839,0.159387485212105,0.88,0.9,100,-0.0204621178585161,0.0204621178585161,-0.0132656333178152,0.0132656333178152,0.07,0.0499999999999999
"Pearson","L_Y_dich_3_5__K_X_dich_4_5",20,0.5,0,4,0,0.1,0.092803515459299,"OPW",0.0829740350011097,0.162898444551648,0.9,0.91,100,-0.0170259649988903,0.0170259649988903,-0.00982948045818928,0.00982948045818928,0.0499999999999999,0.0399999999999999
"Pearson","L_Y_dich_3_5__K_X_dich_4_5",20,0.5,0,4,4,0.1,0.0907784391345714,"no_weight",0.0907784391345714,0.166310054880733,0.86,0.87,100,-0.00922156086542865,0.00922156086542865,0,0,0.09,0.08
"Pearson","L_Y_dich_3_5__K_X_dich_4_5",20,0.5,0,4,4,0.1,0.0907784391345714,"CW",0.0397946168327839,0.176180327568743,0.87,0.87,100,-0.0602053831672161,0.0602053831672161,-0.0509838223017874,0.0509838223017874,0.08,0.08
"Pearson","L_Y_dich_3_5__K_X_dich_4_5",20,0.5,0,4,4,0.1,0.0907784391345714,"PPW",0.0571441162371888,0.181395436413872,0.85,0.85,100,-0.0428558837628112,0.0428558837628112,-0.0336343228973825,0.0336343228973825,0.1,0.1
"Pearson","L_Y_dich_3_5__K_X_dich_4_5",20,0.5,0,4,4,0.1,0.0907784391345714,"OPW",0.0514530939509359,0.177392562512726,0.85,0.87,100,-0.0485469060490641,0.0485469060490641,-0.0393253451836354,0.0393253451836354,0.1,0.08
"Pearson","L_Y_dich_3_5__K_X_dich_4_5",20,0.5,0.5,0,0,0.5,0.460326813036876,"no_weight",0.460326813036876,0.128944741373147,0.89,0.89,100,-0.0396731869631245,0.0396731869631245,0,0,0.0599999999999999,0.0599999999999999
"Pearson","L_Y_dich_3_5__K_X_dich_4_5",20,0.5,0.5,0,0,0.5,0.460326813036876,"CW",0.459378150100537,0.128715490784522,0.91,0.88,100,-0.0406218498994634,0.0406218498994634,-0.00094866293633894,0.00094866293633894,0.0399999999999999,0.07
"Pearson","L_Y_dich_3_5__K_X_dich_4_5",20,0.5,0.5,0,0,0.5,0.460326813036876,"PPW",0.455640828200753,0.126760620076577,0.88,0.86,100,-0.0443591717992466,0.0443591717992466,-0.00468598483612215,0.00468598483612215,0.07,0.09
"Pearson","L_Y_dich_3_5__K_X_dich_4_5",20,0.5,0.5,0,0,0.5,0.460326813036876,"OPW",0.466616647128998,0.127975988773375,0.88,0.87,100,-0.0333833528710019,0.0333833528710019,0.00628983409212258,0.00628983409212258,0.07,0.08
"Pearson","L_Y_dich_3_5__K_X_dich_4_5",20,0.5,0.5,0,4,0.5,0.387076834631654,"no_weight",0.387076834631654,0.135297452065469,0.85,0.85,100,-0.112923165368346,0.112923165368346,0,0,0.1,0.1
"Pearson","L_Y_dich_3_5__K_X_dich_4_5",20,0.5,0.5,0,4,0.5,0.387076834631654,"CW",0.39149824350245,0.136491662055681,0.84,0.84,100,-0.10850175649755,0.10850175649755,0.00442140887079656,0.00442140887079656,0.11,0.11
"Pearson","L_Y_dich_3_5__K_X_dich_4_5",20,0.5,0.5,0,4,0.5,0.387076834631654,"PPW",0.411281706433394,0.138386631612188,0.88,0.82,100,-0.0887182935666065,0.0887182935666065,0.0242048718017396,0.0242048718017396,0.07,0.13
"Pearson","L_Y_dich_3_5__K_X_dich_4_5",20,0.5,0.5,0,4,0.5,0.387076834631654,"OPW",0.404456147001146,0.135934305099839,0.87,0.85,100,-0.0955438529988537,0.0955438529988537,0.0173793123694924,0.0173793123694924,0.08,0.1
"Pearson","L_Y_dich_3_5__K_X_dich_4_5",20,0.5,0.5,4,0,0.5,0.37987803383539,"no_weight",0.37987803383539,0.132772534010617,0.84,0.89,100,-0.12012196616461,0.12012196616461,0,0,0.11,0.0599999999999999
"Pearson","L_Y_dich_3_5__K_X_dich_4_5",20,0.5,0.5,4,0,0.5,0.37987803383539,"CW",0.397713795396384,0.134244980447354,0.87,0.91,100,-0.102286204603616,0.102286204603616,0.017835761560994,0.017835761560994,0.08,0.0399999999999999
"Pearson","L_Y_dich_3_5__K_X_dich_4_5",20,0.5,0.5,4,0,0.5,0.37987803383539,"PPW",0.396371982869977,0.13749574334154,0.87,0.86,100,-0.103628017130023,0.103628017130023,0.0164939490345865,0.0164939490345865,0.08,0.09
"Pearson","L_Y_dich_3_5__K_X_dich_4_5",20,0.5,0.5,4,0,0.5,0.37987803383539,"OPW",0.404083185128348,0.134117543495547,0.88,0.86,100,-0.0959168148716518,0.0959168148716518,0.024205151292958,0.024205151292958,0.07,0.09
"Pearson","L_Y_dich_3_5__K_X_dich_4_5",20,0.5,0.5,4,4,0.5,0.360183382543429,"no_weight",0.360183382543429,0.137305016040418,0.78,0.84,100,-0.139816617456571,0.139816617456571,0,0,0.17,0.11
"Pearson","L_Y_dich_3_5__K_X_dich_4_5",20,0.5,0.5,4,4,0.5,0.360183382543429,"CW",0.353059272740844,0.144586268421705,0.79,0.86,100,-0.146940727259156,0.146940727259156,-0.00712410980258532,0.00712410980258532,0.16,0.09
"Pearson","L_Y_dich_3_5__K_X_dich_4_5",20,0.5,0.5,4,4,0.5,0.360183382543429,"PPW",0.373511566786387,0.147012766840764,0.81,0.86,100,-0.126488433213613,0.126488433213613,0.0133281842429583,0.0133281842429583,0.14,0.09
"Pearson","L_Y_dich_3_5__K_X_dich_4_5",20,0.5,0.5,4,4,0.5,0.360183382543429,"OPW",0.363233743796731,0.144509491905602,0.8,0.85,100,-0.136766256203269,0.136766256203269,0.00305036125330183,0.00305036125330183,0.15,0.1
"Pearson","L_Y_dich_3_5__K_X_sev",20,0,0,0,0,0,-0.0199637926057045,"no_weight",-0.0199637926057045,0.162509347941674,0.88,0.86,100,-0.0199637926057045,0.0199637926057045,0,0,0.07,0.09
"Pearson","L_Y_dich_3_5__K_X_sev",20,0,0,0,0,0,-0.0199637926057045,"CW",-0.0190950472862701,0.16217256659962,0.89,0.86,100,-0.0190950472862701,0.0190950472862701,0.000868745319434462,0.000868745319434462,0.0599999999999999,0.09
"Pearson","L_Y_dich_3_5__K_X_sev",20,0,0,0,0,0,-0.0199637926057045,"PPW",-0.00837820125448574,0.135064315909819,0.92,0.93,100,-0.00837820125448574,0.00837820125448574,0.0115855913512188,0.0115855913512188,0.0299999999999999,0.0199999999999999
"Pearson","L_Y_dich_3_5__K_X_sev",20,0,0,0,0,0,-0.0199637926057045,"OPW",-0.0103588469423278,0.154942585645145,0.89,0.89,100,-0.0103588469423278,0.0103588469423278,0.00960494566337675,0.00960494566337675,0.0599999999999999,0.0599999999999999
"Pearson","L_Y_dich_3_5__K_X_sev",20,0,0,0,4,0,-0.00225587854175545,"no_weight",-0.00225587854175545,0.163720846101758,0.87,0.88,100,-0.00225587854175545,0.00225587854175545,0,0,0.08,0.07
"Pearson","L_Y_dich_3_5__K_X_sev",20,0,0,0,4,0,-0.00225587854175545,"CW",0.00104113349710805,0.166185250853956,0.91,0.91,100,0.00104113349710805,0.00104113349710805,0.0032970120388635,0.0032970120388635,0.0399999999999999,0.0399999999999999
"Pearson","L_Y_dich_3_5__K_X_sev",20,0,0,0,4,0,-0.00225587854175545,"PPW",0.00167002362484447,0.150170253383445,0.89,0.87,100,0.00167002362484447,0.00167002362484447,0.00392590216659991,0.00392590216659991,0.0599999999999999,0.08
"Pearson","L_Y_dich_3_5__K_X_sev",20,0,0,0,4,0,-0.00225587854175545,"OPW",0.000296300750357462,0.162203657535667,0.9,0.91,100,0.000296300750357462,0.000296300750357462,0.00255217929211291,0.00255217929211291,0.0499999999999999,0.0399999999999999
"Pearson","L_Y_dich_3_5__K_X_sev",20,0,0,4,0,0,0.0127474969761225,"no_weight",0.0127474969761225,0.157700200709008,0.92,0.91,100,0.0127474969761225,0.0127474969761225,0,0,0.0299999999999999,0.0399999999999999
"Pearson","L_Y_dich_3_5__K_X_sev",20,0,0,4,0,0,0.0127474969761225,"CW",0.0128939663092042,0.163818507859304,0.87,0.87,100,0.0128939663092042,0.0128939663092042,0.000146469333081741,0.000146469333081741,0.08,0.08
"Pearson","L_Y_dich_3_5__K_X_sev",20,0,0,4,0,0,0.0127474969761225,"PPW",-0.0231230087258104,0.14023306294798,0.88,0.89,100,-0.0231230087258104,0.0231230087258104,-0.0358705057019329,0.0358705057019329,0.07,0.0599999999999999
"Pearson","L_Y_dich_3_5__K_X_sev",20,0,0,4,0,0,0.0127474969761225,"OPW",-0.00535410312343689,0.156909883349244,0.9,0.91,100,-0.00535410312343689,0.00535410312343689,-0.0181016000995594,0.0181016000995594,0.0499999999999999,0.0399999999999999
"Pearson","L_Y_dich_3_5__K_X_sev",20,0,0,4,4,0,0.0175583440275304,"no_weight",0.0175583440275304,0.160584836987019,0.87,0.89,100,0.0175583440275304,0.0175583440275304,0,0,0.08,0.0599999999999999
"Pearson","L_Y_dich_3_5__K_X_sev",20,0,0,4,4,0,0.0175583440275304,"CW",0.0138685351420662,0.166902466517565,0.86,0.87,100,0.0138685351420662,0.0138685351420662,-0.00368980888546416,0.00368980888546416,0.09,0.08
"Pearson","L_Y_dich_3_5__K_X_sev",20,0,0,4,4,0,0.0175583440275304,"PPW",-0.00827422592355847,0.152794421820559,0.83,0.84,100,-0.00827422592355847,0.00827422592355847,-0.0258325699510889,0.0258325699510889,0.12,0.11
"Pearson","L_Y_dich_3_5__K_X_sev",20,0,0,4,4,0,0.0175583440275304,"OPW",-0.00229756854311968,0.163949971373491,0.88,0.87,100,-0.00229756854311968,0.00229756854311968,-0.0198559125706501,0.0198559125706501,0.07,0.08
"Pearson","L_Y_dich_3_5__K_X_sev",20,0,0.5,0,0,0.4,0.377924280252174,"no_weight",0.377924280252174,0.134290131539649,0.92,0.89,100,-0.0220757197478256,0.0220757197478256,0,0,0.0299999999999999,0.0599999999999999
"Pearson","L_Y_dich_3_5__K_X_sev",20,0,0.5,0,0,0.4,0.377924280252174,"CW",0.379908703780557,0.133597488459516,0.92,0.91,100,-0.0200912962194434,0.0200912962194434,0.00198442352838213,0.00198442352838213,0.0299999999999999,0.0399999999999999
"Pearson","L_Y_dich_3_5__K_X_sev",20,0,0.5,0,0,0.4,0.377924280252174,"PPW",0.265122665799252,0.120100986628053,0.83,0.88,100,-0.134877334200748,0.134877334200748,-0.112801614452922,0.112801614452922,0.12,0.07
"Pearson","L_Y_dich_3_5__K_X_sev",20,0,0.5,0,0,0.4,0.377924280252174,"OPW",0.348985402311771,0.13154793961044,0.9,0.91,100,-0.0510145976882291,0.0510145976882291,-0.0289388779404035,0.0289388779404035,0.0499999999999999,0.0399999999999999
"Pearson","L_Y_dich_3_5__K_X_sev",20,0,0.5,0,4,0.4,0.294136570753405,"no_weight",0.294136570753405,0.139801836765555,0.81,0.87,100,-0.105863429246595,0.105863429246595,0,0,0.14,0.08
"Pearson","L_Y_dich_3_5__K_X_sev",20,0,0.5,0,4,0.4,0.294136570753405,"CW",0.322489541686763,0.139134180839548,0.85,0.9,100,-0.0775104583132374,0.0775104583132374,0.0283529709333576,0.0283529709333576,0.1,0.0499999999999999
"Pearson","L_Y_dich_3_5__K_X_sev",20,0,0.5,0,4,0.4,0.294136570753405,"PPW",0.254223872006379,0.1303462422082,0.82,0.91,100,-0.145776127993621,0.145776127993621,-0.0399126987470264,0.0399126987470264,0.13,0.0399999999999999
"Pearson","L_Y_dich_3_5__K_X_sev",20,0,0.5,0,4,0.4,0.294136570753405,"OPW",0.315423637350693,0.138891206368586,0.84,0.87,100,-0.0845763626493071,0.0845763626493071,0.0212870665972879,0.0212870665972879,0.11,0.08
"Pearson","L_Y_dich_3_5__K_X_sev",20,0,0.5,4,0,0.4,0.308793840705643,"no_weight",0.308793840705643,0.13723942550444,0.79,0.83,100,-0.0912061592943569,0.0912061592943569,0,0,0.16,0.12
"Pearson","L_Y_dich_3_5__K_X_sev",20,0,0.5,4,0,0.4,0.308793840705643,"CW",0.331522749471104,0.138148090255811,0.83,0.88,100,-0.0684772505288958,0.0684772505288958,0.0227289087654612,0.0227289087654612,0.12,0.07
"Pearson","L_Y_dich_3_5__K_X_sev",20,0,0.5,4,0,0.4,0.308793840705643,"PPW",0.241401882335735,0.125095266550559,0.76,0.83,100,-0.158598117664265,0.158598117664265,-0.0673919583699082,0.0673919583699082,0.19,0.12
"Pearson","L_Y_dich_3_5__K_X_sev",20,0,0.5,4,0,0.4,0.308793840705643,"OPW",0.303567867383913,0.135824767308921,0.78,0.86,100,-0.0964321326160869,0.0964321326160869,-0.00522597332172992,0.00522597332172992,0.17,0.09
"Pearson","L_Y_dich_3_5__K_X_sev",20,0,0.5,4,4,0.4,0.282697896382999,"no_weight",0.282697896382999,0.148930249498372,0.8,0.83,100,-0.117302103617001,0.117302103617001,0,0,0.15,0.12
"Pearson","L_Y_dich_3_5__K_X_sev",20,0,0.5,4,4,0.4,0.282697896382999,"CW",0.299404437938845,0.155837112339728,0.85,0.85,100,-0.100595562061155,0.100595562061155,0.0167065415558464,0.0167065415558464,0.1,0.1
"Pearson","L_Y_dich_3_5__K_X_sev",20,0,0.5,4,4,0.4,0.282697896382999,"PPW",0.219588418556302,0.144370124465027,0.75,0.86,100,-0.180411581443698,0.180411581443698,-0.0631094778266962,0.0631094778266962,0.2,0.09
"Pearson","L_Y_dich_3_5__K_X_sev",20,0,0.5,4,4,0.4,0.282697896382999,"OPW",0.269173272359849,0.155308949900708,0.84,0.86,100,-0.130826727640151,0.130826727640151,-0.0135246240231495,0.0135246240231495,0.11,0.09
"Pearson","L_Y_dich_3_5__K_X_sev",20,0.5,0,0,0,0.1,0.109346255644978,"no_weight",0.109346255644978,0.163207281315602,0.93,0.93,100,0.00934625564497769,0.00934625564497769,0,0,0.0199999999999999,0.0199999999999999
"Pearson","L_Y_dich_3_5__K_X_sev",20,0.5,0,0,0,0.1,0.109346255644978,"CW",0.108110166212168,0.163318615520353,0.93,0.92,100,0.00811016621216795,0.00811016621216795,-0.00123608943280974,0.00123608943280974,0.0199999999999999,0.0299999999999999
"Pearson","L_Y_dich_3_5__K_X_sev",20,0.5,0,0,0,0.1,0.109346255644978,"PPW",0.134796619152945,0.139882142985528,0.94,0.95,100,0.034796619152945,0.034796619152945,0.0254503635079673,0.0254503635079673,0.01,0
"Pearson","L_Y_dich_3_5__K_X_sev",20,0.5,0,0,0,0.1,0.109346255644978,"OPW",0.115114648884889,0.157886409568099,0.95,0.96,100,0.0151146488848888,0.0151146488848888,0.00576839323991107,0.00576839323991107,0,0.01
"Pearson","L_Y_dich_3_5__K_X_sev",20,0.5,0,0,4,0.1,0.0467613058560301,"no_weight",0.0467613058560301,0.161558979358561,0.84,0.87,100,-0.0532386941439699,0.0532386941439699,0,0,0.11,0.08
"Pearson","L_Y_dich_3_5__K_X_sev",20,0.5,0,0,4,0.1,0.0467613058560301,"CW",0.0231314133403272,0.166473338467646,0.86,0.9,100,-0.0768685866596728,0.0768685866596728,-0.0236298925157029,0.0236298925157029,0.09,0.0499999999999999
"Pearson","L_Y_dich_3_5__K_X_sev",20,0.5,0,0,4,0.1,0.0467613058560301,"PPW",0.0758039513801913,0.150565647216279,0.89,0.89,100,-0.0241960486198087,0.0241960486198087,0.0290426455241612,0.0290426455241612,0.0599999999999999,0.0599999999999999
"Pearson","L_Y_dich_3_5__K_X_sev",20,0.5,0,0,4,0.1,0.0467613058560301,"OPW",0.0352027321237037,0.163237178609213,0.88,0.89,100,-0.0647972678762963,0.0647972678762963,-0.0115585737323263,0.0115585737323263,0.07,0.0599999999999999
"Pearson","L_Y_dich_3_5__K_X_sev",20,0.5,0,4,0,0.1,0.092803515459299,"no_weight",0.092803515459299,0.157679026412958,0.88,0.86,100,-0.00719648454070099,0.00719648454070099,0,0,0.07,0.09
"Pearson","L_Y_dich_3_5__K_X_sev",20,0.5,0,4,0,0.1,0.092803515459299,"CW",0.0745276457700203,0.162574155710437,0.86,0.87,100,-0.0254723542299797,0.0254723542299797,-0.0182758696892787,0.0182758696892787,0.09,0.08
"Pearson","L_Y_dich_3_5__K_X_sev",20,0.5,0,4,0,0.1,0.092803515459299,"PPW",0.0912254921636758,0.139626517615806,0.91,0.9,100,-0.00877450783632416,0.00877450783632416,-0.00157802329562318,0.00157802329562318,0.0399999999999999,0.0499999999999999
"Pearson","L_Y_dich_3_5__K_X_sev",20,0.5,0,4,0,0.1,0.092803515459299,"OPW",0.0853333614400049,0.15590743867559,0.87,0.87,100,-0.0146666385599951,0.0146666385599951,-0.00747015401929407,0.00747015401929407,0.08,0.08
"Pearson","L_Y_dich_3_5__K_X_sev",20,0.5,0,4,4,0.1,0.0907784391345714,"no_weight",0.0907784391345714,0.166310054880733,0.86,0.87,100,-0.00922156086542865,0.00922156086542865,0,0,0.09,0.08
"Pearson","L_Y_dich_3_5__K_X_sev",20,0.5,0,4,4,0.1,0.0907784391345714,"CW",0.0397946168327839,0.176180327568743,0.87,0.87,100,-0.0602053831672161,0.0602053831672161,-0.0509838223017874,0.0509838223017874,0.08,0.08
"Pearson","L_Y_dich_3_5__K_X_sev",20,0.5,0,4,4,0.1,0.0907784391345714,"PPW",0.0956238492245519,0.159865106315151,0.88,0.88,100,-0.00437615077544806,0.00437615077544806,0.00484541008998059,0.00484541008998059,0.07,0.07
"Pearson","L_Y_dich_3_5__K_X_sev",20,0.5,0,4,4,0.1,0.0907784391345714,"OPW",0.0496037800780813,0.171567005754626,0.87,0.87,100,-0.0503962199219187,0.0503962199219187,-0.0411746590564901,0.0411746590564901,0.08,0.08
"Pearson","L_Y_dich_3_5__K_X_sev",20,0.5,0.5,0,0,0.5,0.460326813036876,"no_weight",0.460326813036876,0.128944741373147,0.89,0.89,100,-0.0396731869631245,0.0396731869631245,0,0,0.0599999999999999,0.0599999999999999
"Pearson","L_Y_dich_3_5__K_X_sev",20,0.5,0.5,0,0,0.5,0.460326813036876,"CW",0.459378150100537,0.128715490784522,0.91,0.88,100,-0.0406218498994634,0.0406218498994634,-0.00094866293633894,0.00094866293633894,0.0399999999999999,0.07
"Pearson","L_Y_dich_3_5__K_X_sev",20,0.5,0.5,0,0,0.5,0.460326813036876,"PPW",0.406133991508768,0.114578253958346,0.87,0.9,100,-0.093866008491232,0.093866008491232,-0.0541928215281075,0.0541928215281075,0.08,0.0499999999999999
"Pearson","L_Y_dich_3_5__K_X_sev",20,0.5,0.5,0,0,0.5,0.460326813036876,"OPW",0.445975905250071,0.124916286914551,0.9,0.87,100,-0.0540240947499292,0.0540240947499292,-0.0143509077868047,0.0143509077868047,0.0499999999999999,0.08
"Pearson","L_Y_dich_3_5__K_X_sev",20,0.5,0.5,0,4,0.5,0.387076834631654,"no_weight",0.387076834631654,0.135297452065469,0.85,0.85,100,-0.112923165368346,0.112923165368346,0,0,0.1,0.1
"Pearson","L_Y_dich_3_5__K_X_sev",20,0.5,0.5,0,4,0.5,0.387076834631654,"CW",0.39149824350245,0.136491662055681,0.84,0.84,100,-0.10850175649755,0.10850175649755,0.00442140887079656,0.00442140887079656,0.11,0.11
"Pearson","L_Y_dich_3_5__K_X_sev",20,0.5,0.5,0,4,0.5,0.387076834631654,"PPW",0.369449280754138,0.124988517539104,0.83,0.9,100,-0.130550719245862,0.130550719245862,-0.0176275538775161,0.0176275538775161,0.12,0.0499999999999999
"Pearson","L_Y_dich_3_5__K_X_sev",20,0.5,0.5,0,4,0.5,0.387076834631654,"OPW",0.390658995017797,0.133791033474137,0.84,0.83,100,-0.109341004982203,0.109341004982203,0.00358216038614345,0.00358216038614345,0.11,0.12
"Pearson","L_Y_dich_3_5__K_X_sev",20,0.5,0.5,4,0,0.5,0.37987803383539,"no_weight",0.37987803383539,0.132772534010617,0.84,0.89,100,-0.12012196616461,0.12012196616461,0,0,0.11,0.0599999999999999
"Pearson","L_Y_dich_3_5__K_X_sev",20,0.5,0.5,4,0,0.5,0.37987803383539,"CW",0.397713795396384,0.134244980447354,0.87,0.91,100,-0.102286204603616,0.102286204603616,0.017835761560994,0.017835761560994,0.08,0.0399999999999999
"Pearson","L_Y_dich_3_5__K_X_sev",20,0.5,0.5,4,0,0.5,0.37987803383539,"PPW",0.356618268078696,0.122623827701793,0.77,0.92,100,-0.143381731921304,0.143381731921304,-0.0232597657566944,0.0232597657566944,0.18,0.0299999999999999
"Pearson","L_Y_dich_3_5__K_X_sev",20,0.5,0.5,4,0,0.5,0.37987803383539,"OPW",0.392073121226948,0.129541799617106,0.85,0.91,100,-0.107926878773052,0.107926878773052,0.0121950873915579,0.0121950873915579,0.1,0.0399999999999999
"Pearson","L_Y_dich_3_5__K_X_sev",20,0.5,0.5,4,4,0.5,0.360183382543429,"no_weight",0.360183382543429,0.137305016040418,0.78,0.84,100,-0.139816617456571,0.139816617456571,0,0,0.17,0.11
"Pearson","L_Y_dich_3_5__K_X_sev",20,0.5,0.5,4,4,0.5,0.360183382543429,"CW",0.353059272740844,0.144586268421705,0.79,0.86,100,-0.146940727259156,0.146940727259156,-0.00712410980258532,0.00712410980258532,0.16,0.09
"Pearson","L_Y_dich_3_5__K_X_sev",20,0.5,0.5,4,4,0.5,0.360183382543429,"PPW",0.349997962524831,0.130129008659612,0.8,0.9,100,-0.150002037475169,0.150002037475169,-0.0101854200185977,0.0101854200185977,0.15,0.0499999999999999
"Pearson","L_Y_dich_3_5__K_X_sev",20,0.5,0.5,4,4,0.5,0.360183382543429,"OPW",0.352983731466476,0.142850145395906,0.79,0.87,100,-0.147016268533524,0.147016268533524,-0.00719965107695347,0.00719965107695347,0.16,0.08
"Pearson","L_Y_dich_4_5__K_X_dich_1_5",20,0,0,0,0,0,-0.0199637926057045,"no_weight",-0.0199637926057045,0.162509347941674,0.88,0.86,100,-0.0199637926057045,0.0199637926057045,0,0,0.07,0.09
"Pearson","L_Y_dich_4_5__K_X_dich_1_5",20,0,0,0,0,0,-0.0199637926057045,"CW",-0.0190950472862701,0.16217256659962,0.89,0.86,100,-0.0190950472862701,0.0190950472862701,0.000868745319434462,0.000868745319434462,0.0599999999999999,0.09
"Pearson","L_Y_dich_4_5__K_X_dich_1_5",20,0,0,0,0,0,-0.0199637926057045,"PPW",-0.0155674157828166,0.136151789299879,0.93,0.92,100,-0.0155674157828166,0.0155674157828166,0.00439637682288796,0.00439637682288796,0.0199999999999999,0.0299999999999999
"Pearson","L_Y_dich_4_5__K_X_dich_1_5",20,0,0,0,0,0,-0.0199637926057045,"OPW",-0.0171962243296188,0.157477766215717,0.9,0.91,100,-0.0171962243296188,0.0171962243296188,0.00276756827608577,0.00276756827608577,0.0499999999999999,0.0399999999999999
"Pearson","L_Y_dich_4_5__K_X_dich_1_5",20,0,0,0,4,0,-0.00225587854175545,"no_weight",-0.00225587854175545,0.163720846101758,0.87,0.88,100,-0.00225587854175545,0.00225587854175545,0,0,0.08,0.07
"Pearson","L_Y_dich_4_5__K_X_dich_1_5",20,0,0,0,4,0,-0.00225587854175545,"CW",0.00104113349710805,0.166185250853956,0.91,0.91,100,0.00104113349710805,0.00104113349710805,0.0032970120388635,0.0032970120388635,0.0399999999999999,0.0399999999999999
"Pearson","L_Y_dich_4_5__K_X_dich_1_5",20,0,0,0,4,0,-0.00225587854175545,"PPW",0.00544772422873614,0.146481859084575,0.91,0.91,100,0.00544772422873614,0.00544772422873614,0.00770360277049159,0.00770360277049159,0.0399999999999999,0.0399999999999999
"Pearson","L_Y_dich_4_5__K_X_dich_1_5",20,0,0,0,4,0,-0.00225587854175545,"OPW",0.00141344962383343,0.163226533296217,0.9,0.9,100,0.00141344962383343,0.00141344962383343,0.00366932816558887,0.00366932816558887,0.0499999999999999,0.0499999999999999
"Pearson","L_Y_dich_4_5__K_X_dich_1_5",20,0,0,4,0,0,0.0127474969761225,"no_weight",0.0127474969761225,0.157700200709008,0.92,0.91,100,0.0127474969761225,0.0127474969761225,0,0,0.0299999999999999,0.0399999999999999
"Pearson","L_Y_dich_4_5__K_X_dich_1_5",20,0,0,4,0,0,0.0127474969761225,"CW",0.0128939663092042,0.163818507859304,0.87,0.87,100,0.0128939663092042,0.0128939663092042,0.000146469333081741,0.000146469333081741,0.08,0.08
"Pearson","L_Y_dich_4_5__K_X_dich_1_5",20,0,0,4,0,0,0.0127474969761225,"PPW",0.00633413500348281,0.131976739138846,0.92,0.91,100,0.00633413500348281,0.00633413500348281,-0.00641336197263969,0.00641336197263969,0.0299999999999999,0.0399999999999999
"Pearson","L_Y_dich_4_5__K_X_dich_1_5",20,0,0,4,0,0,0.0127474969761225,"OPW",0.0149358163883175,0.156264475494272,0.9,0.9,100,0.0149358163883175,0.0149358163883175,0.002188319412195,0.002188319412195,0.0499999999999999,0.0499999999999999
"Pearson","L_Y_dich_4_5__K_X_dich_1_5",20,0,0,4,4,0,0.0175583440275304,"no_weight",0.0175583440275304,0.160584836987019,0.87,0.89,100,0.0175583440275304,0.0175583440275304,0,0,0.08,0.0599999999999999
"Pearson","L_Y_dich_4_5__K_X_dich_1_5",20,0,0,4,4,0,0.0175583440275304,"CW",0.0138685351420662,0.166902466517565,0.86,0.87,100,0.0138685351420662,0.0138685351420662,-0.00368980888546416,0.00368980888546416,0.09,0.08
"Pearson","L_Y_dich_4_5__K_X_dich_1_5",20,0,0,4,4,0,0.0175583440275304,"PPW",0.00524404988572555,0.14226390472865,0.89,0.87,100,0.00524404988572555,0.00524404988572555,-0.0123142941418048,0.0123142941418048,0.0599999999999999,0.08
"Pearson","L_Y_dich_4_5__K_X_dich_1_5",20,0,0,4,4,0,0.0175583440275304,"OPW",0.00786575162982539,0.162335123972143,0.89,0.88,100,0.00786575162982539,0.00786575162982539,-0.009692592397705,0.009692592397705,0.0599999999999999,0.07
"Pearson","L_Y_dich_4_5__K_X_dich_1_5",20,0,0.5,0,0,0.4,0.377924280252174,"no_weight",0.377924280252174,0.134290131539649,0.92,0.89,100,-0.0220757197478256,0.0220757197478256,0,0,0.0299999999999999,0.0599999999999999
"Pearson","L_Y_dich_4_5__K_X_dich_1_5",20,0,0.5,0,0,0.4,0.377924280252174,"CW",0.379908703780557,0.133597488459516,0.92,0.91,100,-0.0200912962194434,0.0200912962194434,0.00198442352838213,0.00198442352838213,0.0299999999999999,0.0399999999999999
"Pearson","L_Y_dich_4_5__K_X_dich_1_5",20,0,0.5,0,0,0.4,0.377924280252174,"PPW",0.311456672613371,0.122563920095613,0.88,0.9,100,-0.0885433273866288,0.0885433273866288,-0.0664676076388032,0.0664676076388032,0.07,0.0499999999999999
"Pearson","L_Y_dich_4_5__K_X_dich_1_5",20,0,0.5,0,0,0.4,0.377924280252174,"OPW",0.366972740654398,0.132402514917006,0.88,0.89,100,-0.0330272593456017,0.0330272593456017,-0.0109515395977762,0.0109515395977762,0.07,0.0599999999999999
"Pearson","L_Y_dich_4_5__K_X_dich_1_5",20,0,0.5,0,4,0.4,0.294136570753405,"no_weight",0.294136570753405,0.139801836765555,0.81,0.87,100,-0.105863429246595,0.105863429246595,0,0,0.14,0.08
"Pearson","L_Y_dich_4_5__K_X_dich_1_5",20,0,0.5,0,4,0.4,0.294136570753405,"CW",0.322489541686763,0.139134180839548,0.85,0.9,100,-0.0775104583132374,0.0775104583132374,0.0283529709333576,0.0283529709333576,0.1,0.0499999999999999
"Pearson","L_Y_dich_4_5__K_X_dich_1_5",20,0,0.5,0,4,0.4,0.294136570753405,"PPW",0.269383684049268,0.125798305535221,0.78,0.92,100,-0.130616315950732,0.130616315950732,-0.0247528867041373,0.0247528867041373,0.17,0.0299999999999999
"Pearson","L_Y_dich_4_5__K_X_dich_1_5",20,0,0.5,0,4,0.4,0.294136570753405,"OPW",0.320392473302987,0.137226373652157,0.84,0.9,100,-0.0796075266970129,0.0796075266970129,0.026255902549582,0.026255902549582,0.11,0.0499999999999999
"Pearson","L_Y_dich_4_5__K_X_dich_1_5",20,0,0.5,4,0,0.4,0.308793840705643,"no_weight",0.308793840705643,0.13723942550444,0.79,0.83,100,-0.0912061592943569,0.0912061592943569,0,0,0.16,0.12
"Pearson","L_Y_dich_4_5__K_X_dich_1_5",20,0,0.5,4,0,0.4,0.308793840705643,"CW",0.331522749471104,0.138148090255811,0.83,0.88,100,-0.0684772505288958,0.0684772505288958,0.0227289087654612,0.0227289087654612,0.12,0.07
"Pearson","L_Y_dich_4_5__K_X_dich_1_5",20,0,0.5,4,0,0.4,0.308793840705643,"PPW",0.254663755177039,0.122571918639238,0.72,0.86,100,-0.145336244822961,0.145336244822961,-0.0541300855286042,0.0541300855286042,0.23,0.09
"Pearson","L_Y_dich_4_5__K_X_dich_1_5",20,0,0.5,4,0,0.4,0.308793840705643,"OPW",0.311442794425592,0.135914096453958,0.79,0.87,100,-0.0885572055744079,0.0885572055744079,0.00264895371994905,0.00264895371994905,0.16,0.08
"Pearson","L_Y_dich_4_5__K_X_dich_1_5",20,0,0.5,4,4,0.4,0.282697896382999,"no_weight",0.282697896382999,0.148930249498372,0.8,0.83,100,-0.117302103617001,0.117302103617001,0,0,0.15,0.12
"Pearson","L_Y_dich_4_5__K_X_dich_1_5",20,0,0.5,4,4,0.4,0.282697896382999,"CW",0.299404437938845,0.155837112339728,0.85,0.85,100,-0.100595562061155,0.100595562061155,0.0167065415558464,0.0167065415558464,0.1,0.1
"Pearson","L_Y_dich_4_5__K_X_dich_1_5",20,0,0.5,4,4,0.4,0.282697896382999,"PPW",0.233433386989548,0.137863645586743,0.71,0.83,100,-0.166566613010452,0.166566613010452,-0.0492645093934501,0.0492645093934501,0.24,0.12
"Pearson","L_Y_dich_4_5__K_X_dich_1_5",20,0,0.5,4,4,0.4,0.282697896382999,"OPW",0.277475962666851,0.153514988836533,0.8,0.84,100,-0.122524037333149,0.122524037333149,-0.00522193371614721,0.00522193371614721,0.15,0.11
"Pearson","L_Y_dich_4_5__K_X_dich_1_5",20,0.5,0,0,0,0.1,0.109346255644978,"no_weight",0.109346255644978,0.163207281315602,0.93,0.93,100,0.00934625564497769,0.00934625564497769,0,0,0.0199999999999999,0.0199999999999999
"Pearson","L_Y_dich_4_5__K_X_dich_1_5",20,0.5,0,0,0,0.1,0.109346255644978,"CW",0.108110166212168,0.163318615520353,0.93,0.92,100,0.00811016621216795,0.00811016621216795,-0.00123608943280974,0.00123608943280974,0.0199999999999999,0.0299999999999999
"Pearson","L_Y_dich_4_5__K_X_dich_1_5",20,0.5,0,0,0,0.1,0.109346255644978,"PPW",0.125259647257779,0.137548998574296,0.92,0.93,100,0.0252596472577794,0.0252596472577794,0.0159133916128017,0.0159133916128017,0.0299999999999999,0.0199999999999999
"Pearson","L_Y_dich_4_5__K_X_dich_1_5",20,0.5,0,0,0,0.1,0.109346255644978,"OPW",0.110089904389677,0.158616416393533,0.9,0.91,100,0.0100899043896772,0.0100899043896772,0.000743648744699538,0.000743648744699538,0.0499999999999999,0.0399999999999999
"Pearson","L_Y_dich_4_5__K_X_dich_1_5",20,0.5,0,0,4,0.1,0.0467613058560301,"no_weight",0.0467613058560301,0.161558979358561,0.84,0.87,100,-0.0532386941439699,0.0532386941439699,0,0,0.11,0.08
"Pearson","L_Y_dich_4_5__K_X_dich_1_5",20,0.5,0,0,4,0.1,0.0467613058560301,"CW",0.0231314133403272,0.166473338467646,0.86,0.9,100,-0.0768685866596728,0.0768685866596728,-0.0236298925157029,0.0236298925157029,0.09,0.0499999999999999
"Pearson","L_Y_dich_4_5__K_X_dich_1_5",20,0.5,0,0,4,0.1,0.0467613058560301,"PPW",0.0648939634795619,0.145240613304494,0.89,0.91,100,-0.0351060365204381,0.0351060365204381,0.0181326576235318,0.0181326576235318,0.0599999999999999,0.0399999999999999
"Pearson","L_Y_dich_4_5__K_X_dich_1_5",20,0.5,0,0,4,0.1,0.0467613058560301,"OPW",0.0327240967587211,0.162093771664431,0.88,0.89,100,-0.0672759032412789,0.0672759032412789,-0.0140372090973089,0.0140372090973089,0.07,0.0599999999999999
"Pearson","L_Y_dich_4_5__K_X_dich_1_5",20,0.5,0,4,0,0.1,0.092803515459299,"no_weight",0.092803515459299,0.157679026412958,0.88,0.86,100,-0.00719648454070099,0.00719648454070099,0,0,0.07,0.09
"Pearson","L_Y_dich_4_5__K_X_dich_1_5",20,0.5,0,4,0,0.1,0.092803515459299,"CW",0.0745276457700203,0.162574155710437,0.86,0.87,100,-0.0254723542299797,0.0254723542299797,-0.0182758696892787,0.0182758696892787,0.09,0.08
"Pearson","L_Y_dich_4_5__K_X_dich_1_5",20,0.5,0,4,0,0.1,0.092803515459299,"PPW",0.107816827368871,0.131731928989475,0.9,0.89,100,0.00781682736887133,0.00781682736887133,0.0150133119095723,0.0150133119095723,0.0499999999999999,0.0599999999999999
"Pearson","L_Y_dich_4_5__K_X_dich_1_5",20,0.5,0,4,0,0.1,0.092803515459299,"OPW",0.086062953479752,0.156591659263966,0.85,0.85,100,-0.013937046520248,0.013937046520248,-0.00674056197954703,0.00674056197954703,0.1,0.1
"Pearson","L_Y_dich_4_5__K_X_dich_1_5",20,0.5,0,4,4,0.1,0.0907784391345714,"no_weight",0.0907784391345714,0.166310054880733,0.86,0.87,100,-0.00922156086542865,0.00922156086542865,0,0,0.09,0.08
"Pearson","L_Y_dich_4_5__K_X_dich_1_5",20,0.5,0,4,4,0.1,0.0907784391345714,"CW",0.0397946168327839,0.176180327568743,0.87,0.87,100,-0.0602053831672161,0.0602053831672161,-0.0509838223017874,0.0509838223017874,0.08,0.08
"Pearson","L_Y_dich_4_5__K_X_dich_1_5",20,0.5,0,4,4,0.1,0.0907784391345714,"PPW",0.0832351348514117,0.151354038247157,0.91,0.91,100,-0.0167648651485883,0.0167648651485883,-0.00754330428315962,0.00754330428315962,0.0399999999999999,0.0399999999999999
"Pearson","L_Y_dich_4_5__K_X_dich_1_5",20,0.5,0,4,4,0.1,0.0907784391345714,"OPW",0.0453064622848204,0.171426633984569,0.89,0.9,100,-0.0546935377151796,0.0546935377151796,-0.045471976849751,0.045471976849751,0.0599999999999999,0.0499999999999999
"Pearson","L_Y_dich_4_5__K_X_dich_1_5",20,0.5,0.5,0,0,0.5,0.460326813036876,"no_weight",0.460326813036876,0.128944741373147,0.89,0.89,100,-0.0396731869631245,0.0396731869631245,0,0,0.0599999999999999,0.0599999999999999
"Pearson","L_Y_dich_4_5__K_X_dich_1_5",20,0.5,0.5,0,0,0.5,0.460326813036876,"CW",0.459378150100537,0.128715490784522,0.91,0.88,100,-0.0406218498994634,0.0406218498994634,-0.00094866293633894,0.00094866293633894,0.0399999999999999,0.07
"Pearson","L_Y_dich_4_5__K_X_dich_1_5",20,0.5,0.5,0,0,0.5,0.460326813036876,"PPW",0.417854009093066,0.114492080088935,0.83,0.87,100,-0.082145990906934,0.082145990906934,-0.0424728039438095,0.0424728039438095,0.12,0.08
"Pearson","L_Y_dich_4_5__K_X_dich_1_5",20,0.5,0.5,0,0,0.5,0.460326813036876,"OPW",0.453756099228656,0.126348233944365,0.87,0.89,100,-0.0462439007713443,0.0462439007713443,-0.00657071380821977,0.00657071380821977,0.08,0.0599999999999999
"Pearson","L_Y_dich_4_5__K_X_dich_1_5",20,0.5,0.5,0,4,0.5,0.387076834631654,"no_weight",0.387076834631654,0.135297452065469,0.85,0.85,100,-0.112923165368346,0.112923165368346,0,0,0.1,0.1
"Pearson","L_Y_dich_4_5__K_X_dich_1_5",20,0.5,0.5,0,4,0.5,0.387076834631654,"CW",0.39149824350245,0.136491662055681,0.84,0.84,100,-0.10850175649755,0.10850175649755,0.00442140887079656,0.00442140887079656,0.11,0.11
"Pearson","L_Y_dich_4_5__K_X_dich_1_5",20,0.5,0.5,0,4,0.5,0.387076834631654,"PPW",0.365588328144442,0.121052723387135,0.8,0.88,100,-0.134411671855558,0.134411671855558,-0.0214885064872121,0.0214885064872121,0.15,0.07
"Pearson","L_Y_dich_4_5__K_X_dich_1_5",20,0.5,0.5,0,4,0.5,0.387076834631654,"OPW",0.387490668760254,0.135139490859974,0.85,0.86,100,-0.112509331239746,0.112509331239746,0.000413834128600354,0.000413834128600354,0.1,0.09
"Pearson","L_Y_dich_4_5__K_X_dich_1_5",20,0.5,0.5,4,0,0.5,0.37987803383539,"no_weight",0.37987803383539,0.132772534010617,0.84,0.89,100,-0.12012196616461,0.12012196616461,0,0,0.11,0.0599999999999999
"Pearson","L_Y_dich_4_5__K_X_dich_1_5",20,0.5,0.5,4,0,0.5,0.37987803383539,"CW",0.397713795396384,0.134244980447354,0.87,0.91,100,-0.102286204603616,0.102286204603616,0.017835761560994,0.017835761560994,0.08,0.0399999999999999
"Pearson","L_Y_dich_4_5__K_X_dich_1_5",20,0.5,0.5,4,0,0.5,0.37987803383539,"PPW",0.363177196918821,0.113719647971128,0.78,0.92,100,-0.136822803081179,0.136822803081179,-0.0167008369165688,0.0167008369165688,0.17,0.0299999999999999
"Pearson","L_Y_dich_4_5__K_X_dich_1_5",20,0.5,0.5,4,0,0.5,0.37987803383539,"OPW",0.396120756091555,0.12935597998169,0.85,0.87,100,-0.103879243908445,0.103879243908445,0.0162427222561643,0.0162427222561643,0.1,0.08
"Pearson","L_Y_dich_4_5__K_X_dich_1_5",20,0.5,0.5,4,4,0.5,0.360183382543429,"no_weight",0.360183382543429,0.137305016040418,0.78,0.84,100,-0.139816617456571,0.139816617456571,0,0,0.17,0.11
"Pearson","L_Y_dich_4_5__K_X_dich_1_5",20,0.5,0.5,4,4,0.5,0.360183382543429,"CW",0.353059272740844,0.144586268421705,0.79,0.86,100,-0.146940727259156,0.146940727259156,-0.00712410980258532,0.00712410980258532,0.16,0.09
"Pearson","L_Y_dich_4_5__K_X_dich_1_5",20,0.5,0.5,4,4,0.5,0.360183382543429,"PPW",0.338977758023227,0.124607874353432,0.71,0.87,100,-0.161022241976773,0.161022241976773,-0.0212056245202017,0.0212056245202017,0.24,0.08
"Pearson","L_Y_dich_4_5__K_X_dich_1_5",20,0.5,0.5,4,4,0.5,0.360183382543429,"OPW",0.345800547526098,0.14330418445775,0.78,0.87,100,-0.154199452473902,0.154199452473902,-0.0143828350173307,0.0143828350173307,0.17,0.08
"Pearson","L_Y_dich_4_5__K_X_dich_2_5",20,0,0,0,0,0,-0.0199637926057045,"no_weight",-0.0199637926057045,0.162509347941674,0.88,0.86,100,-0.0199637926057045,0.0199637926057045,0,0,0.07,0.09
"Pearson","L_Y_dich_4_5__K_X_dich_2_5",20,0,0,0,0,0,-0.0199637926057045,"CW",-0.0190950472862701,0.16217256659962,0.89,0.86,100,-0.0190950472862701,0.0190950472862701,0.000868745319434462,0.000868745319434462,0.0599999999999999,0.09
"Pearson","L_Y_dich_4_5__K_X_dich_2_5",20,0,0,0,0,0,-0.0199637926057045,"PPW",-0.0146761592071294,0.135860963798463,0.9,0.9,100,-0.0146761592071294,0.0146761592071294,0.00528763339857517,0.00528763339857517,0.0499999999999999,0.0499999999999999
"Pearson","L_Y_dich_4_5__K_X_dich_2_5",20,0,0,0,0,0,-0.0199637926057045,"OPW",-0.0142283594290401,0.158141771689178,0.92,0.91,100,-0.0142283594290401,0.0142283594290401,0.0057354331766644,0.0057354331766644,0.0299999999999999,0.0399999999999999
"Pearson","L_Y_dich_4_5__K_X_dich_2_5",20,0,0,0,4,0,-0.00225587854175545,"no_weight",-0.00225587854175545,0.163720846101758,0.87,0.88,100,-0.00225587854175545,0.00225587854175545,0,0,0.08,0.07
"Pearson","L_Y_dich_4_5__K_X_dich_2_5",20,0,0,0,4,0,-0.00225587854175545,"CW",0.00104113349710805,0.166185250853956,0.91,0.91,100,0.00104113349710805,0.00104113349710805,0.0032970120388635,0.0032970120388635,0.0399999999999999,0.0399999999999999
"Pearson","L_Y_dich_4_5__K_X_dich_2_5",20,0,0,0,4,0,-0.00225587854175545,"PPW",-0.00499757362601502,0.145970058941363,0.92,0.92,100,-0.00499757362601502,0.00499757362601502,-0.00274169508425957,0.00274169508425957,0.0299999999999999,0.0299999999999999
"Pearson","L_Y_dich_4_5__K_X_dich_2_5",20,0,0,0,4,0,-0.00225587854175545,"OPW",-0.00465008745556779,0.163495630681854,0.9,0.9,100,-0.00465008745556779,0.00465008745556779,-0.00239420891381235,0.00239420891381235,0.0499999999999999,0.0499999999999999
"Pearson","L_Y_dich_4_5__K_X_dich_2_5",20,0,0,4,0,0,0.0127474969761225,"no_weight",0.0127474969761225,0.157700200709008,0.92,0.91,100,0.0127474969761225,0.0127474969761225,0,0,0.0299999999999999,0.0399999999999999
"Pearson","L_Y_dich_4_5__K_X_dich_2_5",20,0,0,4,0,0,0.0127474969761225,"CW",0.0128939663092042,0.163818507859304,0.87,0.87,100,0.0128939663092042,0.0128939663092042,0.000146469333081741,0.000146469333081741,0.08,0.08
"Pearson","L_Y_dich_4_5__K_X_dich_2_5",20,0,0,4,0,0,0.0127474969761225,"PPW",0.0051387520571635,0.143767059913917,0.93,0.94,100,0.0051387520571635,0.0051387520571635,-0.00760874491895901,0.00760874491895901,0.0199999999999999,0.01
"Pearson","L_Y_dich_4_5__K_X_dich_2_5",20,0,0,4,0,0,0.0127474969761225,"OPW",0.0118799982292479,0.160926021366521,0.91,0.9,100,0.0118799982292479,0.0118799982292479,-0.00086749874687465,0.00086749874687465,0.0399999999999999,0.0499999999999999
"Pearson","L_Y_dich_4_5__K_X_dich_2_5",20,0,0,4,4,0,0.0175583440275304,"no_weight",0.0175583440275304,0.160584836987019,0.87,0.89,100,0.0175583440275304,0.0175583440275304,0,0,0.08,0.0599999999999999
"Pearson","L_Y_dich_4_5__K_X_dich_2_5",20,0,0,4,4,0,0.0175583440275304,"CW",0.0138685351420662,0.166902466517565,0.86,0.87,100,0.0138685351420662,0.0138685351420662,-0.00368980888546416,0.00368980888546416,0.09,0.08
"Pearson","L_Y_dich_4_5__K_X_dich_2_5",20,0,0,4,4,0,0.0175583440275304,"PPW",-0.00448024293961138,0.153249954034622,0.89,0.88,100,-0.00448024293961138,0.00448024293961138,-0.0220385869671418,0.0220385869671418,0.0599999999999999,0.07
"Pearson","L_Y_dich_4_5__K_X_dich_2_5",20,0,0,4,4,0,0.0175583440275304,"OPW",0.00027935046931401,0.165833516119786,0.87,0.87,100,0.00027935046931401,0.00027935046931401,-0.0172789935582164,0.0172789935582164,0.08,0.08
"Pearson","L_Y_dich_4_5__K_X_dich_2_5",20,0,0.5,0,0,0.4,0.377924280252174,"no_weight",0.377924280252174,0.134290131539649,0.92,0.89,100,-0.0220757197478256,0.0220757197478256,0,0,0.0299999999999999,0.0599999999999999
"Pearson","L_Y_dich_4_5__K_X_dich_2_5",20,0,0.5,0,0,0.4,0.377924280252174,"CW",0.379908703780557,0.133597488459516,0.92,0.91,100,-0.0200912962194434,0.0200912962194434,0.00198442352838213,0.00198442352838213,0.0299999999999999,0.0399999999999999
"Pearson","L_Y_dich_4_5__K_X_dich_2_5",20,0,0.5,0,0,0.4,0.377924280252174,"PPW",0.303671298395738,0.123077611944156,0.84,0.89,100,-0.0963287016042621,0.0963287016042621,-0.0742529818564365,0.0742529818564365,0.11,0.0599999999999999
"Pearson","L_Y_dich_4_5__K_X_dich_2_5",20,0,0.5,0,0,0.4,0.377924280252174,"OPW",0.362134299316372,0.133916084004798,0.91,0.91,100,-0.0378657006836285,0.0378657006836285,-0.0157899809358029,0.0157899809358029,0.0399999999999999,0.0399999999999999
"Pearson","L_Y_dich_4_5__K_X_dich_2_5",20,0,0.5,0,4,0.4,0.294136570753405,"no_weight",0.294136570753405,0.139801836765555,0.81,0.87,100,-0.105863429246595,0.105863429246595,0,0,0.14,0.08
"Pearson","L_Y_dich_4_5__K_X_dich_2_5",20,0,0.5,0,4,0.4,0.294136570753405,"CW",0.322489541686763,0.139134180839548,0.85,0.9,100,-0.0775104583132374,0.0775104583132374,0.0283529709333576,0.0283529709333576,0.1,0.0499999999999999
"Pearson","L_Y_dich_4_5__K_X_dich_2_5",20,0,0.5,0,4,0.4,0.294136570753405,"PPW",0.26065684815934,0.132815750068473,0.73,0.88,100,-0.13934315184066,0.13934315184066,-0.0334797225940648,0.0334797225940648,0.22,0.07
"Pearson","L_Y_dich_4_5__K_X_dich_2_5",20,0,0.5,0,4,0.4,0.294136570753405,"OPW",0.30908687817722,0.140698593740024,0.82,0.9,100,-0.0909131218227803,0.0909131218227803,0.0149503074238147,0.0149503074238147,0.13,0.0499999999999999
"Pearson","L_Y_dich_4_5__K_X_dich_2_5",20,0,0.5,4,0,0.4,0.308793840705643,"no_weight",0.308793840705643,0.13723942550444,0.79,0.83,100,-0.0912061592943569,0.0912061592943569,0,0,0.16,0.12
"Pearson","L_Y_dich_4_5__K_X_dich_2_5",20,0,0.5,4,0,0.4,0.308793840705643,"CW",0.331522749471104,0.138148090255811,0.83,0.88,100,-0.0684772505288958,0.0684772505288958,0.0227289087654612,0.0227289087654612,0.12,0.07
"Pearson","L_Y_dich_4_5__K_X_dich_2_5",20,0,0.5,4,0,0.4,0.308793840705643,"PPW",0.276834265804516,0.128379656741562,0.7,0.88,100,-0.123165734195484,0.123165734195484,-0.0319595749011273,0.0319595749011273,0.25,0.07
"Pearson","L_Y_dich_4_5__K_X_dich_2_5",20,0,0.5,4,0,0.4,0.308793840705643,"OPW",0.31704474941354,0.137855653341297,0.81,0.88,100,-0.0829552505864602,0.0829552505864602,0.00825090870789669,0.00825090870789669,0.14,0.07
"Pearson","L_Y_dich_4_5__K_X_dich_2_5",20,0,0.5,4,4,0.4,0.282697896382999,"no_weight",0.282697896382999,0.148930249498372,0.8,0.83,100,-0.117302103617001,0.117302103617001,0,0,0.15,0.12
"Pearson","L_Y_dich_4_5__K_X_dich_2_5",20,0,0.5,4,4,0.4,0.282697896382999,"CW",0.299404437938845,0.155837112339728,0.85,0.85,100,-0.100595562061155,0.100595562061155,0.0167065415558464,0.0167065415558464,0.1,0.1
"Pearson","L_Y_dich_4_5__K_X_dich_2_5",20,0,0.5,4,4,0.4,0.282697896382999,"PPW",0.250226672414699,0.152212953674766,0.78,0.87,100,-0.149773327585301,0.149773327585301,-0.0324712239682994,0.0324712239682994,0.17,0.08
"Pearson","L_Y_dich_4_5__K_X_dich_2_5",20,0,0.5,4,4,0.4,0.282697896382999,"OPW",0.280205010172457,0.159219764164067,0.83,0.86,100,-0.119794989827543,0.119794989827543,-0.00249288621054128,0.00249288621054128,0.12,0.09
"Pearson","L_Y_dich_4_5__K_X_dich_2_5",20,0.5,0,0,0,0.1,0.109346255644978,"no_weight",0.109346255644978,0.163207281315602,0.93,0.93,100,0.00934625564497769,0.00934625564497769,0,0,0.0199999999999999,0.0199999999999999
"Pearson","L_Y_dich_4_5__K_X_dich_2_5",20,0.5,0,0,0,0.1,0.109346255644978,"CW",0.108110166212168,0.163318615520353,0.93,0.92,100,0.00811016621216795,0.00811016621216795,-0.00123608943280974,0.00123608943280974,0.0199999999999999,0.0299999999999999
"Pearson","L_Y_dich_4_5__K_X_dich_2_5",20,0.5,0,0,0,0.1,0.109346255644978,"PPW",0.124451512670377,0.136808110718385,0.92,0.92,100,0.0244515126703774,0.0244515126703774,0.0151052570253997,0.0151052570253997,0.0299999999999999,0.0299999999999999
"Pearson","L_Y_dich_4_5__K_X_dich_2_5",20,0.5,0,0,0,0.1,0.109346255644978,"OPW",0.111856094713879,0.158896724726547,0.92,0.93,100,0.0118560947138794,0.0118560947138794,0.00250983906890166,0.00250983906890166,0.0299999999999999,0.0199999999999999
"Pearson","L_Y_dich_4_5__K_X_dich_2_5",20,0.5,0,0,4,0.1,0.0467613058560301,"no_weight",0.0467613058560301,0.161558979358561,0.84,0.87,100,-0.0532386941439699,0.0532386941439699,0,0,0.11,0.08
"Pearson","L_Y_dich_4_5__K_X_dich_2_5",20,0.5,0,0,4,0.1,0.0467613058560301,"CW",0.0231314133403272,0.166473338467646,0.86,0.9,100,-0.0768685866596728,0.0768685866596728,-0.0236298925157029,0.0236298925157029,0.09,0.0499999999999999
"Pearson","L_Y_dich_4_5__K_X_dich_2_5",20,0.5,0,0,4,0.1,0.0467613058560301,"PPW",0.051983282531823,0.145340324910745,0.88,0.9,100,-0.048016717468177,0.048016717468177,0.00522197667579292,0.00522197667579292,0.07,0.0499999999999999
"Pearson","L_Y_dich_4_5__K_X_dich_2_5",20,0.5,0,0,4,0.1,0.0467613058560301,"OPW",0.0263984535898368,0.16240071163469,0.88,0.89,100,-0.0736015464101632,0.0736015464101632,-0.0203628522661933,0.0203628522661933,0.07,0.0599999999999999
"Pearson","L_Y_dich_4_5__K_X_dich_2_5",20,0.5,0,4,0,0.1,0.092803515459299,"no_weight",0.092803515459299,0.157679026412958,0.88,0.86,100,-0.00719648454070099,0.00719648454070099,0,0,0.07,0.09
"Pearson","L_Y_dich_4_5__K_X_dich_2_5",20,0.5,0,4,0,0.1,0.092803515459299,"CW",0.0745276457700203,0.162574155710437,0.86,0.87,100,-0.0254723542299797,0.0254723542299797,-0.0182758696892787,0.0182758696892787,0.09,0.08
"Pearson","L_Y_dich_4_5__K_X_dich_2_5",20,0.5,0,4,0,0.1,0.092803515459299,"PPW",0.103052759608605,0.146170499042326,0.89,0.89,100,0.00305275960860507,0.00305275960860507,0.0102492441493061,0.0102492441493061,0.0599999999999999,0.0599999999999999
"Pearson","L_Y_dich_4_5__K_X_dich_2_5",20,0.5,0,4,0,0.1,0.092803515459299,"OPW",0.0892649788462142,0.162133396019555,0.86,0.86,100,-0.0107350211537858,0.0107350211537858,-0.00353853661308479,0.00353853661308479,0.09,0.09
"Pearson","L_Y_dich_4_5__K_X_dich_2_5",20,0.5,0,4,4,0.1,0.0907784391345714,"no_weight",0.0907784391345714,0.166310054880733,0.86,0.87,100,-0.00922156086542865,0.00922156086542865,0,0,0.09,0.08
"Pearson","L_Y_dich_4_5__K_X_dich_2_5",20,0.5,0,4,4,0.1,0.0907784391345714,"CW",0.0397946168327839,0.176180327568743,0.87,0.87,100,-0.0602053831672161,0.0602053831672161,-0.0509838223017874,0.0509838223017874,0.08,0.08
"Pearson","L_Y_dich_4_5__K_X_dich_2_5",20,0.5,0,4,4,0.1,0.0907784391345714,"PPW",0.0639961053093554,0.162764470879725,0.86,0.87,100,-0.0360038946906446,0.0360038946906446,-0.0267823338252159,0.0267823338252159,0.09,0.08
"Pearson","L_Y_dich_4_5__K_X_dich_2_5",20,0.5,0,4,4,0.1,0.0907784391345714,"OPW",0.0439725046194082,0.173498477401837,0.85,0.84,100,-0.0560274953805918,0.0560274953805918,-0.0468059345151632,0.0468059345151632,0.1,0.11
"Pearson","L_Y_dich_4_5__K_X_dich_2_5",20,0.5,0.5,0,0,0.5,0.460326813036876,"no_weight",0.460326813036876,0.128944741373147,0.89,0.89,100,-0.0396731869631245,0.0396731869631245,0,0,0.0599999999999999,0.0599999999999999
"Pearson","L_Y_dich_4_5__K_X_dich_2_5",20,0.5,0.5,0,0,0.5,0.460326813036876,"CW",0.459378150100537,0.128715490784522,0.91,0.88,100,-0.0406218498994634,0.0406218498994634,-0.00094866293633894,0.00094866293633894,0.0399999999999999,0.07
"Pearson","L_Y_dich_4_5__K_X_dich_2_5",20,0.5,0.5,0,0,0.5,0.460326813036876,"PPW",0.416703548448529,0.117139672180666,0.82,0.87,100,-0.0832964515514713,0.0832964515514713,-0.0436232645883468,0.0436232645883468,0.13,0.08
"Pearson","L_Y_dich_4_5__K_X_dich_2_5",20,0.5,0.5,0,0,0.5,0.460326813036876,"OPW",0.454258711483043,0.127147896602268,0.88,0.91,100,-0.0457412885169575,0.0457412885169575,-0.00606810155383297,0.00606810155383297,0.07,0.0399999999999999
"Pearson","L_Y_dich_4_5__K_X_dich_2_5",20,0.5,0.5,0,4,0.5,0.387076834631654,"no_weight",0.387076834631654,0.135297452065469,0.85,0.85,100,-0.112923165368346,0.112923165368346,0,0,0.1,0.1
"Pearson","L_Y_dich_4_5__K_X_dich_2_5",20,0.5,0.5,0,4,0.5,0.387076834631654,"CW",0.39149824350245,0.136491662055681,0.84,0.84,100,-0.10850175649755,0.10850175649755,0.00442140887079656,0.00442140887079656,0.11,0.11
"Pearson","L_Y_dich_4_5__K_X_dich_2_5",20,0.5,0.5,0,4,0.5,0.387076834631654,"PPW",0.368143381203793,0.129032245133085,0.8,0.88,100,-0.131856618796207,0.131856618796207,-0.0189334534278613,0.0189334534278613,0.15,0.07
"Pearson","L_Y_dich_4_5__K_X_dich_2_5",20,0.5,0.5,0,4,0.5,0.387076834631654,"OPW",0.385210477702752,0.137254914376278,0.82,0.85,100,-0.114789522297248,0.114789522297248,-0.00186635692890147,0.00186635692890147,0.13,0.1
"Pearson","L_Y_dich_4_5__K_X_dich_2_5",20,0.5,0.5,4,0,0.5,0.37987803383539,"no_weight",0.37987803383539,0.132772534010617,0.84,0.89,100,-0.12012196616461,0.12012196616461,0,0,0.11,0.0599999999999999
"Pearson","L_Y_dich_4_5__K_X_dich_2_5",20,0.5,0.5,4,0,0.5,0.37987803383539,"CW",0.397713795396384,0.134244980447354,0.87,0.91,100,-0.102286204603616,0.102286204603616,0.017835761560994,0.017835761560994,0.08,0.0399999999999999
"Pearson","L_Y_dich_4_5__K_X_dich_2_5",20,0.5,0.5,4,0,0.5,0.37987803383539,"PPW",0.372073680851583,0.124466960861208,0.81,0.93,100,-0.127926319148417,0.127926319148417,-0.00780435298380711,0.00780435298380711,0.14,0.0199999999999999
"Pearson","L_Y_dich_4_5__K_X_dich_2_5",20,0.5,0.5,4,0,0.5,0.37987803383539,"OPW",0.398986182320429,0.133277844957364,0.87,0.89,100,-0.101013817679571,0.101013817679571,0.019108148485039,0.019108148485039,0.08,0.0599999999999999
"Pearson","L_Y_dich_4_5__K_X_dich_2_5",20,0.5,0.5,4,4,0.5,0.360183382543429,"no_weight",0.360183382543429,0.137305016040418,0.78,0.84,100,-0.139816617456571,0.139816617456571,0,0,0.17,0.11
"Pearson","L_Y_dich_4_5__K_X_dich_2_5",20,0.5,0.5,4,4,0.5,0.360183382543429,"CW",0.353059272740844,0.144586268421705,0.79,0.86,100,-0.146940727259156,0.146940727259156,-0.00712410980258532,0.00712410980258532,0.16,0.09
"Pearson","L_Y_dich_4_5__K_X_dich_2_5",20,0.5,0.5,4,4,0.5,0.360183382543429,"PPW",0.352994202102283,0.138762522958365,0.81,0.87,100,-0.147005797897717,0.147005797897717,-0.00718918044114625,0.00718918044114625,0.14,0.08
"Pearson","L_Y_dich_4_5__K_X_dich_2_5",20,0.5,0.5,4,4,0.5,0.360183382543429,"OPW",0.35999562146805,0.147166960504886,0.82,0.85,100,-0.14000437853195,0.14000437853195,-0.000187761075378601,0.000187761075378601,0.13,0.1
"Pearson","L_Y_dich_4_5__K_X_dich_3_5",20,0,0,0,0,0,-0.0199637926057045,"no_weight",-0.0199637926057045,0.162509347941674,0.88,0.86,100,-0.0199637926057045,0.0199637926057045,0,0,0.07,0.09
"Pearson","L_Y_dich_4_5__K_X_dich_3_5",20,0,0,0,0,0,-0.0199637926057045,"CW",-0.0190950472862701,0.16217256659962,0.89,0.86,100,-0.0190950472862701,0.0190950472862701,0.000868745319434462,0.000868745319434462,0.0599999999999999,0.09
"Pearson","L_Y_dich_4_5__K_X_dich_3_5",20,0,0,0,0,0,-0.0199637926057045,"PPW",-0.0151583036591017,0.15641730697853,0.9,0.89,100,-0.0151583036591017,0.0151583036591017,0.0048054889466028,0.0048054889466028,0.0499999999999999,0.0599999999999999
"Pearson","L_Y_dich_4_5__K_X_dich_3_5",20,0,0,0,0,0,-0.0199637926057045,"OPW",-0.0153285658938365,0.163926717922913,0.9,0.87,100,-0.0153285658938365,0.0153285658938365,0.00463522671186803,0.00463522671186803,0.0499999999999999,0.08
"Pearson","L_Y_dich_4_5__K_X_dich_3_5",20,0,0,0,4,0,-0.00225587854175545,"no_weight",-0.00225587854175545,0.163720846101758,0.87,0.88,100,-0.00225587854175545,0.00225587854175545,0,0,0.08,0.07
"Pearson","L_Y_dich_4_5__K_X_dich_3_5",20,0,0,0,4,0,-0.00225587854175545,"CW",0.00104113349710805,0.166185250853956,0.91,0.91,100,0.00104113349710805,0.00104113349710805,0.0032970120388635,0.0032970120388635,0.0399999999999999,0.0399999999999999
"Pearson","L_Y_dich_4_5__K_X_dich_3_5",20,0,0,0,4,0,-0.00225587854175545,"PPW",-0.0145191244539262,0.162182519896569,0.92,0.92,100,-0.0145191244539262,0.0145191244539262,-0.0122632459121708,0.0122632459121708,0.0299999999999999,0.0299999999999999
"Pearson","L_Y_dich_4_5__K_X_dich_3_5",20,0,0,0,4,0,-0.00225587854175545,"OPW",-0.000736536164413424,0.164556320721856,0.92,0.92,100,-0.000736536164413424,0.000736536164413424,0.00151934237734202,0.00151934237734202,0.0299999999999999,0.0299999999999999
"Pearson","L_Y_dich_4_5__K_X_dich_3_5",20,0,0,4,0,0,0.0127474969761225,"no_weight",0.0127474969761225,0.157700200709008,0.92,0.91,100,0.0127474969761225,0.0127474969761225,0,0,0.0299999999999999,0.0399999999999999
"Pearson","L_Y_dich_4_5__K_X_dich_3_5",20,0,0,4,0,0,0.0127474969761225,"CW",0.0128939663092042,0.163818507859304,0.87,0.87,100,0.0128939663092042,0.0128939663092042,0.000146469333081741,0.000146469333081741,0.08,0.08
"Pearson","L_Y_dich_4_5__K_X_dich_3_5",20,0,0,4,0,0,0.0127474969761225,"PPW",0.0173236497150931,0.175836017086153,0.87,0.87,100,0.0173236497150931,0.0173236497150931,0.00457615273897054,0.00457615273897054,0.08,0.08
"Pearson","L_Y_dich_4_5__K_X_dich_3_5",20,0,0,4,0,0,0.0127474969761225,"OPW",0.0123433012425056,0.16725254652072,0.87,0.86,100,0.0123433012425056,0.0123433012425056,-0.000404195733616919,0.000404195733616919,0.08,0.09
"Pearson","L_Y_dich_4_5__K_X_dich_3_5",20,0,0,4,4,0,0.0175583440275304,"no_weight",0.0175583440275304,0.160584836987019,0.87,0.89,100,0.0175583440275304,0.0175583440275304,0,0,0.08,0.0599999999999999
"Pearson","L_Y_dich_4_5__K_X_dich_3_5",20,0,0,4,4,0,0.0175583440275304,"CW",0.0138685351420662,0.166902466517565,0.86,0.87,100,0.0138685351420662,0.0138685351420662,-0.00368980888546416,0.00368980888546416,0.09,0.08
"Pearson","L_Y_dich_4_5__K_X_dich_3_5",20,0,0,4,4,0,0.0175583440275304,"PPW",0.0189867241715237,0.172348853406806,0.84,0.85,100,0.0189867241715237,0.0189867241715237,0.00142838014399334,0.00142838014399334,0.11,0.1
"Pearson","L_Y_dich_4_5__K_X_dich_3_5",20,0,0,4,4,0,0.0175583440275304,"OPW",0.0124405861385141,0.168082699106466,0.88,0.87,100,0.0124405861385141,0.0124405861385141,-0.00511775788901626,0.00511775788901626,0.07,0.08
"Pearson","L_Y_dich_4_5__K_X_dich_3_5",20,0,0.5,0,0,0.4,0.377924280252174,"no_weight",0.377924280252174,0.134290131539649,0.92,0.89,100,-0.0220757197478256,0.0220757197478256,0,0,0.0299999999999999,0.0599999999999999
"Pearson","L_Y_dich_4_5__K_X_dich_3_5",20,0,0.5,0,0,0.4,0.377924280252174,"CW",0.379908703780557,0.133597488459516,0.92,0.91,100,-0.0200912962194434,0.0200912962194434,0.00198442352838213,0.00198442352838213,0.0299999999999999,0.0399999999999999
"Pearson","L_Y_dich_4_5__K_X_dich_3_5",20,0,0.5,0,0,0.4,0.377924280252174,"PPW",0.344413520197584,0.132195332546235,0.93,0.94,100,-0.0555864798024162,0.0555864798024162,-0.0335107600545906,0.0335107600545906,0.0199999999999999,0.01
"Pearson","L_Y_dich_4_5__K_X_dich_3_5",20,0,0.5,0,0,0.4,0.377924280252174,"OPW",0.37069895290558,0.135083661632675,0.92,0.91,100,-0.0293010470944201,0.0293010470944201,-0.00722532734659453,0.00722532734659453,0.0299999999999999,0.0399999999999999
"Pearson","L_Y_dich_4_5__K_X_dich_3_5",20,0,0.5,0,4,0.4,0.294136570753405,"no_weight",0.294136570753405,0.139801836765555,0.81,0.87,100,-0.105863429246595,0.105863429246595,0,0,0.14,0.08
"Pearson","L_Y_dich_4_5__K_X_dich_3_5",20,0,0.5,0,4,0.4,0.294136570753405,"CW",0.322489541686763,0.139134180839548,0.85,0.9,100,-0.0775104583132374,0.0775104583132374,0.0283529709333576,0.0283529709333576,0.1,0.0499999999999999
"Pearson","L_Y_dich_4_5__K_X_dich_3_5",20,0,0.5,0,4,0.4,0.294136570753405,"PPW",0.289166153873118,0.146920838121938,0.85,0.89,100,-0.110833846126882,0.110833846126882,-0.0049704168802866,0.0049704168802866,0.1,0.0599999999999999
"Pearson","L_Y_dich_4_5__K_X_dich_3_5",20,0,0.5,0,4,0.4,0.294136570753405,"OPW",0.310791781402159,0.143985530089002,0.85,0.9,100,-0.0892082185978414,0.0892082185978414,0.0166552106487536,0.0166552106487536,0.1,0.0499999999999999
"Pearson","L_Y_dich_4_5__K_X_dich_3_5",20,0,0.5,4,0,0.4,0.308793840705643,"no_weight",0.308793840705643,0.13723942550444,0.79,0.83,100,-0.0912061592943569,0.0912061592943569,0,0,0.16,0.12
"Pearson","L_Y_dich_4_5__K_X_dich_3_5",20,0,0.5,4,0,0.4,0.308793840705643,"CW",0.331522749471104,0.138148090255811,0.83,0.88,100,-0.0684772505288958,0.0684772505288958,0.0227289087654612,0.0227289087654612,0.12,0.07
"Pearson","L_Y_dich_4_5__K_X_dich_3_5",20,0,0.5,4,0,0.4,0.308793840705643,"PPW",0.337518896408432,0.142414005248028,0.87,0.83,100,-0.0624811035915678,0.0624811035915678,0.0287250557027891,0.0287250557027891,0.08,0.12
"Pearson","L_Y_dich_4_5__K_X_dich_3_5",20,0,0.5,4,0,0.4,0.308793840705643,"OPW",0.331427459364388,0.139599590815364,0.86,0.87,100,-0.0685725406356117,0.0685725406356117,0.0226336186587452,0.0226336186587452,0.09,0.08
"Pearson","L_Y_dich_4_5__K_X_dich_3_5",20,0,0.5,4,4,0.4,0.282697896382999,"no_weight",0.282697896382999,0.148930249498372,0.8,0.83,100,-0.117302103617001,0.117302103617001,0,0,0.15,0.12
"Pearson","L_Y_dich_4_5__K_X_dich_3_5",20,0,0.5,4,4,0.4,0.282697896382999,"CW",0.299404437938845,0.155837112339728,0.85,0.85,100,-0.100595562061155,0.100595562061155,0.0167065415558464,0.0167065415558464,0.1,0.1
"Pearson","L_Y_dich_4_5__K_X_dich_3_5",20,0,0.5,4,4,0.4,0.282697896382999,"PPW",0.306577752540535,0.161132473367868,0.84,0.83,100,-0.0934222474594647,0.0934222474594647,0.0238798561575367,0.0238798561575367,0.11,0.12
"Pearson","L_Y_dich_4_5__K_X_dich_3_5",20,0,0.5,4,4,0.4,0.282697896382999,"OPW",0.299303258302341,0.157957788622765,0.85,0.86,100,-0.100696741697659,0.100696741697659,0.0166053619193424,0.0166053619193424,0.1,0.09
"Pearson","L_Y_dich_4_5__K_X_dich_3_5",20,0.5,0,0,0,0.1,0.109346255644978,"no_weight",0.109346255644978,0.163207281315602,0.93,0.93,100,0.00934625564497769,0.00934625564497769,0,0,0.0199999999999999,0.0199999999999999
"Pearson","L_Y_dich_4_5__K_X_dich_3_5",20,0.5,0,0,0,0.1,0.109346255644978,"CW",0.108110166212168,0.163318615520353,0.93,0.92,100,0.00811016621216795,0.00811016621216795,-0.00123608943280974,0.00123608943280974,0.0199999999999999,0.0299999999999999
"Pearson","L_Y_dich_4_5__K_X_dich_3_5",20,0.5,0,0,0,0.1,0.109346255644978,"PPW",0.135746777392557,0.156321578279034,0.94,0.94,100,0.035746777392557,0.035746777392557,0.0264005217475794,0.0264005217475794,0.01,0.01
"Pearson","L_Y_dich_4_5__K_X_dich_3_5",20,0.5,0,0,0,0.1,0.109346255644978,"OPW",0.125577427979829,0.162670626811373,0.94,0.95,100,0.0255774279798293,0.0255774279798293,0.0162311723348516,0.0162311723348516,0.01,0
"Pearson","L_Y_dich_4_5__K_X_dich_3_5",20,0.5,0,0,4,0.1,0.0467613058560301,"no_weight",0.0467613058560301,0.161558979358561,0.84,0.87,100,-0.0532386941439699,0.0532386941439699,0,0,0.11,0.08
"Pearson","L_Y_dich_4_5__K_X_dich_3_5",20,0.5,0,0,4,0.1,0.0467613058560301,"CW",0.0231314133403272,0.166473338467646,0.86,0.9,100,-0.0768685866596728,0.0768685866596728,-0.0236298925157029,0.0236298925157029,0.09,0.0499999999999999
"Pearson","L_Y_dich_4_5__K_X_dich_3_5",20,0.5,0,0,4,0.1,0.0467613058560301,"PPW",0.0266561868157318,0.163013050695785,0.85,0.91,100,-0.0733438131842682,0.0733438131842682,-0.0201051190402983,0.0201051190402983,0.1,0.0399999999999999
"Pearson","L_Y_dich_4_5__K_X_dich_3_5",20,0.5,0,0,4,0.1,0.0467613058560301,"OPW",0.0261791646957799,0.166962315480251,0.84,0.9,100,-0.0738208353042201,0.0738208353042201,-0.0205821411602502,0.0205821411602502,0.11,0.0499999999999999
"Pearson","L_Y_dich_4_5__K_X_dich_3_5",20,0.5,0,4,0,0.1,0.092803515459299,"no_weight",0.092803515459299,0.157679026412958,0.88,0.86,100,-0.00719648454070099,0.00719648454070099,0,0,0.07,0.09
"Pearson","L_Y_dich_4_5__K_X_dich_3_5",20,0.5,0,4,0,0.1,0.092803515459299,"CW",0.0745276457700203,0.162574155710437,0.86,0.87,100,-0.0254723542299797,0.0254723542299797,-0.0182758696892787,0.0182758696892787,0.09,0.08
"Pearson","L_Y_dich_4_5__K_X_dich_3_5",20,0.5,0,4,0,0.1,0.092803515459299,"PPW",0.0915599257966946,0.169107832411958,0.82,0.83,100,-0.00844007420330542,0.00844007420330542,-0.00124358966260443,0.00124358966260443,0.13,0.12
"Pearson","L_Y_dich_4_5__K_X_dich_3_5",20,0.5,0,4,0,0.1,0.092803515459299,"OPW",0.0889006370257391,0.164003220382519,0.88,0.87,100,-0.0110993629742609,0.0110993629742609,-0.00390287843355988,0.00390287843355988,0.07,0.08
"Pearson","L_Y_dich_4_5__K_X_dich_3_5",20,0.5,0,4,4,0.1,0.0907784391345714,"no_weight",0.0907784391345714,0.166310054880733,0.86,0.87,100,-0.00922156086542865,0.00922156086542865,0,0,0.09,0.08
"Pearson","L_Y_dich_4_5__K_X_dich_3_5",20,0.5,0,4,4,0.1,0.0907784391345714,"CW",0.0397946168327839,0.176180327568743,0.87,0.87,100,-0.0602053831672161,0.0602053831672161,-0.0509838223017874,0.0509838223017874,0.08,0.08
"Pearson","L_Y_dich_4_5__K_X_dich_3_5",20,0.5,0,4,4,0.1,0.0907784391345714,"PPW",0.0615992529881598,0.183283284823199,0.85,0.85,100,-0.0384007470118402,0.0384007470118402,-0.0291791861464115,0.0291791861464115,0.1,0.1
"Pearson","L_Y_dich_4_5__K_X_dich_3_5",20,0.5,0,4,4,0.1,0.0907784391345714,"OPW",0.0512744594683998,0.177960966191526,0.86,0.85,100,-0.0487255405316002,0.0487255405316002,-0.0395039796661716,0.0395039796661716,0.09,0.1
"Pearson","L_Y_dich_4_5__K_X_dich_3_5",20,0.5,0.5,0,0,0.5,0.460326813036876,"no_weight",0.460326813036876,0.128944741373147,0.89,0.89,100,-0.0396731869631245,0.0396731869631245,0,0,0.0599999999999999,0.0599999999999999
"Pearson","L_Y_dich_4_5__K_X_dich_3_5",20,0.5,0.5,0,0,0.5,0.460326813036876,"CW",0.459378150100537,0.128715490784522,0.91,0.88,100,-0.0406218498994634,0.0406218498994634,-0.00094866293633894,0.00094866293633894,0.0399999999999999,0.07
"Pearson","L_Y_dich_4_5__K_X_dich_3_5",20,0.5,0.5,0,0,0.5,0.460326813036876,"PPW",0.457472330177408,0.127538714489789,0.92,0.89,100,-0.0425276698225924,0.0425276698225924,-0.00285448285946793,0.00285448285946793,0.0299999999999999,0.0599999999999999
"Pearson","L_Y_dich_4_5__K_X_dich_3_5",20,0.5,0.5,0,0,0.5,0.460326813036876,"OPW",0.468199075309417,0.128061682612073,0.91,0.91,100,-0.031800924690583,0.031800924690583,0.00787226227254145,0.00787226227254145,0.0399999999999999,0.0399999999999999
"Pearson","L_Y_dich_4_5__K_X_dich_3_5",20,0.5,0.5,0,4,0.5,0.387076834631654,"no_weight",0.387076834631654,0.135297452065469,0.85,0.85,100,-0.112923165368346,0.112923165368346,0,0,0.1,0.1
"Pearson","L_Y_dich_4_5__K_X_dich_3_5",20,0.5,0.5,0,4,0.5,0.387076834631654,"CW",0.39149824350245,0.136491662055681,0.84,0.84,100,-0.10850175649755,0.10850175649755,0.00442140887079656,0.00442140887079656,0.11,0.11
"Pearson","L_Y_dich_4_5__K_X_dich_3_5",20,0.5,0.5,0,4,0.5,0.387076834631654,"PPW",0.388874041535225,0.141258860135655,0.82,0.82,100,-0.111125958464775,0.111125958464775,0.00179720690357082,0.00179720690357082,0.13,0.13
"Pearson","L_Y_dich_4_5__K_X_dich_3_5",20,0.5,0.5,0,4,0.5,0.387076834631654,"OPW",0.396161087485145,0.136957086223878,0.85,0.83,100,-0.103838912514855,0.103838912514855,0.00908425285349146,0.00908425285349146,0.1,0.12
"Pearson","L_Y_dich_4_5__K_X_dich_3_5",20,0.5,0.5,4,0,0.5,0.37987803383539,"no_weight",0.37987803383539,0.132772534010617,0.84,0.89,100,-0.12012196616461,0.12012196616461,0,0,0.11,0.0599999999999999
"Pearson","L_Y_dich_4_5__K_X_dich_3_5",20,0.5,0.5,4,0,0.5,0.37987803383539,"CW",0.397713795396384,0.134244980447354,0.87,0.91,100,-0.102286204603616,0.102286204603616,0.017835761560994,0.017835761560994,0.08,0.0399999999999999
"Pearson","L_Y_dich_4_5__K_X_dich_3_5",20,0.5,0.5,4,0,0.5,0.37987803383539,"PPW",0.419527485598036,0.136684827635047,0.91,0.83,100,-0.0804725144019642,0.0804725144019642,0.0396494517626456,0.0396494517626456,0.0399999999999999,0.12
"Pearson","L_Y_dich_4_5__K_X_dich_3_5",20,0.5,0.5,4,0,0.5,0.37987803383539,"OPW",0.407017245619418,0.134346389884334,0.89,0.89,100,-0.0929827543805823,0.0929827543805823,0.0271392117840275,0.0271392117840275,0.0599999999999999,0.0599999999999999
"Pearson","L_Y_dich_4_5__K_X_dich_3_5",20,0.5,0.5,4,4,0.5,0.360183382543429,"no_weight",0.360183382543429,0.137305016040418,0.78,0.84,100,-0.139816617456571,0.139816617456571,0,0,0.17,0.11
"Pearson","L_Y_dich_4_5__K_X_dich_3_5",20,0.5,0.5,4,4,0.5,0.360183382543429,"CW",0.353059272740844,0.144586268421705,0.79,0.86,100,-0.146940727259156,0.146940727259156,-0.00712410980258532,0.00712410980258532,0.16,0.09
"Pearson","L_Y_dich_4_5__K_X_dich_3_5",20,0.5,0.5,4,4,0.5,0.360183382543429,"PPW",0.371632275854149,0.149626129438578,0.83,0.87,100,-0.128367724145851,0.128367724145851,0.0114488933107201,0.0114488933107201,0.12,0.08
"Pearson","L_Y_dich_4_5__K_X_dich_3_5",20,0.5,0.5,4,4,0.5,0.360183382543429,"OPW",0.364102322570806,0.144662126668884,0.82,0.87,100,-0.135897677429194,0.135897677429194,0.00391894002737658,0.00391894002737658,0.13,0.08
"Pearson","L_Y_dich_4_5__K_X_dich_4_5",20,0,0,0,0,0,-0.0199637926057045,"no_weight",-0.0199637926057045,0.162509347941674,0.88,0.86,100,-0.0199637926057045,0.0199637926057045,0,0,0.07,0.09
"Pearson","L_Y_dich_4_5__K_X_dich_4_5",20,0,0,0,0,0,-0.0199637926057045,"CW",-0.0190950472862701,0.16217256659962,0.89,0.86,100,-0.0190950472862701,0.0190950472862701,0.000868745319434462,0.000868745319434462,0.0599999999999999,0.09
"Pearson","L_Y_dich_4_5__K_X_dich_4_5",20,0,0,0,0,0,-0.0199637926057045,"PPW",-0.0190950472862701,0.16217256659962,0.89,0.86,100,-0.0190950472862701,0.0190950472862701,0.000868745319434462,0.000868745319434462,0.0599999999999999,0.09
"Pearson","L_Y_dich_4_5__K_X_dich_4_5",20,0,0,0,0,0,-0.0199637926057045,"OPW",-0.0190950472862701,0.16217256659962,0.89,0.86,100,-0.0190950472862701,0.0190950472862701,0.000868745319434462,0.000868745319434462,0.0599999999999999,0.09
"Pearson","L_Y_dich_4_5__K_X_dich_4_5",20,0,0,0,4,0,-0.00225587854175545,"no_weight",-0.00225587854175545,0.163720846101758,0.87,0.88,100,-0.00225587854175545,0.00225587854175545,0,0,0.08,0.07
"Pearson","L_Y_dich_4_5__K_X_dich_4_5",20,0,0,0,4,0,-0.00225587854175545,"CW",0.00104113349710805,0.166185250853956,0.91,0.91,100,0.00104113349710805,0.00104113349710805,0.0032970120388635,0.0032970120388635,0.0399999999999999,0.0399999999999999
"Pearson","L_Y_dich_4_5__K_X_dich_4_5",20,0,0,0,4,0,-0.00225587854175545,"PPW",0.00104113349710805,0.166185250853956,0.91,0.91,100,0.00104113349710805,0.00104113349710805,0.0032970120388635,0.0032970120388635,0.0399999999999999,0.0399999999999999
"Pearson","L_Y_dich_4_5__K_X_dich_4_5",20,0,0,0,4,0,-0.00225587854175545,"OPW",0.00104113349710805,0.166185250853956,0.91,0.91,100,0.00104113349710805,0.00104113349710805,0.0032970120388635,0.0032970120388635,0.0399999999999999,0.0399999999999999
"Pearson","L_Y_dich_4_5__K_X_dich_4_5",20,0,0,4,0,0,0.0127474969761225,"no_weight",0.0127474969761225,0.157700200709008,0.92,0.91,100,0.0127474969761225,0.0127474969761225,0,0,0.0299999999999999,0.0399999999999999
"Pearson","L_Y_dich_4_5__K_X_dich_4_5",20,0,0,4,0,0,0.0127474969761225,"CW",0.0128939663092042,0.163818507859304,0.87,0.87,100,0.0128939663092042,0.0128939663092042,0.000146469333081741,0.000146469333081741,0.08,0.08
"Pearson","L_Y_dich_4_5__K_X_dich_4_5",20,0,0,4,0,0,0.0127474969761225,"PPW",0.0128939663092042,0.163818507859304,0.87,0.87,100,0.0128939663092042,0.0128939663092042,0.000146469333081741,0.000146469333081741,0.08,0.08
"Pearson","L_Y_dich_4_5__K_X_dich_4_5",20,0,0,4,0,0,0.0127474969761225,"OPW",0.0128939663092042,0.163818507859304,0.87,0.87,100,0.0128939663092042,0.0128939663092042,0.000146469333081741,0.000146469333081741,0.08,0.08
"Pearson","L_Y_dich_4_5__K_X_dich_4_5",20,0,0,4,4,0,0.0175583440275304,"no_weight",0.0175583440275304,0.160584836987019,0.87,0.89,100,0.0175583440275304,0.0175583440275304,0,0,0.08,0.0599999999999999
"Pearson","L_Y_dich_4_5__K_X_dich_4_5",20,0,0,4,4,0,0.0175583440275304,"CW",0.0138685351420662,0.166902466517565,0.86,0.87,100,0.0138685351420662,0.0138685351420662,-0.00368980888546416,0.00368980888546416,0.09,0.08
"Pearson","L_Y_dich_4_5__K_X_dich_4_5",20,0,0,4,4,0,0.0175583440275304,"PPW",0.0138685351420662,0.166902466517565,0.86,0.87,100,0.0138685351420662,0.0138685351420662,-0.00368980888546416,0.00368980888546416,0.09,0.08
"Pearson","L_Y_dich_4_5__K_X_dich_4_5",20,0,0,4,4,0,0.0175583440275304,"OPW",0.0138685351420662,0.166902466517565,0.86,0.87,100,0.0138685351420662,0.0138685351420662,-0.00368980888546416,0.00368980888546416,0.09,0.08
"Pearson","L_Y_dich_4_5__K_X_dich_4_5",20,0,0.5,0,0,0.4,0.377924280252174,"no_weight",0.377924280252174,0.134290131539649,0.92,0.89,100,-0.0220757197478256,0.0220757197478256,0,0,0.0299999999999999,0.0599999999999999
"Pearson","L_Y_dich_4_5__K_X_dich_4_5",20,0,0.5,0,0,0.4,0.377924280252174,"CW",0.379908703780557,0.133597488459516,0.92,0.91,100,-0.0200912962194434,0.0200912962194434,0.00198442352838213,0.00198442352838213,0.0299999999999999,0.0399999999999999
"Pearson","L_Y_dich_4_5__K_X_dich_4_5",20,0,0.5,0,0,0.4,0.377924280252174,"PPW",0.379908703780557,0.133597488459516,0.92,0.91,100,-0.0200912962194434,0.0200912962194434,0.00198442352838213,0.00198442352838213,0.0299999999999999,0.0399999999999999
"Pearson","L_Y_dich_4_5__K_X_dich_4_5",20,0,0.5,0,0,0.4,0.377924280252174,"OPW",0.379908703780557,0.133597488459516,0.92,0.91,100,-0.0200912962194434,0.0200912962194434,0.00198442352838213,0.00198442352838213,0.0299999999999999,0.0399999999999999
"Pearson","L_Y_dich_4_5__K_X_dich_4_5",20,0,0.5,0,4,0.4,0.294136570753405,"no_weight",0.294136570753405,0.139801836765555,0.81,0.87,100,-0.105863429246595,0.105863429246595,0,0,0.14,0.08
"Pearson","L_Y_dich_4_5__K_X_dich_4_5",20,0,0.5,0,4,0.4,0.294136570753405,"CW",0.322489541686763,0.139134180839548,0.85,0.9,100,-0.0775104583132374,0.0775104583132374,0.0283529709333576,0.0283529709333576,0.1,0.0499999999999999
"Pearson","L_Y_dich_4_5__K_X_dich_4_5",20,0,0.5,0,4,0.4,0.294136570753405,"PPW",0.322489541686763,0.139134180839548,0.85,0.9,100,-0.0775104583132374,0.0775104583132374,0.0283529709333576,0.0283529709333576,0.1,0.0499999999999999
"Pearson","L_Y_dich_4_5__K_X_dich_4_5",20,0,0.5,0,4,0.4,0.294136570753405,"OPW",0.322489541686763,0.139134180839548,0.85,0.9,100,-0.0775104583132374,0.0775104583132374,0.0283529709333576,0.0283529709333576,0.1,0.0499999999999999
"Pearson","L_Y_dich_4_5__K_X_dich_4_5",20,0,0.5,4,0,0.4,0.308793840705643,"no_weight",0.308793840705643,0.13723942550444,0.79,0.83,100,-0.0912061592943569,0.0912061592943569,0,0,0.16,0.12
"Pearson","L_Y_dich_4_5__K_X_dich_4_5",20,0,0.5,4,0,0.4,0.308793840705643,"CW",0.331522749471104,0.138148090255811,0.83,0.88,100,-0.0684772505288958,0.0684772505288958,0.0227289087654612,0.0227289087654612,0.12,0.07
"Pearson","L_Y_dich_4_5__K_X_dich_4_5",20,0,0.5,4,0,0.4,0.308793840705643,"PPW",0.331522749471104,0.138148090255811,0.83,0.88,100,-0.0684772505288958,0.0684772505288958,0.0227289087654612,0.0227289087654612,0.12,0.07
"Pearson","L_Y_dich_4_5__K_X_dich_4_5",20,0,0.5,4,0,0.4,0.308793840705643,"OPW",0.331522749471104,0.138148090255811,0.83,0.88,100,-0.0684772505288958,0.0684772505288958,0.0227289087654612,0.0227289087654612,0.12,0.07
"Pearson","L_Y_dich_4_5__K_X_dich_4_5",20,0,0.5,4,4,0.4,0.282697896382999,"no_weight",0.282697896382999,0.148930249498372,0.8,0.83,100,-0.117302103617001,0.117302103617001,0,0,0.15,0.12
"Pearson","L_Y_dich_4_5__K_X_dich_4_5",20,0,0.5,4,4,0.4,0.282697896382999,"CW",0.299404437938845,0.155837112339728,0.85,0.85,100,-0.100595562061155,0.100595562061155,0.0167065415558464,0.0167065415558464,0.1,0.1
"Pearson","L_Y_dich_4_5__K_X_dich_4_5",20,0,0.5,4,4,0.4,0.282697896382999,"PPW",0.299404437938845,0.155837112339728,0.85,0.85,100,-0.100595562061155,0.100595562061155,0.0167065415558464,0.0167065415558464,0.1,0.1
"Pearson","L_Y_dich_4_5__K_X_dich_4_5",20,0,0.5,4,4,0.4,0.282697896382999,"OPW",0.299404437938845,0.155837112339728,0.85,0.85,100,-0.100595562061155,0.100595562061155,0.0167065415558464,0.0167065415558464,0.1,0.1
"Pearson","L_Y_dich_4_5__K_X_dich_4_5",20,0.5,0,0,0,0.1,0.109346255644978,"no_weight",0.109346255644978,0.163207281315602,0.93,0.93,100,0.00934625564497769,0.00934625564497769,0,0,0.0199999999999999,0.0199999999999999
"Pearson","L_Y_dich_4_5__K_X_dich_4_5",20,0.5,0,0,0,0.1,0.109346255644978,"CW",0.108110166212168,0.163318615520353,0.93,0.92,100,0.00811016621216795,0.00811016621216795,-0.00123608943280974,0.00123608943280974,0.0199999999999999,0.0299999999999999
"Pearson","L_Y_dich_4_5__K_X_dich_4_5",20,0.5,0,0,0,0.1,0.109346255644978,"PPW",0.108110166212168,0.163318615520353,0.93,0.92,100,0.00811016621216795,0.00811016621216795,-0.00123608943280974,0.00123608943280974,0.0199999999999999,0.0299999999999999
"Pearson","L_Y_dich_4_5__K_X_dich_4_5",20,0.5,0,0,0,0.1,0.109346255644978,"OPW",0.108110166212168,0.163318615520353,0.93,0.92,100,0.00811016621216795,0.00811016621216795,-0.00123608943280974,0.00123608943280974,0.0199999999999999,0.0299999999999999
"Pearson","L_Y_dich_4_5__K_X_dich_4_5",20,0.5,0,0,4,0.1,0.0467613058560301,"no_weight",0.0467613058560301,0.161558979358561,0.84,0.87,100,-0.0532386941439699,0.0532386941439699,0,0,0.11,0.08
"Pearson","L_Y_dich_4_5__K_X_dich_4_5",20,0.5,0,0,4,0.1,0.0467613058560301,"CW",0.0231314133403272,0.166473338467646,0.86,0.9,100,-0.0768685866596728,0.0768685866596728,-0.0236298925157029,0.0236298925157029,0.09,0.0499999999999999
"Pearson","L_Y_dich_4_5__K_X_dich_4_5",20,0.5,0,0,4,0.1,0.0467613058560301,"PPW",0.0231314133403272,0.166473338467646,0.86,0.9,100,-0.0768685866596728,0.0768685866596728,-0.0236298925157029,0.0236298925157029,0.09,0.0499999999999999
"Pearson","L_Y_dich_4_5__K_X_dich_4_5",20,0.5,0,0,4,0.1,0.0467613058560301,"OPW",0.0231314133403272,0.166473338467646,0.86,0.9,100,-0.0768685866596728,0.0768685866596728,-0.0236298925157029,0.0236298925157029,0.09,0.0499999999999999
"Pearson","L_Y_dich_4_5__K_X_dich_4_5",20,0.5,0,4,0,0.1,0.092803515459299,"no_weight",0.092803515459299,0.157679026412958,0.88,0.86,100,-0.00719648454070099,0.00719648454070099,0,0,0.07,0.09
"Pearson","L_Y_dich_4_5__K_X_dich_4_5",20,0.5,0,4,0,0.1,0.092803515459299,"CW",0.0745276457700203,0.162574155710437,0.86,0.87,100,-0.0254723542299797,0.0254723542299797,-0.0182758696892787,0.0182758696892787,0.09,0.08
"Pearson","L_Y_dich_4_5__K_X_dich_4_5",20,0.5,0,4,0,0.1,0.092803515459299,"PPW",0.0745276457700203,0.162574155710437,0.86,0.87,100,-0.0254723542299797,0.0254723542299797,-0.0182758696892787,0.0182758696892787,0.09,0.08
"Pearson","L_Y_dich_4_5__K_X_dich_4_5",20,0.5,0,4,0,0.1,0.092803515459299,"OPW",0.0745276457700203,0.162574155710437,0.86,0.87,100,-0.0254723542299797,0.0254723542299797,-0.0182758696892787,0.0182758696892787,0.09,0.08
"Pearson","L_Y_dich_4_5__K_X_dich_4_5",20,0.5,0,4,4,0.1,0.0907784391345714,"no_weight",0.0907784391345714,0.166310054880733,0.86,0.87,100,-0.00922156086542865,0.00922156086542865,0,0,0.09,0.08
"Pearson","L_Y_dich_4_5__K_X_dich_4_5",20,0.5,0,4,4,0.1,0.0907784391345714,"CW",0.0397946168327839,0.176180327568743,0.87,0.87,100,-0.0602053831672161,0.0602053831672161,-0.0509838223017874,0.0509838223017874,0.08,0.08
"Pearson","L_Y_dich_4_5__K_X_dich_4_5",20,0.5,0,4,4,0.1,0.0907784391345714,"PPW",0.0397946168327839,0.176180327568743,0.87,0.87,100,-0.0602053831672161,0.0602053831672161,-0.0509838223017874,0.0509838223017874,0.08,0.08
"Pearson","L_Y_dich_4_5__K_X_dich_4_5",20,0.5,0,4,4,0.1,0.0907784391345714,"OPW",0.0397946168327839,0.176180327568743,0.87,0.87,100,-0.0602053831672161,0.0602053831672161,-0.0509838223017874,0.0509838223017874,0.08,0.08
"Pearson","L_Y_dich_4_5__K_X_dich_4_5",20,0.5,0.5,0,0,0.5,0.460326813036876,"no_weight",0.460326813036876,0.128944741373147,0.89,0.89,100,-0.0396731869631245,0.0396731869631245,0,0,0.0599999999999999,0.0599999999999999
"Pearson","L_Y_dich_4_5__K_X_dich_4_5",20,0.5,0.5,0,0,0.5,0.460326813036876,"CW",0.459378150100537,0.128715490784522,0.91,0.88,100,-0.0406218498994634,0.0406218498994634,-0.00094866293633894,0.00094866293633894,0.0399999999999999,0.07
"Pearson","L_Y_dich_4_5__K_X_dich_4_5",20,0.5,0.5,0,0,0.5,0.460326813036876,"PPW",0.459378150100537,0.128715490784522,0.91,0.88,100,-0.0406218498994634,0.0406218498994634,-0.00094866293633894,0.00094866293633894,0.0399999999999999,0.07
"Pearson","L_Y_dich_4_5__K_X_dich_4_5",20,0.5,0.5,0,0,0.5,0.460326813036876,"OPW",0.459378150100537,0.128715490784522,0.91,0.88,100,-0.0406218498994634,0.0406218498994634,-0.00094866293633894,0.00094866293633894,0.0399999999999999,0.07
"Pearson","L_Y_dich_4_5__K_X_dich_4_5",20,0.5,0.5,0,4,0.5,0.387076834631654,"no_weight",0.387076834631654,0.135297452065469,0.85,0.85,100,-0.112923165368346,0.112923165368346,0,0,0.1,0.1
"Pearson","L_Y_dich_4_5__K_X_dich_4_5",20,0.5,0.5,0,4,0.5,0.387076834631654,"CW",0.39149824350245,0.136491662055681,0.84,0.84,100,-0.10850175649755,0.10850175649755,0.00442140887079656,0.00442140887079656,0.11,0.11
"Pearson","L_Y_dich_4_5__K_X_dich_4_5",20,0.5,0.5,0,4,0.5,0.387076834631654,"PPW",0.39149824350245,0.136491662055681,0.84,0.84,100,-0.10850175649755,0.10850175649755,0.00442140887079656,0.00442140887079656,0.11,0.11
"Pearson","L_Y_dich_4_5__K_X_dich_4_5",20,0.5,0.5,0,4,0.5,0.387076834631654,"OPW",0.39149824350245,0.136491662055681,0.84,0.84,100,-0.10850175649755,0.10850175649755,0.00442140887079656,0.00442140887079656,0.11,0.11
"Pearson","L_Y_dich_4_5__K_X_dich_4_5",20,0.5,0.5,4,0,0.5,0.37987803383539,"no_weight",0.37987803383539,0.132772534010617,0.84,0.89,100,-0.12012196616461,0.12012196616461,0,0,0.11,0.0599999999999999
"Pearson","L_Y_dich_4_5__K_X_dich_4_5",20,0.5,0.5,4,0,0.5,0.37987803383539,"CW",0.397713795396384,0.134244980447354,0.87,0.91,100,-0.102286204603616,0.102286204603616,0.017835761560994,0.017835761560994,0.08,0.0399999999999999
"Pearson","L_Y_dich_4_5__K_X_dich_4_5",20,0.5,0.5,4,0,0.5,0.37987803383539,"PPW",0.397713795396384,0.134244980447354,0.87,0.91,100,-0.102286204603616,0.102286204603616,0.017835761560994,0.017835761560994,0.08,0.0399999999999999
"Pearson","L_Y_dich_4_5__K_X_dich_4_5",20,0.5,0.5,4,0,0.5,0.37987803383539,"OPW",0.397713795396384,0.134244980447354,0.87,0.91,100,-0.102286204603616,0.102286204603616,0.017835761560994,0.017835761560994,0.08,0.0399999999999999
"Pearson","L_Y_dich_4_5__K_X_dich_4_5",20,0.5,0.5,4,4,0.5,0.360183382543429,"no_weight",0.360183382543429,0.137305016040418,0.78,0.84,100,-0.139816617456571,0.139816617456571,0,0,0.17,0.11
"Pearson","L_Y_dich_4_5__K_X_dich_4_5",20,0.5,0.5,4,4,0.5,0.360183382543429,"CW",0.353059272740844,0.144586268421705,0.79,0.86,100,-0.146940727259156,0.146940727259156,-0.00712410980258532,0.00712410980258532,0.16,0.09
"Pearson","L_Y_dich_4_5__K_X_dich_4_5",20,0.5,0.5,4,4,0.5,0.360183382543429,"PPW",0.353059272740844,0.144586268421705,0.79,0.86,100,-0.146940727259156,0.146940727259156,-0.00712410980258532,0.00712410980258532,0.16,0.09
"Pearson","L_Y_dich_4_5__K_X_dich_4_5",20,0.5,0.5,4,4,0.5,0.360183382543429,"OPW",0.353059272740844,0.144586268421705,0.79,0.86,100,-0.146940727259156,0.146940727259156,-0.00712410980258532,0.00712410980258532,0.16,0.09
"Pearson","L_Y_dich_4_5__K_X_sev",20,0,0,0,0,0,-0.0199637926057045,"no_weight",-0.0199637926057045,0.162509347941674,0.88,0.86,100,-0.0199637926057045,0.0199637926057045,0,0,0.07,0.09
"Pearson","L_Y_dich_4_5__K_X_sev",20,0,0,0,0,0,-0.0199637926057045,"CW",-0.0190950472862701,0.16217256659962,0.89,0.86,100,-0.0190950472862701,0.0190950472862701,0.000868745319434462,0.000868745319434462,0.0599999999999999,0.09
"Pearson","L_Y_dich_4_5__K_X_sev",20,0,0,0,0,0,-0.0199637926057045,"PPW",-0.0125817222106625,0.135192632183119,0.9,0.91,100,-0.0125817222106625,0.0125817222106625,0.00738207039504199,0.00738207039504199,0.0499999999999999,0.0399999999999999
"Pearson","L_Y_dich_4_5__K_X_sev",20,0,0,0,0,0,-0.0199637926057045,"OPW",-0.0156368847857692,0.154398699943,0.89,0.88,100,-0.0156368847857692,0.0156368847857692,0.00432690781993531,0.00432690781993531,0.0599999999999999,0.07
"Pearson","L_Y_dich_4_5__K_X_sev",20,0,0,0,4,0,-0.00225587854175545,"no_weight",-0.00225587854175545,0.163720846101758,0.87,0.88,100,-0.00225587854175545,0.00225587854175545,0,0,0.08,0.07
"Pearson","L_Y_dich_4_5__K_X_sev",20,0,0,0,4,0,-0.00225587854175545,"CW",0.00104113349710805,0.166185250853956,0.91,0.91,100,0.00104113349710805,0.00104113349710805,0.0032970120388635,0.0032970120388635,0.0399999999999999,0.0399999999999999
"Pearson","L_Y_dich_4_5__K_X_sev",20,0,0,0,4,0,-0.00225587854175545,"PPW",0.00361232324554579,0.143582604585581,0.91,0.9,100,0.00361232324554579,0.00361232324554579,0.00586820178730123,0.00586820178730123,0.0399999999999999,0.0499999999999999
"Pearson","L_Y_dich_4_5__K_X_sev",20,0,0,0,4,0,-0.00225587854175545,"OPW",0.000383262182210319,0.159673886245629,0.91,0.91,100,0.000383262182210319,0.000383262182210319,0.00263914072396577,0.00263914072396577,0.0399999999999999,0.0399999999999999
"Pearson","L_Y_dich_4_5__K_X_sev",20,0,0,4,0,0,0.0127474969761225,"no_weight",0.0127474969761225,0.157700200709008,0.92,0.91,100,0.0127474969761225,0.0127474969761225,0,0,0.0299999999999999,0.0399999999999999
"Pearson","L_Y_dich_4_5__K_X_sev",20,0,0,4,0,0,0.0127474969761225,"CW",0.0128939663092042,0.163818507859304,0.87,0.87,100,0.0128939663092042,0.0128939663092042,0.000146469333081741,0.000146469333081741,0.08,0.08
"Pearson","L_Y_dich_4_5__K_X_sev",20,0,0,4,0,0,0.0127474969761225,"PPW",-0.00117670053723197,0.142396570402239,0.89,0.89,100,-0.00117670053723197,0.00117670053723197,-0.0139241975133545,0.0139241975133545,0.0599999999999999,0.0599999999999999
"Pearson","L_Y_dich_4_5__K_X_sev",20,0,0,4,0,0,0.0127474969761225,"OPW",0.00720151981240847,0.156578685012828,0.88,0.88,100,0.00720151981240847,0.00720151981240847,-0.00554597716371404,0.00554597716371404,0.07,0.07
"Pearson","L_Y_dich_4_5__K_X_sev",20,0,0,4,4,0,0.0175583440275304,"no_weight",0.0175583440275304,0.160584836987019,0.87,0.89,100,0.0175583440275304,0.0175583440275304,0,0,0.08,0.0599999999999999
"Pearson","L_Y_dich_4_5__K_X_sev",20,0,0,4,4,0,0.0175583440275304,"CW",0.0138685351420662,0.166902466517565,0.86,0.87,100,0.0138685351420662,0.0138685351420662,-0.00368980888546416,0.00368980888546416,0.09,0.08
"Pearson","L_Y_dich_4_5__K_X_sev",20,0,0,4,4,0,0.0175583440275304,"PPW",0.00567733782745518,0.146975127723828,0.9,0.87,100,0.00567733782745518,0.00567733782745518,-0.0118810062000752,0.0118810062000752,0.0499999999999999,0.08
"Pearson","L_Y_dich_4_5__K_X_sev",20,0,0,4,4,0,0.0175583440275304,"OPW",0.00522225498486382,0.161723206015996,0.89,0.88,100,0.00522225498486382,0.00522225498486382,-0.0123360890426666,0.0123360890426666,0.0599999999999999,0.07
"Pearson","L_Y_dich_4_5__K_X_sev",20,0,0.5,0,0,0.4,0.377924280252174,"no_weight",0.377924280252174,0.134290131539649,0.92,0.89,100,-0.0220757197478256,0.0220757197478256,0,0,0.0299999999999999,0.0599999999999999
"Pearson","L_Y_dich_4_5__K_X_sev",20,0,0.5,0,0,0.4,0.377924280252174,"CW",0.379908703780557,0.133597488459516,0.92,0.91,100,-0.0200912962194434,0.0200912962194434,0.00198442352838213,0.00198442352838213,0.0299999999999999,0.0399999999999999
"Pearson","L_Y_dich_4_5__K_X_sev",20,0,0.5,0,0,0.4,0.377924280252174,"PPW",0.27243479945821,0.119461717814006,0.84,0.88,100,-0.12756520054179,0.12756520054179,-0.105489480793964,0.105489480793964,0.11,0.07
"Pearson","L_Y_dich_4_5__K_X_sev",20,0,0.5,0,0,0.4,0.377924280252174,"OPW",0.352926423579809,0.130129371852131,0.88,0.87,100,-0.0470735764201915,0.0470735764201915,-0.0249978566723659,0.0249978566723659,0.07,0.08
"Pearson","L_Y_dich_4_5__K_X_sev",20,0,0.5,0,4,0.4,0.294136570753405,"no_weight",0.294136570753405,0.139801836765555,0.81,0.87,100,-0.105863429246595,0.105863429246595,0,0,0.14,0.08
"Pearson","L_Y_dich_4_5__K_X_sev",20,0,0.5,0,4,0.4,0.294136570753405,"CW",0.322489541686763,0.139134180839548,0.85,0.9,100,-0.0775104583132374,0.0775104583132374,0.0283529709333576,0.0283529709333576,0.1,0.0499999999999999
"Pearson","L_Y_dich_4_5__K_X_sev",20,0,0.5,0,4,0.4,0.294136570753405,"PPW",0.239638522106967,0.127124666813207,0.71,0.9,100,-0.160361477893033,0.160361477893033,-0.0544980486464376,0.0544980486464376,0.24,0.0499999999999999
"Pearson","L_Y_dich_4_5__K_X_sev",20,0,0.5,0,4,0.4,0.294136570753405,"OPW",0.311636283687831,0.138209885384964,0.83,0.89,100,-0.0883637163121685,0.0883637163121685,0.0174997129344264,0.0174997129344264,0.12,0.0599999999999999
"Pearson","L_Y_dich_4_5__K_X_sev",20,0,0.5,4,0,0.4,0.308793840705643,"no_weight",0.308793840705643,0.13723942550444,0.79,0.83,100,-0.0912061592943569,0.0912061592943569,0,0,0.16,0.12
"Pearson","L_Y_dich_4_5__K_X_sev",20,0,0.5,4,0,0.4,0.308793840705643,"CW",0.331522749471104,0.138148090255811,0.83,0.88,100,-0.0684772505288958,0.0684772505288958,0.0227289087654612,0.0227289087654612,0.12,0.07
"Pearson","L_Y_dich_4_5__K_X_sev",20,0,0.5,4,0,0.4,0.308793840705643,"PPW",0.258047216598626,0.122234951362533,0.76,0.86,100,-0.141952783401374,0.141952783401374,-0.0507466241070174,0.0507466241070174,0.19,0.09
"Pearson","L_Y_dich_4_5__K_X_sev",20,0,0.5,4,0,0.4,0.308793840705643,"OPW",0.309422985671235,0.133755237735994,0.78,0.85,100,-0.0905770143287654,0.0905770143287654,0.000629144965591577,0.000629144965591577,0.17,0.1
"Pearson","L_Y_dich_4_5__K_X_sev",20,0,0.5,4,4,0.4,0.282697896382999,"no_weight",0.282697896382999,0.148930249498372,0.8,0.83,100,-0.117302103617001,0.117302103617001,0,0,0.15,0.12
"Pearson","L_Y_dich_4_5__K_X_sev",20,0,0.5,4,4,0.4,0.282697896382999,"CW",0.299404437938845,0.155837112339728,0.85,0.85,100,-0.100595562061155,0.100595562061155,0.0167065415558464,0.0167065415558464,0.1,0.1
"Pearson","L_Y_dich_4_5__K_X_sev",20,0,0.5,4,4,0.4,0.282697896382999,"PPW",0.223103110552289,0.139501096145558,0.74,0.87,100,-0.176896889447711,0.176896889447711,-0.0595947858307097,0.0595947858307097,0.21,0.08
"Pearson","L_Y_dich_4_5__K_X_sev",20,0,0.5,4,4,0.4,0.282697896382999,"OPW",0.271633718177222,0.153581072309655,0.81,0.85,100,-0.128366281822778,0.128366281822778,-0.011064178205777,0.011064178205777,0.14,0.1
"Pearson","L_Y_dich_4_5__K_X_sev",20,0.5,0,0,0,0.1,0.109346255644978,"no_weight",0.109346255644978,0.163207281315602,0.93,0.93,100,0.00934625564497769,0.00934625564497769,0,0,0.0199999999999999,0.0199999999999999
"Pearson","L_Y_dich_4_5__K_X_sev",20,0.5,0,0,0,0.1,0.109346255644978,"CW",0.108110166212168,0.163318615520353,0.93,0.92,100,0.00811016621216795,0.00811016621216795,-0.00123608943280974,0.00123608943280974,0.0199999999999999,0.0299999999999999
"Pearson","L_Y_dich_4_5__K_X_sev",20,0.5,0,0,0,0.1,0.109346255644978,"PPW",0.139690025647063,0.138173025998706,0.93,0.93,100,0.0396900256470627,0.0396900256470627,0.030343770002085,0.030343770002085,0.0199999999999999,0.0199999999999999
"Pearson","L_Y_dich_4_5__K_X_sev",20,0.5,0,0,0,0.1,0.109346255644978,"OPW",0.115381378270313,0.155666062484635,0.95,0.95,100,0.0153813782703128,0.0153813782703128,0.00603512262533513,0.00603512262533513,0,0
"Pearson","L_Y_dich_4_5__K_X_sev",20,0.5,0,0,4,0.1,0.0467613058560301,"no_weight",0.0467613058560301,0.161558979358561,0.84,0.87,100,-0.0532386941439699,0.0532386941439699,0,0,0.11,0.08
"Pearson","L_Y_dich_4_5__K_X_sev",20,0.5,0,0,4,0.1,0.0467613058560301,"CW",0.0231314133403272,0.166473338467646,0.86,0.9,100,-0.0768685866596728,0.0768685866596728,-0.0236298925157029,0.0236298925157029,0.09,0.0499999999999999
"Pearson","L_Y_dich_4_5__K_X_sev",20,0.5,0,0,4,0.1,0.0467613058560301,"PPW",0.0799499814625998,0.14465968200781,0.91,0.87,100,-0.0200500185374002,0.0200500185374002,0.0331886756065697,0.0331886756065697,0.0399999999999999,0.08
"Pearson","L_Y_dich_4_5__K_X_sev",20,0.5,0,0,4,0.1,0.0467613058560301,"OPW",0.031175658452021,0.161345892779862,0.89,0.88,100,-0.068824341547979,0.068824341547979,-0.0155856474040091,0.0155856474040091,0.0599999999999999,0.07
"Pearson","L_Y_dich_4_5__K_X_sev",20,0.5,0,4,0,0.1,0.092803515459299,"no_weight",0.092803515459299,0.157679026412958,0.88,0.86,100,-0.00719648454070099,0.00719648454070099,0,0,0.07,0.09
"Pearson","L_Y_dich_4_5__K_X_sev",20,0.5,0,4,0,0.1,0.092803515459299,"CW",0.0745276457700203,0.162574155710437,0.86,0.87,100,-0.0254723542299797,0.0254723542299797,-0.0182758696892787,0.0182758696892787,0.09,0.08
"Pearson","L_Y_dich_4_5__K_X_sev",20,0.5,0,4,0,0.1,0.092803515459299,"PPW",0.120729256219015,0.138198974596381,0.92,0.93,100,0.0207292562190149,0.0207292562190149,0.0279257407597159,0.0279257407597159,0.0299999999999999,0.0199999999999999
"Pearson","L_Y_dich_4_5__K_X_sev",20,0.5,0,4,0,0.1,0.092803515459299,"OPW",0.0946580322700255,0.15469841484149,0.87,0.87,100,-0.00534196772997449,0.00534196772997449,0.0018545168107265,0.0018545168107265,0.08,0.08
"Pearson","L_Y_dich_4_5__K_X_sev",20,0.5,0,4,4,0.1,0.0907784391345714,"no_weight",0.0907784391345714,0.166310054880733,0.86,0.87,100,-0.00922156086542865,0.00922156086542865,0,0,0.09,0.08
"Pearson","L_Y_dich_4_5__K_X_sev",20,0.5,0,4,4,0.1,0.0907784391345714,"CW",0.0397946168327839,0.176180327568743,0.87,0.87,100,-0.0602053831672161,0.0602053831672161,-0.0509838223017874,0.0509838223017874,0.08,0.08
"Pearson","L_Y_dich_4_5__K_X_sev",20,0.5,0,4,4,0.1,0.0907784391345714,"PPW",0.111026213585446,0.155990397526671,0.9,0.89,100,0.0110262135854458,0.0110262135854458,0.0202477744508745,0.0202477744508745,0.0499999999999999,0.0599999999999999
"Pearson","L_Y_dich_4_5__K_X_sev",20,0.5,0,4,4,0.1,0.0907784391345714,"OPW",0.0505907073635451,0.170961269590425,0.88,0.88,100,-0.0494092926364549,0.0494092926364549,-0.0401877317710262,0.0401877317710262,0.07,0.07
"Pearson","L_Y_dich_4_5__K_X_sev",20,0.5,0.5,0,0,0.5,0.460326813036876,"no_weight",0.460326813036876,0.128944741373147,0.89,0.89,100,-0.0396731869631245,0.0396731869631245,0,0,0.0599999999999999,0.0599999999999999
"Pearson","L_Y_dich_4_5__K_X_sev",20,0.5,0.5,0,0,0.5,0.460326813036876,"CW",0.459378150100537,0.128715490784522,0.91,0.88,100,-0.0406218498994634,0.0406218498994634,-0.00094866293633894,0.00094866293633894,0.0399999999999999,0.07
"Pearson","L_Y_dich_4_5__K_X_sev",20,0.5,0.5,0,0,0.5,0.460326813036876,"PPW",0.41110758450961,0.112468499547042,0.84,0.91,100,-0.0888924154903899,0.0888924154903899,-0.0492192285272654,0.0492192285272654,0.11,0.0399999999999999
"Pearson","L_Y_dich_4_5__K_X_sev",20,0.5,0.5,0,0,0.5,0.460326813036876,"OPW",0.449180197181573,0.124087946642695,0.91,0.9,100,-0.0508198028184271,0.0508198028184271,-0.0111466158553026,0.0111466158553026,0.0399999999999999,0.0499999999999999
"Pearson","L_Y_dich_4_5__K_X_sev",20,0.5,0.5,0,4,0.5,0.387076834631654,"no_weight",0.387076834631654,0.135297452065469,0.85,0.85,100,-0.112923165368346,0.112923165368346,0,0,0.1,0.1
"Pearson","L_Y_dich_4_5__K_X_sev",20,0.5,0.5,0,4,0.5,0.387076834631654,"CW",0.39149824350245,0.136491662055681,0.84,0.84,100,-0.10850175649755,0.10850175649755,0.00442140887079656,0.00442140887079656,0.11,0.11
"Pearson","L_Y_dich_4_5__K_X_sev",20,0.5,0.5,0,4,0.5,0.387076834631654,"PPW",0.358132617465535,0.122266250547463,0.8,0.93,100,-0.141867382534465,0.141867382534465,-0.0289442171661192,0.0289442171661192,0.15,0.0199999999999999
"Pearson","L_Y_dich_4_5__K_X_sev",20,0.5,0.5,0,4,0.5,0.387076834631654,"OPW",0.383344775514366,0.133393065119435,0.82,0.83,100,-0.116655224485634,0.116655224485634,-0.00373205911728786,0.00373205911728786,0.13,0.12
"Pearson","L_Y_dich_4_5__K_X_sev",20,0.5,0.5,4,0,0.5,0.37987803383539,"no_weight",0.37987803383539,0.132772534010617,0.84,0.89,100,-0.12012196616461,0.12012196616461,0,0,0.11,0.0599999999999999
"Pearson","L_Y_dich_4_5__K_X_sev",20,0.5,0.5,4,0,0.5,0.37987803383539,"CW",0.397713795396384,0.134244980447354,0.87,0.91,100,-0.102286204603616,0.102286204603616,0.017835761560994,0.017835761560994,0.08,0.0399999999999999
"Pearson","L_Y_dich_4_5__K_X_sev",20,0.5,0.5,4,0,0.5,0.37987803383539,"PPW",0.374355796518389,0.117325455871326,0.82,0.94,100,-0.125644203481611,0.125644203481611,-0.0055222373170008,0.0055222373170008,0.13,0.01
"Pearson","L_Y_dich_4_5__K_X_sev",20,0.5,0.5,4,0,0.5,0.37987803383539,"OPW",0.39775044921926,0.12775828996961,0.87,0.89,100,-0.10224955078074,0.10224955078074,0.0178724153838701,0.0178724153838701,0.08,0.0599999999999999
"Pearson","L_Y_dich_4_5__K_X_sev",20,0.5,0.5,4,4,0.5,0.360183382543429,"no_weight",0.360183382543429,0.137305016040418,0.78,0.84,100,-0.139816617456571,0.139816617456571,0,0,0.17,0.11
"Pearson","L_Y_dich_4_5__K_X_sev",20,0.5,0.5,4,4,0.5,0.360183382543429,"CW",0.353059272740844,0.144586268421705,0.79,0.86,100,-0.146940727259156,0.146940727259156,-0.00712410980258532,0.00712410980258532,0.16,0.09
"Pearson","L_Y_dich_4_5__K_X_sev",20,0.5,0.5,4,4,0.5,0.360183382543429,"PPW",0.355093624746579,0.127211299976079,0.79,0.88,100,-0.144906375253421,0.144906375253421,-0.00508975779685,0.00508975779685,0.16,0.07
"Pearson","L_Y_dich_4_5__K_X_sev",20,0.5,0.5,4,4,0.5,0.360183382543429,"OPW",0.352659466452736,0.142496515094974,0.78,0.87,100,-0.147340533547264,0.147340533547264,-0.00752391609069331,0.00752391609069331,0.17,0.08
"Pearson","L_Y_sev__K_X_dich_1_5",20,0,0,0,0,0,-0.0199637926057045,"no_weight",-0.0199637926057045,0.162509347941674,0.88,0.86,100,-0.0199637926057045,0.0199637926057045,0,0,0.07,0.09
"Pearson","L_Y_sev__K_X_dich_1_5",20,0,0,0,0,0,-0.0199637926057045,"CW",-0.0190950472862701,0.16217256659962,0.89,0.86,100,-0.0190950472862701,0.0190950472862701,0.000868745319434462,0.000868745319434462,0.0599999999999999,0.09
"Pearson","L_Y_sev__K_X_dich_1_5",20,0,0,0,0,0,-0.0199637926057045,"PPW",-0.00329983390863129,0.120006419333016,0.92,0.92,100,-0.00329983390863129,0.00329983390863129,0.0166639586970732,0.0166639586970732,0.0299999999999999,0.0299999999999999
"Pearson","L_Y_sev__K_X_dich_1_5",20,0,0,0,0,0,-0.0199637926057045,"OPW",-0.0194017549078926,0.149513140825072,0.9,0.88,100,-0.0194017549078926,0.0194017549078926,0.000562037697811931,0.000562037697811931,0.0499999999999999,0.07
"Pearson","L_Y_sev__K_X_dich_1_5",20,0,0,0,4,0,-0.00225587854175545,"no_weight",-0.00225587854175545,0.163720846101758,0.87,0.88,100,-0.00225587854175545,0.00225587854175545,0,0,0.08,0.07
"Pearson","L_Y_sev__K_X_dich_1_5",20,0,0,0,4,0,-0.00225587854175545,"CW",0.00104113349710805,0.166185250853956,0.91,0.91,100,0.00104113349710805,0.00104113349710805,0.0032970120388635,0.0032970120388635,0.0399999999999999,0.0399999999999999
"Pearson","L_Y_sev__K_X_dich_1_5",20,0,0,0,4,0,-0.00225587854175545,"PPW",0.0122361698489153,0.129778958371049,0.92,0.92,100,0.0122361698489153,0.0122361698489153,0.0144920483906707,0.0144920483906707,0.0299999999999999,0.0299999999999999
"Pearson","L_Y_sev__K_X_dich_1_5",20,0,0,0,4,0,-0.00225587854175545,"OPW",0.00315723452229772,0.154744607601321,0.89,0.89,100,0.00315723452229772,0.00315723452229772,0.00541311306405316,0.00541311306405316,0.0599999999999999,0.0599999999999999
"Pearson","L_Y_sev__K_X_dich_1_5",20,0,0,4,0,0,0.0127474969761225,"no_weight",0.0127474969761225,0.157700200709008,0.92,0.91,100,0.0127474969761225,0.0127474969761225,0,0,0.0299999999999999,0.0399999999999999
"Pearson","L_Y_sev__K_X_dich_1_5",20,0,0,4,0,0,0.0127474969761225,"CW",0.0128939663092042,0.163818507859304,0.87,0.87,100,0.0128939663092042,0.0128939663092042,0.000146469333081741,0.000146469333081741,0.08,0.08
"Pearson","L_Y_sev__K_X_dich_1_5",20,0,0,4,0,0,0.0127474969761225,"PPW",0.00555407736431139,0.118897049464633,0.91,0.92,100,0.00555407736431139,0.00555407736431139,-0.00719341961181111,0.00719341961181111,0.0399999999999999,0.0299999999999999
"Pearson","L_Y_sev__K_X_dich_1_5",20,0,0,4,0,0,0.0127474969761225,"OPW",0.0089604400659653,0.150677491188219,0.91,0.9,100,0.0089604400659653,0.0089604400659653,-0.0037870569101572,0.0037870569101572,0.0399999999999999,0.0499999999999999
"Pearson","L_Y_sev__K_X_dich_1_5",20,0,0,4,4,0,0.0175583440275304,"no_weight",0.0175583440275304,0.160584836987019,0.87,0.89,100,0.0175583440275304,0.0175583440275304,0,0,0.08,0.0599999999999999
"Pearson","L_Y_sev__K_X_dich_1_5",20,0,0,4,4,0,0.0175583440275304,"CW",0.0138685351420662,0.166902466517565,0.86,0.87,100,0.0138685351420662,0.0138685351420662,-0.00368980888546416,0.00368980888546416,0.09,0.08
"Pearson","L_Y_sev__K_X_dich_1_5",20,0,0,4,4,0,0.0175583440275304,"PPW",0.00722319574559293,0.134184175764207,0.86,0.85,100,0.00722319574559293,0.00722319574559293,-0.0103351482819375,0.0103351482819375,0.09,0.1
"Pearson","L_Y_sev__K_X_dich_1_5",20,0,0,4,4,0,0.0175583440275304,"OPW",0.00193928361653871,0.159195972068933,0.86,0.83,100,0.00193928361653871,0.00193928361653871,-0.0156190604109917,0.0156190604109917,0.09,0.12
"Pearson","L_Y_sev__K_X_dich_1_5",20,0,0.5,0,0,0.4,0.377924280252174,"no_weight",0.377924280252174,0.134290131539649,0.92,0.89,100,-0.0220757197478256,0.0220757197478256,0,0,0.0299999999999999,0.0599999999999999
"Pearson","L_Y_sev__K_X_dich_1_5",20,0,0.5,0,0,0.4,0.377924280252174,"CW",0.379908703780557,0.133597488459516,0.92,0.91,100,-0.0200912962194434,0.0200912962194434,0.00198442352838213,0.00198442352838213,0.0299999999999999,0.0399999999999999
"Pearson","L_Y_sev__K_X_dich_1_5",20,0,0.5,0,0,0.4,0.377924280252174,"PPW",0.237046485354759,0.112487246471061,0.71,0.8,100,-0.162953514645241,0.162953514645241,-0.140877794897415,0.140877794897415,0.24,0.15
"Pearson","L_Y_sev__K_X_dich_1_5",20,0,0.5,0,0,0.4,0.377924280252174,"OPW",0.345060357075362,0.128068023151727,0.89,0.9,100,-0.0549396429246379,0.0549396429246379,-0.0328639231768124,0.0328639231768124,0.0599999999999999,0.0499999999999999
"Pearson","L_Y_sev__K_X_dich_1_5",20,0,0.5,0,4,0.4,0.294136570753405,"no_weight",0.294136570753405,0.139801836765555,0.81,0.87,100,-0.105863429246595,0.105863429246595,0,0,0.14,0.08
"Pearson","L_Y_sev__K_X_dich_1_5",20,0,0.5,0,4,0.4,0.294136570753405,"CW",0.322489541686763,0.139134180839548,0.85,0.9,100,-0.0775104583132374,0.0775104583132374,0.0283529709333576,0.0283529709333576,0.1,0.0499999999999999
"Pearson","L_Y_sev__K_X_dich_1_5",20,0,0.5,0,4,0.4,0.294136570753405,"PPW",0.236235864409332,0.114262031031422,0.7,0.91,100,-0.163764135590668,0.163764135590668,-0.0579007063440735,0.0579007063440735,0.25,0.0399999999999999
"Pearson","L_Y_sev__K_X_dich_1_5",20,0,0.5,0,4,0.4,0.294136570753405,"OPW",0.299205806805634,0.132142807015681,0.84,0.91,100,-0.100794193194366,0.100794193194366,0.00506923605222859,0.00506923605222859,0.11,0.0399999999999999
"Pearson","L_Y_sev__K_X_dich_1_5",20,0,0.5,4,0,0.4,0.308793840705643,"no_weight",0.308793840705643,0.13723942550444,0.79,0.83,100,-0.0912061592943569,0.0912061592943569,0,0,0.16,0.12
"Pearson","L_Y_sev__K_X_dich_1_5",20,0,0.5,4,0,0.4,0.308793840705643,"CW",0.331522749471104,0.138148090255811,0.83,0.88,100,-0.0684772505288958,0.0684772505288958,0.0227289087654612,0.0227289087654612,0.12,0.07
"Pearson","L_Y_sev__K_X_dich_1_5",20,0,0.5,4,0,0.4,0.308793840705643,"PPW",0.209150151195482,0.113045859528898,0.61,0.81,100,-0.190849848804518,0.190849848804518,-0.0996436895101608,0.0996436895101608,0.34,0.14
"Pearson","L_Y_sev__K_X_dich_1_5",20,0,0.5,4,0,0.4,0.308793840705643,"OPW",0.300037689467971,0.130508317868854,0.79,0.88,100,-0.0999623105320288,0.0999623105320288,-0.00875615123767187,0.00875615123767187,0.16,0.07
"Pearson","L_Y_sev__K_X_dich_1_5",20,0,0.5,4,4,0.4,0.282697896382999,"no_weight",0.282697896382999,0.148930249498372,0.8,0.83,100,-0.117302103617001,0.117302103617001,0,0,0.15,0.12
"Pearson","L_Y_sev__K_X_dich_1_5",20,0,0.5,4,4,0.4,0.282697896382999,"CW",0.299404437938845,0.155837112339728,0.85,0.85,100,-0.100595562061155,0.100595562061155,0.0167065415558464,0.0167065415558464,0.1,0.1
"Pearson","L_Y_sev__K_X_dich_1_5",20,0,0.5,4,4,0.4,0.282697896382999,"PPW",0.178259333947968,0.125640543550817,0.57,0.83,100,-0.221740666052032,0.221740666052032,-0.104438562435031,0.104438562435031,0.38,0.12
"Pearson","L_Y_sev__K_X_dich_1_5",20,0,0.5,4,4,0.4,0.282697896382999,"OPW",0.260269053829617,0.150790968699395,0.77,0.86,100,-0.139730946170383,0.139730946170383,-0.0224288425533814,0.0224288425533814,0.18,0.09
"Pearson","L_Y_sev__K_X_dich_1_5",20,0.5,0,0,0,0.1,0.109346255644978,"no_weight",0.109346255644978,0.163207281315602,0.93,0.93,100,0.00934625564497769,0.00934625564497769,0,0,0.0199999999999999,0.0199999999999999
"Pearson","L_Y_sev__K_X_dich_1_5",20,0.5,0,0,0,0.1,0.109346255644978,"CW",0.108110166212168,0.163318615520353,0.93,0.92,100,0.00811016621216795,0.00811016621216795,-0.00123608943280974,0.00123608943280974,0.0199999999999999,0.0299999999999999
"Pearson","L_Y_sev__K_X_dich_1_5",20,0.5,0,0,0,0.1,0.109346255644978,"PPW",0.135814030790183,0.12229111845699,0.94,0.95,100,0.0358140307901832,0.0358140307901832,0.0264677751452055,0.0264677751452055,0.01,0
"Pearson","L_Y_sev__K_X_dich_1_5",20,0.5,0,0,0,0.1,0.109346255644978,"OPW",0.103027786143249,0.150359600676535,0.93,0.94,100,0.00302778614324936,0.00302778614324936,-0.00631846950172833,0.00631846950172833,0.0199999999999999,0.01
"Pearson","L_Y_sev__K_X_dich_1_5",20,0.5,0,0,4,0.1,0.0467613058560301,"no_weight",0.0467613058560301,0.161558979358561,0.84,0.87,100,-0.0532386941439699,0.0532386941439699,0,0,0.11,0.08
"Pearson","L_Y_sev__K_X_dich_1_5",20,0.5,0,0,4,0.1,0.0467613058560301,"CW",0.0231314133403272,0.166473338467646,0.86,0.9,100,-0.0768685866596728,0.0768685866596728,-0.0236298925157029,0.0236298925157029,0.09,0.0499999999999999
"Pearson","L_Y_sev__K_X_dich_1_5",20,0.5,0,0,4,0.1,0.0467613058560301,"PPW",0.095129612472927,0.132176579287527,0.9,0.86,100,-0.004870387527073,0.004870387527073,0.0483683066168969,0.0483683066168969,0.0499999999999999,0.09
"Pearson","L_Y_sev__K_X_dich_1_5",20,0.5,0,0,4,0.1,0.0467613058560301,"OPW",0.0441095437500149,0.156880029221758,0.88,0.9,100,-0.0558904562499851,0.0558904562499851,-0.00265176210601521,0.00265176210601521,0.07,0.0499999999999999
"Pearson","L_Y_sev__K_X_dich_1_5",20,0.5,0,4,0,0.1,0.092803515459299,"no_weight",0.092803515459299,0.157679026412958,0.88,0.86,100,-0.00719648454070099,0.00719648454070099,0,0,0.07,0.09
"Pearson","L_Y_sev__K_X_dich_1_5",20,0.5,0,4,0,0.1,0.092803515459299,"CW",0.0745276457700203,0.162574155710437,0.86,0.87,100,-0.0254723542299797,0.0254723542299797,-0.0182758696892787,0.0182758696892787,0.09,0.08
"Pearson","L_Y_sev__K_X_dich_1_5",20,0.5,0,4,0,0.1,0.092803515459299,"PPW",0.105598453012635,0.122859702566095,0.92,0.93,100,0.00559845301263455,0.00559845301263455,0.0127949375533355,0.0127949375533355,0.0299999999999999,0.0199999999999999
"Pearson","L_Y_sev__K_X_dich_1_5",20,0.5,0,4,0,0.1,0.092803515459299,"OPW",0.075831856716433,0.151237128035734,0.9,0.89,100,-0.024168143283567,0.024168143283567,-0.016971658742866,0.016971658742866,0.0499999999999999,0.0599999999999999
"Pearson","L_Y_sev__K_X_dich_1_5",20,0.5,0,4,4,0.1,0.0907784391345714,"no_weight",0.0907784391345714,0.166310054880733,0.86,0.87,100,-0.00922156086542865,0.00922156086542865,0,0,0.09,0.08
"Pearson","L_Y_sev__K_X_dich_1_5",20,0.5,0,4,4,0.1,0.0907784391345714,"CW",0.0397946168327839,0.176180327568743,0.87,0.87,100,-0.0602053831672161,0.0602053831672161,-0.0509838223017874,0.0509838223017874,0.08,0.08
"Pearson","L_Y_sev__K_X_dich_1_5",20,0.5,0,4,4,0.1,0.0907784391345714,"PPW",0.0921648841497544,0.140617206466251,0.9,0.88,100,-0.00783511585024563,0.00783511585024563,0.00138644501518302,0.00138644501518302,0.0499999999999999,0.07
"Pearson","L_Y_sev__K_X_dich_1_5",20,0.5,0,4,4,0.1,0.0907784391345714,"OPW",0.0432408834295966,0.166109369458882,0.86,0.86,100,-0.0567591165704034,0.0567591165704034,-0.0475375557049747,0.0475375557049747,0.09,0.09
"Pearson","L_Y_sev__K_X_dich_1_5",20,0.5,0.5,0,0,0.5,0.460326813036876,"no_weight",0.460326813036876,0.128944741373147,0.89,0.89,100,-0.0396731869631245,0.0396731869631245,0,0,0.0599999999999999,0.0599999999999999
"Pearson","L_Y_sev__K_X_dich_1_5",20,0.5,0.5,0,0,0.5,0.460326813036876,"CW",0.459378150100537,0.128715490784522,0.91,0.88,100,-0.0406218498994634,0.0406218498994634,-0.00094866293633894,0.00094866293633894,0.0399999999999999,0.07
"Pearson","L_Y_sev__K_X_dich_1_5",20,0.5,0.5,0,0,0.5,0.460326813036876,"PPW",0.370852589762508,0.106172114994503,0.78,0.84,100,-0.129147410237492,0.129147410237492,-0.0894742232743674,0.0894742232743674,0.17,0.11
"Pearson","L_Y_sev__K_X_dich_1_5",20,0.5,0.5,0,0,0.5,0.460326813036876,"OPW",0.437466226006506,0.121794814225995,0.85,0.87,100,-0.0625337739934936,0.0625337739934936,-0.0228605870303691,0.0228605870303691,0.1,0.08
"Pearson","L_Y_sev__K_X_dich_1_5",20,0.5,0.5,0,4,0.5,0.387076834631654,"no_weight",0.387076834631654,0.135297452065469,0.85,0.85,100,-0.112923165368346,0.112923165368346,0,0,0.1,0.1
"Pearson","L_Y_sev__K_X_dich_1_5",20,0.5,0.5,0,4,0.5,0.387076834631654,"CW",0.39149824350245,0.136491662055681,0.84,0.84,100,-0.10850175649755,0.10850175649755,0.00442140887079656,0.00442140887079656,0.11,0.11
"Pearson","L_Y_sev__K_X_dich_1_5",20,0.5,0.5,0,4,0.5,0.387076834631654,"PPW",0.340615633626049,0.112298153862437,0.71,0.88,100,-0.159384366373951,0.159384366373951,-0.0464612010056047,0.0464612010056047,0.24,0.07
"Pearson","L_Y_sev__K_X_dich_1_5",20,0.5,0.5,0,4,0.5,0.387076834631654,"OPW",0.374555864683948,0.131704562964509,0.82,0.88,100,-0.125444135316052,0.125444135316052,-0.0125209699477061,0.0125209699477061,0.13,0.07
"Pearson","L_Y_sev__K_X_dich_1_5",20,0.5,0.5,4,0,0.5,0.37987803383539,"no_weight",0.37987803383539,0.132772534010617,0.84,0.89,100,-0.12012196616461,0.12012196616461,0,0,0.11,0.0599999999999999
"Pearson","L_Y_sev__K_X_dich_1_5",20,0.5,0.5,4,0,0.5,0.37987803383539,"CW",0.397713795396384,0.134244980447354,0.87,0.91,100,-0.102286204603616,0.102286204603616,0.017835761560994,0.017835761560994,0.08,0.0399999999999999
"Pearson","L_Y_sev__K_X_dich_1_5",20,0.5,0.5,4,0,0.5,0.37987803383539,"PPW",0.319781919792379,0.111744667386969,0.61,0.92,100,-0.180218080207621,0.180218080207621,-0.0600961140430112,0.0600961140430112,0.34,0.0299999999999999
"Pearson","L_Y_sev__K_X_dich_1_5",20,0.5,0.5,4,0,0.5,0.37987803383539,"OPW",0.374309045094623,0.129968687290607,0.82,0.91,100,-0.125690954905377,0.125690954905377,-0.00556898874076744,0.00556898874076744,0.13,0.0399999999999999
"Pearson","L_Y_sev__K_X_dich_1_5",20,0.5,0.5,4,4,0.5,0.360183382543429,"no_weight",0.360183382543429,0.137305016040418,0.78,0.84,100,-0.139816617456571,0.139816617456571,0,0,0.17,0.11
"Pearson","L_Y_sev__K_X_dich_1_5",20,0.5,0.5,4,4,0.5,0.360183382543429,"CW",0.353059272740844,0.144586268421705,0.79,0.86,100,-0.146940727259156,0.146940727259156,-0.00712410980258532,0.00712410980258532,0.16,0.09
"Pearson","L_Y_sev__K_X_dich_1_5",20,0.5,0.5,4,4,0.5,0.360183382543429,"PPW",0.313419594176538,0.11864715638317,0.68,0.86,100,-0.186580405823462,0.186580405823462,-0.0467637883668908,0.0467637883668908,0.27,0.09
"Pearson","L_Y_sev__K_X_dich_1_5",20,0.5,0.5,4,4,0.5,0.360183382543429,"OPW",0.334055209832489,0.139865572671741,0.73,0.88,100,-0.165944790167511,0.165944790167511,-0.0261281727109396,0.0261281727109396,0.22,0.07
"Pearson","L_Y_sev__K_X_dich_2_5",20,0,0,0,0,0,-0.0199637926057045,"no_weight",-0.0199637926057045,0.162509347941674,0.88,0.86,100,-0.0199637926057045,0.0199637926057045,0,0,0.07,0.09
"Pearson","L_Y_sev__K_X_dich_2_5",20,0,0,0,0,0,-0.0199637926057045,"CW",-0.0190950472862701,0.16217256659962,0.89,0.86,100,-0.0190950472862701,0.0190950472862701,0.000868745319434462,0.000868745319434462,0.0599999999999999,0.09
"Pearson","L_Y_sev__K_X_dich_2_5",20,0,0,0,0,0,-0.0199637926057045,"PPW",-0.00182410288933326,0.119314992830814,0.93,0.94,100,-0.00182410288933326,0.00182410288933326,0.0181396897163713,0.0181396897163713,0.0199999999999999,0.01
"Pearson","L_Y_sev__K_X_dich_2_5",20,0,0,0,0,0,-0.0199637926057045,"OPW",-0.0150454873097331,0.149439267124583,0.92,0.89,100,-0.0150454873097331,0.0150454873097331,0.00491830529597141,0.00491830529597141,0.0299999999999999,0.0599999999999999
"Pearson","L_Y_sev__K_X_dich_2_5",20,0,0,0,4,0,-0.00225587854175545,"no_weight",-0.00225587854175545,0.163720846101758,0.87,0.88,100,-0.00225587854175545,0.00225587854175545,0,0,0.08,0.07
"Pearson","L_Y_sev__K_X_dich_2_5",20,0,0,0,4,0,-0.00225587854175545,"CW",0.00104113349710805,0.166185250853956,0.91,0.91,100,0.00104113349710805,0.00104113349710805,0.0032970120388635,0.0032970120388635,0.0399999999999999,0.0399999999999999
"Pearson","L_Y_sev__K_X_dich_2_5",20,0,0,0,4,0,-0.00225587854175545,"PPW",-0.00702188948176591,0.129938645227205,0.91,0.91,100,-0.00702188948176591,0.00702188948176591,-0.00476601094001047,0.00476601094001047,0.0399999999999999,0.0399999999999999
"Pearson","L_Y_sev__K_X_dich_2_5",20,0,0,0,4,0,-0.00225587854175545,"OPW",-0.00645504786172884,0.155234142653465,0.91,0.91,100,-0.00645504786172884,0.00645504786172884,-0.0041991693199734,0.0041991693199734,0.0399999999999999,0.0399999999999999
"Pearson","L_Y_sev__K_X_dich_2_5",20,0,0,4,0,0,0.0127474969761225,"no_weight",0.0127474969761225,0.157700200709008,0.92,0.91,100,0.0127474969761225,0.0127474969761225,0,0,0.0299999999999999,0.0399999999999999
"Pearson","L_Y_sev__K_X_dich_2_5",20,0,0,4,0,0,0.0127474969761225,"CW",0.0128939663092042,0.163818507859304,0.87,0.87,100,0.0128939663092042,0.0128939663092042,0.000146469333081741,0.000146469333081741,0.08,0.08
"Pearson","L_Y_sev__K_X_dich_2_5",20,0,0,4,0,0,0.0127474969761225,"PPW",0.00651257731813828,0.131545970249308,0.91,0.91,100,0.00651257731813828,0.00651257731813828,-0.00623491965798422,0.00623491965798422,0.0399999999999999,0.0399999999999999
"Pearson","L_Y_sev__K_X_dich_2_5",20,0,0,4,0,0,0.0127474969761225,"OPW",0.00515492644839917,0.156624648317373,0.92,0.93,100,0.00515492644839917,0.00515492644839917,-0.00759257052772334,0.00759257052772334,0.0299999999999999,0.0199999999999999
"Pearson","L_Y_sev__K_X_dich_2_5",20,0,0,4,4,0,0.0175583440275304,"no_weight",0.0175583440275304,0.160584836987019,0.87,0.89,100,0.0175583440275304,0.0175583440275304,0,0,0.08,0.0599999999999999
"Pearson","L_Y_sev__K_X_dich_2_5",20,0,0,4,4,0,0.0175583440275304,"CW",0.0138685351420662,0.166902466517565,0.86,0.87,100,0.0138685351420662,0.0138685351420662,-0.00368980888546416,0.00368980888546416,0.09,0.08
"Pearson","L_Y_sev__K_X_dich_2_5",20,0,0,4,4,0,0.0175583440275304,"PPW",-0.0168522264575893,0.142985129699922,0.9,0.89,100,-0.0168522264575893,0.0168522264575893,-0.0344105704851197,0.0344105704851197,0.0499999999999999,0.0599999999999999
"Pearson","L_Y_sev__K_X_dich_2_5",20,0,0,4,4,0,0.0175583440275304,"OPW",-0.0124202904060423,0.163548801641673,0.87,0.86,100,-0.0124202904060423,0.0124202904060423,-0.0299786344335727,0.0299786344335727,0.08,0.09
"Pearson","L_Y_sev__K_X_dich_2_5",20,0,0.5,0,0,0.4,0.377924280252174,"no_weight",0.377924280252174,0.134290131539649,0.92,0.89,100,-0.0220757197478256,0.0220757197478256,0,0,0.0299999999999999,0.0599999999999999
"Pearson","L_Y_sev__K_X_dich_2_5",20,0,0.5,0,0,0.4,0.377924280252174,"CW",0.379908703780557,0.133597488459516,0.92,0.91,100,-0.0200912962194434,0.0200912962194434,0.00198442352838213,0.00198442352838213,0.0299999999999999,0.0399999999999999
"Pearson","L_Y_sev__K_X_dich_2_5",20,0,0.5,0,0,0.4,0.377924280252174,"PPW",0.23501695110958,0.112932885920065,0.69,0.76,100,-0.16498304889042,0.16498304889042,-0.142907329142594,0.142907329142594,0.26,0.19
"Pearson","L_Y_sev__K_X_dich_2_5",20,0,0.5,0,0,0.4,0.377924280252174,"OPW",0.340665402319298,0.128809319294273,0.85,0.87,100,-0.0593345976807025,0.0593345976807025,-0.0372588779328769,0.0372588779328769,0.1,0.08
"Pearson","L_Y_sev__K_X_dich_2_5",20,0,0.5,0,4,0.4,0.294136570753405,"no_weight",0.294136570753405,0.139801836765555,0.81,0.87,100,-0.105863429246595,0.105863429246595,0,0,0.14,0.08
"Pearson","L_Y_sev__K_X_dich_2_5",20,0,0.5,0,4,0.4,0.294136570753405,"CW",0.322489541686763,0.139134180839548,0.85,0.9,100,-0.0775104583132374,0.0775104583132374,0.0283529709333576,0.0283529709333576,0.1,0.0499999999999999
"Pearson","L_Y_sev__K_X_dich_2_5",20,0,0.5,0,4,0.4,0.294136570753405,"PPW",0.221851389239709,0.120582397227399,0.71,0.91,100,-0.178148610760291,0.178148610760291,-0.072285181513696,0.072285181513696,0.24,0.0399999999999999
"Pearson","L_Y_sev__K_X_dich_2_5",20,0,0.5,0,4,0.4,0.294136570753405,"OPW",0.286710255400118,0.135308656923002,0.81,0.89,100,-0.113289744599882,0.113289744599882,-0.00742631535328742,0.00742631535328742,0.14,0.0599999999999999
"Pearson","L_Y_sev__K_X_dich_2_5",20,0,0.5,4,0,0.4,0.308793840705643,"no_weight",0.308793840705643,0.13723942550444,0.79,0.83,100,-0.0912061592943569,0.0912061592943569,0,0,0.16,0.12
"Pearson","L_Y_sev__K_X_dich_2_5",20,0,0.5,4,0,0.4,0.308793840705643,"CW",0.331522749471104,0.138148090255811,0.83,0.88,100,-0.0684772505288958,0.0684772505288958,0.0227289087654612,0.0227289087654612,0.12,0.07
"Pearson","L_Y_sev__K_X_dich_2_5",20,0,0.5,4,0,0.4,0.308793840705643,"PPW",0.233397512494612,0.119498304725594,0.7,0.84,100,-0.166602487505388,0.166602487505388,-0.075396328211031,0.075396328211031,0.25,0.11
"Pearson","L_Y_sev__K_X_dich_2_5",20,0,0.5,4,0,0.4,0.308793840705643,"OPW",0.307975234306614,0.132039712015324,0.8,0.86,100,-0.0920247656933864,0.0920247656933864,-0.00081860639902942,0.00081860639902942,0.15,0.09
"Pearson","L_Y_sev__K_X_dich_2_5",20,0,0.5,4,4,0.4,0.282697896382999,"no_weight",0.282697896382999,0.148930249498372,0.8,0.83,100,-0.117302103617001,0.117302103617001,0,0,0.15,0.12
"Pearson","L_Y_sev__K_X_dich_2_5",20,0,0.5,4,4,0.4,0.282697896382999,"CW",0.299404437938845,0.155837112339728,0.85,0.85,100,-0.100595562061155,0.100595562061155,0.0167065415558464,0.0167065415558464,0.1,0.1
"Pearson","L_Y_sev__K_X_dich_2_5",20,0,0.5,4,4,0.4,0.282697896382999,"PPW",0.174075931803222,0.137197226725605,0.65,0.83,100,-0.225924068196778,0.225924068196778,-0.108621964579777,0.108621964579777,0.3,0.12
"Pearson","L_Y_sev__K_X_dich_2_5",20,0,0.5,4,4,0.4,0.282697896382999,"OPW",0.258167822539213,0.156013318188806,0.79,0.86,100,-0.141832177460787,0.141832177460787,-0.0245300738437857,0.0245300738437857,0.16,0.09
"Pearson","L_Y_sev__K_X_dich_2_5",20,0.5,0,0,0,0.1,0.109346255644978,"no_weight",0.109346255644978,0.163207281315602,0.93,0.93,100,0.00934625564497769,0.00934625564497769,0,0,0.0199999999999999,0.0199999999999999
"Pearson","L_Y_sev__K_X_dich_2_5",20,0.5,0,0,0,0.1,0.109346255644978,"CW",0.108110166212168,0.163318615520353,0.93,0.92,100,0.00811016621216795,0.00811016621216795,-0.00123608943280974,0.00123608943280974,0.0199999999999999,0.0299999999999999
"Pearson","L_Y_sev__K_X_dich_2_5",20,0.5,0,0,0,0.1,0.109346255644978,"PPW",0.135050104530707,0.121883339380331,0.96,0.96,100,0.0350501045307065,0.0350501045307065,0.0257038488857288,0.0257038488857288,0.01,0.01
"Pearson","L_Y_sev__K_X_dich_2_5",20,0.5,0,0,0,0.1,0.109346255644978,"OPW",0.101960042351268,0.151126726383101,0.94,0.94,100,0.00196004235126815,0.00196004235126815,-0.00738621329370955,0.00738621329370955,0.01,0.01
"Pearson","L_Y_sev__K_X_dich_2_5",20,0.5,0,0,4,0.1,0.0467613058560301,"no_weight",0.0467613058560301,0.161558979358561,0.84,0.87,100,-0.0532386941439699,0.0532386941439699,0,0,0.11,0.08
"Pearson","L_Y_sev__K_X_dich_2_5",20,0.5,0,0,4,0.1,0.0467613058560301,"CW",0.0231314133403272,0.166473338467646,0.86,0.9,100,-0.0768685866596728,0.0768685866596728,-0.0236298925157029,0.0236298925157029,0.09,0.0499999999999999
"Pearson","L_Y_sev__K_X_dich_2_5",20,0.5,0,0,4,0.1,0.0467613058560301,"PPW",0.0743187812588163,0.132750652473022,0.89,0.88,100,-0.0256812187411837,0.0256812187411837,0.0275574754027863,0.0275574754027863,0.0599999999999999,0.07
"Pearson","L_Y_sev__K_X_dich_2_5",20,0.5,0,0,4,0.1,0.0467613058560301,"OPW",0.0368244452711863,0.157525135323326,0.85,0.92,100,-0.0631755547288137,0.0631755547288137,-0.00993686058484379,0.00993686058484379,0.1,0.0299999999999999
"Pearson","L_Y_sev__K_X_dich_2_5",20,0.5,0,4,0,0.1,0.092803515459299,"no_weight",0.092803515459299,0.157679026412958,0.88,0.86,100,-0.00719648454070099,0.00719648454070099,0,0,0.07,0.09
"Pearson","L_Y_sev__K_X_dich_2_5",20,0.5,0,4,0,0.1,0.092803515459299,"CW",0.0745276457700203,0.162574155710437,0.86,0.87,100,-0.0254723542299797,0.0254723542299797,-0.0182758696892787,0.0182758696892787,0.09,0.08
"Pearson","L_Y_sev__K_X_dich_2_5",20,0.5,0,4,0,0.1,0.092803515459299,"PPW",0.108860171249754,0.13549966900307,0.87,0.87,100,0.00886017124975433,0.00886017124975433,0.0160566557904553,0.0160566557904553,0.08,0.08
"Pearson","L_Y_sev__K_X_dich_2_5",20,0.5,0,4,0,0.1,0.092803515459299,"OPW",0.080793815654584,0.155445926097757,0.87,0.85,100,-0.019206184345416,0.019206184345416,-0.012009699804715,0.012009699804715,0.08,0.1
"Pearson","L_Y_sev__K_X_dich_2_5",20,0.5,0,4,4,0.1,0.0907784391345714,"no_weight",0.0907784391345714,0.166310054880733,0.86,0.87,100,-0.00922156086542865,0.00922156086542865,0,0,0.09,0.08
"Pearson","L_Y_sev__K_X_dich_2_5",20,0.5,0,4,4,0.1,0.0907784391345714,"CW",0.0397946168327839,0.176180327568743,0.87,0.87,100,-0.0602053831672161,0.0602053831672161,-0.0509838223017874,0.0509838223017874,0.08,0.08
"Pearson","L_Y_sev__K_X_dich_2_5",20,0.5,0,4,4,0.1,0.0907784391345714,"PPW",0.0695850685415808,0.151130274943152,0.88,0.89,100,-0.0304149314584193,0.0304149314584193,-0.0211933705929906,0.0211933705929906,0.07,0.0599999999999999
"Pearson","L_Y_sev__K_X_dich_2_5",20,0.5,0,4,4,0.1,0.0907784391345714,"OPW",0.0398966980719734,0.169372778675086,0.83,0.85,100,-0.0601033019280266,0.0601033019280266,-0.050881741062598,0.050881741062598,0.12,0.1
"Pearson","L_Y_sev__K_X_dich_2_5",20,0.5,0.5,0,0,0.5,0.460326813036876,"no_weight",0.460326813036876,0.128944741373147,0.89,0.89,100,-0.0396731869631245,0.0396731869631245,0,0,0.0599999999999999,0.0599999999999999
"Pearson","L_Y_sev__K_X_dich_2_5",20,0.5,0.5,0,0,0.5,0.460326813036876,"CW",0.459378150100537,0.128715490784522,0.91,0.88,100,-0.0406218498994634,0.0406218498994634,-0.00094866293633894,0.00094866293633894,0.0399999999999999,0.07
"Pearson","L_Y_sev__K_X_dich_2_5",20,0.5,0.5,0,0,0.5,0.460326813036876,"PPW",0.369872740636622,0.108305869691377,0.76,0.86,100,-0.130127259363378,0.130127259363378,-0.0904540724002539,0.0904540724002539,0.19,0.09
"Pearson","L_Y_sev__K_X_dich_2_5",20,0.5,0.5,0,0,0.5,0.460326813036876,"OPW",0.438752933850801,0.122429509208041,0.86,0.85,100,-0.0612470661491989,0.0612470661491989,-0.0215738791860745,0.0215738791860745,0.09,0.1
"Pearson","L_Y_sev__K_X_dich_2_5",20,0.5,0.5,0,4,0.5,0.387076834631654,"no_weight",0.387076834631654,0.135297452065469,0.85,0.85,100,-0.112923165368346,0.112923165368346,0,0,0.1,0.1
"Pearson","L_Y_sev__K_X_dich_2_5",20,0.5,0.5,0,4,0.5,0.387076834631654,"CW",0.39149824350245,0.136491662055681,0.84,0.84,100,-0.10850175649755,0.10850175649755,0.00442140887079656,0.00442140887079656,0.11,0.11
"Pearson","L_Y_sev__K_X_dich_2_5",20,0.5,0.5,0,4,0.5,0.387076834631654,"PPW",0.335696618005289,0.118602247556035,0.7,0.9,100,-0.164303381994711,0.164303381994711,-0.0513802166263653,0.0513802166263653,0.25,0.0499999999999999
"Pearson","L_Y_sev__K_X_dich_2_5",20,0.5,0.5,0,4,0.5,0.387076834631654,"OPW",0.369062942316685,0.134110064152833,0.79,0.86,100,-0.130937057683315,0.130937057683315,-0.0180138923149694,0.0180138923149694,0.16,0.09
"Pearson","L_Y_sev__K_X_dich_2_5",20,0.5,0.5,4,0,0.5,0.37987803383539,"no_weight",0.37987803383539,0.132772534010617,0.84,0.89,100,-0.12012196616461,0.12012196616461,0,0,0.11,0.0599999999999999
"Pearson","L_Y_sev__K_X_dich_2_5",20,0.5,0.5,4,0,0.5,0.37987803383539,"CW",0.397713795396384,0.134244980447354,0.87,0.91,100,-0.102286204603616,0.102286204603616,0.017835761560994,0.017835761560994,0.08,0.0399999999999999
"Pearson","L_Y_sev__K_X_dich_2_5",20,0.5,0.5,4,0,0.5,0.37987803383539,"PPW",0.334433774896472,0.120644822372377,0.75,0.94,100,-0.165566225103528,0.165566225103528,-0.0454442589389177,0.0454442589389177,0.2,0.01
"Pearson","L_Y_sev__K_X_dich_2_5",20,0.5,0.5,4,0,0.5,0.37987803383539,"OPW",0.382675327539852,0.132416908118059,0.85,0.94,100,-0.117324672460148,0.117324672460148,0.00279729370446163,0.00279729370446163,0.1,0.01
"Pearson","L_Y_sev__K_X_dich_2_5",20,0.5,0.5,4,4,0.5,0.360183382543429,"no_weight",0.360183382543429,0.137305016040418,0.78,0.84,100,-0.139816617456571,0.139816617456571,0,0,0.17,0.11
"Pearson","L_Y_sev__K_X_dich_2_5",20,0.5,0.5,4,4,0.5,0.360183382543429,"CW",0.353059272740844,0.144586268421705,0.79,0.86,100,-0.146940727259156,0.146940727259156,-0.00712410980258532,0.00712410980258532,0.16,0.09
"Pearson","L_Y_sev__K_X_dich_2_5",20,0.5,0.5,4,4,0.5,0.360183382543429,"PPW",0.322819378724476,0.12926002810534,0.74,0.88,100,-0.177180621275524,0.177180621275524,-0.037364003818953,0.037364003818953,0.21,0.07
"Pearson","L_Y_sev__K_X_dich_2_5",20,0.5,0.5,4,4,0.5,0.360183382543429,"OPW",0.345324833812356,0.142718239419225,0.77,0.9,100,-0.154675166187644,0.154675166187644,-0.014858548731073,0.014858548731073,0.18,0.0499999999999999
"Pearson","L_Y_sev__K_X_dich_3_5",20,0,0,0,0,0,-0.0199637926057045,"no_weight",-0.0199637926057045,0.162509347941674,0.88,0.86,100,-0.0199637926057045,0.0199637926057045,0,0,0.07,0.09
"Pearson","L_Y_sev__K_X_dich_3_5",20,0,0,0,0,0,-0.0199637926057045,"CW",-0.0190950472862701,0.16217256659962,0.89,0.86,100,-0.0190950472862701,0.0190950472862701,0.000868745319434462,0.000868745319434462,0.0599999999999999,0.09
"Pearson","L_Y_sev__K_X_dich_3_5",20,0,0,0,0,0,-0.0199637926057045,"PPW",-0.000793568991863329,0.133140116989272,0.92,0.92,100,-0.000793568991863329,0.000793568991863329,0.0191702236138412,0.0191702236138412,0.0299999999999999,0.0299999999999999
"Pearson","L_Y_sev__K_X_dich_3_5",20,0,0,0,0,0,-0.0199637926057045,"OPW",-0.0161690613552049,0.155999768515295,0.9,0.9,100,-0.0161690613552049,0.0161690613552049,0.00379473125049962,0.00379473125049962,0.0499999999999999,0.0499999999999999
"Pearson","L_Y_sev__K_X_dich_3_5",20,0,0,0,4,0,-0.00225587854175545,"no_weight",-0.00225587854175545,0.163720846101758,0.87,0.88,100,-0.00225587854175545,0.00225587854175545,0,0,0.08,0.07
"Pearson","L_Y_sev__K_X_dich_3_5",20,0,0,0,4,0,-0.00225587854175545,"CW",0.00104113349710805,0.166185250853956,0.91,0.91,100,0.00104113349710805,0.00104113349710805,0.0032970120388635,0.0032970120388635,0.0399999999999999,0.0399999999999999
"Pearson","L_Y_sev__K_X_dich_3_5",20,0,0,0,4,0,-0.00225587854175545,"PPW",-0.0194844395960557,0.139978171615278,0.9,0.92,100,-0.0194844395960557,0.0194844395960557,-0.0172285610543003,0.0172285610543003,0.0499999999999999,0.0299999999999999
"Pearson","L_Y_sev__K_X_dich_3_5",20,0,0,0,4,0,-0.00225587854175545,"OPW",-0.00875582110487503,0.157074780379663,0.9,0.9,100,-0.00875582110487503,0.00875582110487503,-0.00649994256311958,0.00649994256311958,0.0499999999999999,0.0499999999999999
"Pearson","L_Y_sev__K_X_dich_3_5",20,0,0,4,0,0,0.0127474969761225,"no_weight",0.0127474969761225,0.157700200709008,0.92,0.91,100,0.0127474969761225,0.0127474969761225,0,0,0.0299999999999999,0.0399999999999999
"Pearson","L_Y_sev__K_X_dich_3_5",20,0,0,4,0,0,0.0127474969761225,"CW",0.0128939663092042,0.163818507859304,0.87,0.87,100,0.0128939663092042,0.0128939663092042,0.000146469333081741,0.000146469333081741,0.08,0.08
"Pearson","L_Y_sev__K_X_dich_3_5",20,0,0,4,0,0,0.0127474969761225,"PPW",0.013245955738664,0.146377867460146,0.9,0.89,100,0.013245955738664,0.013245955738664,0.000498458762541476,0.000498458762541476,0.0499999999999999,0.0599999999999999
"Pearson","L_Y_sev__K_X_dich_3_5",20,0,0,4,0,0,0.0127474969761225,"OPW",0.0067059149794826,0.162627463323104,0.89,0.88,100,0.0067059149794826,0.0067059149794826,-0.0060415819966399,0.0060415819966399,0.0599999999999999,0.07
"Pearson","L_Y_sev__K_X_dich_3_5",20,0,0,4,4,0,0.0175583440275304,"no_weight",0.0175583440275304,0.160584836987019,0.87,0.89,100,0.0175583440275304,0.0175583440275304,0,0,0.08,0.0599999999999999
"Pearson","L_Y_sev__K_X_dich_3_5",20,0,0,4,4,0,0.0175583440275304,"CW",0.0138685351420662,0.166902466517565,0.86,0.87,100,0.0138685351420662,0.0138685351420662,-0.00368980888546416,0.00368980888546416,0.09,0.08
"Pearson","L_Y_sev__K_X_dich_3_5",20,0,0,4,4,0,0.0175583440275304,"PPW",0.00408550274249771,0.152786897947221,0.88,0.87,100,0.00408550274249771,0.00408550274249771,-0.0134728412850327,0.0134728412850327,0.07,0.08
"Pearson","L_Y_sev__K_X_dich_3_5",20,0,0,4,4,0,0.0175583440275304,"OPW",0.00142843407852031,0.16522939407371,0.87,0.85,100,0.00142843407852031,0.00142843407852031,-0.0161299099490101,0.0161299099490101,0.08,0.1
"Pearson","L_Y_sev__K_X_dich_3_5",20,0,0.5,0,0,0.4,0.377924280252174,"no_weight",0.377924280252174,0.134290131539649,0.92,0.89,100,-0.0220757197478256,0.0220757197478256,0,0,0.0299999999999999,0.0599999999999999
"Pearson","L_Y_sev__K_X_dich_3_5",20,0,0.5,0,0,0.4,0.377924280252174,"CW",0.379908703780557,0.133597488459516,0.92,0.91,100,-0.0200912962194434,0.0200912962194434,0.00198442352838213,0.00198442352838213,0.0299999999999999,0.0399999999999999
"Pearson","L_Y_sev__K_X_dich_3_5",20,0,0.5,0,0,0.4,0.377924280252174,"PPW",0.26767256368911,0.121700258795905,0.86,0.91,100,-0.13232743631089,0.13232743631089,-0.110251716563064,0.110251716563064,0.09,0.0399999999999999
"Pearson","L_Y_sev__K_X_dich_3_5",20,0,0.5,0,0,0.4,0.377924280252174,"OPW",0.353954940247248,0.1306927407685,0.91,0.93,100,-0.0460450597527518,0.0460450597527518,-0.0239693400049262,0.0239693400049262,0.0399999999999999,0.0199999999999999
"Pearson","L_Y_sev__K_X_dich_3_5",20,0,0.5,0,4,0.4,0.294136570753405,"no_weight",0.294136570753405,0.139801836765555,0.81,0.87,100,-0.105863429246595,0.105863429246595,0,0,0.14,0.08
"Pearson","L_Y_sev__K_X_dich_3_5",20,0,0.5,0,4,0.4,0.294136570753405,"CW",0.322489541686763,0.139134180839548,0.85,0.9,100,-0.0775104583132374,0.0775104583132374,0.0283529709333576,0.0283529709333576,0.1,0.0499999999999999
"Pearson","L_Y_sev__K_X_dich_3_5",20,0,0.5,0,4,0.4,0.294136570753405,"PPW",0.233062390765073,0.129416961866643,0.75,0.9,100,-0.166937609234927,0.166937609234927,-0.0610741799883325,0.0610741799883325,0.2,0.0499999999999999
"Pearson","L_Y_sev__K_X_dich_3_5",20,0,0.5,0,4,0.4,0.294136570753405,"OPW",0.288363341468634,0.138039718491078,0.83,0.89,100,-0.111636658531366,0.111636658531366,-0.0057732292847712,0.0057732292847712,0.12,0.0599999999999999
"Pearson","L_Y_sev__K_X_dich_3_5",20,0,0.5,4,0,0.4,0.308793840705643,"no_weight",0.308793840705643,0.13723942550444,0.79,0.83,100,-0.0912061592943569,0.0912061592943569,0,0,0.16,0.12
"Pearson","L_Y_sev__K_X_dich_3_5",20,0,0.5,4,0,0.4,0.308793840705643,"CW",0.331522749471104,0.138148090255811,0.83,0.88,100,-0.0684772505288958,0.0684772505288958,0.0227289087654612,0.0227289087654612,0.12,0.07
"Pearson","L_Y_sev__K_X_dich_3_5",20,0,0.5,4,0,0.4,0.308793840705643,"PPW",0.261510206454143,0.127953069996844,0.74,0.86,100,-0.138489793545857,0.138489793545857,-0.0472836342515005,0.0472836342515005,0.21,0.09
"Pearson","L_Y_sev__K_X_dich_3_5",20,0,0.5,4,0,0.4,0.308793840705643,"OPW",0.317977370598003,0.134311137297374,0.84,0.87,100,-0.0820226294019974,0.0820226294019974,0.00918352989235949,0.00918352989235949,0.11,0.08
"Pearson","L_Y_sev__K_X_dich_3_5",20,0,0.5,4,4,0.4,0.282697896382999,"no_weight",0.282697896382999,0.148930249498372,0.8,0.83,100,-0.117302103617001,0.117302103617001,0,0,0.15,0.12
"Pearson","L_Y_sev__K_X_dich_3_5",20,0,0.5,4,4,0.4,0.282697896382999,"CW",0.299404437938845,0.155837112339728,0.85,0.85,100,-0.100595562061155,0.100595562061155,0.0167065415558464,0.0167065415558464,0.1,0.1
"Pearson","L_Y_sev__K_X_dich_3_5",20,0,0.5,4,4,0.4,0.282697896382999,"PPW",0.207966019788479,0.143858867813129,0.78,0.87,100,-0.192033980211521,0.192033980211521,-0.0747318765945199,0.0747318765945199,0.17,0.08
"Pearson","L_Y_sev__K_X_dich_3_5",20,0,0.5,4,4,0.4,0.282697896382999,"OPW",0.273178991048895,0.155697183131654,0.84,0.86,100,-0.126821008951105,0.126821008951105,-0.00951890533410393,0.00951890533410393,0.11,0.09
"Pearson","L_Y_sev__K_X_dich_3_5",20,0.5,0,0,0,0.1,0.109346255644978,"no_weight",0.109346255644978,0.163207281315602,0.93,0.93,100,0.00934625564497769,0.00934625564497769,0,0,0.0199999999999999,0.0199999999999999
"Pearson","L_Y_sev__K_X_dich_3_5",20,0.5,0,0,0,0.1,0.109346255644978,"CW",0.108110166212168,0.163318615520353,0.93,0.92,100,0.00811016621216795,0.00811016621216795,-0.00123608943280974,0.00123608943280974,0.0199999999999999,0.0299999999999999
"Pearson","L_Y_sev__K_X_dich_3_5",20,0.5,0,0,0,0.1,0.109346255644978,"PPW",0.14628644631243,0.135241731681442,0.95,0.95,100,0.0462864463124302,0.0462864463124302,0.0369401906674525,0.0369401906674525,0,0
"Pearson","L_Y_sev__K_X_dich_3_5",20,0.5,0,0,0,0.1,0.109346255644978,"OPW",0.113333647399238,0.155790336702842,0.94,0.96,100,0.0133336473992382,0.0133336473992382,0.00398739175426054,0.00398739175426054,0.01,0.01
"Pearson","L_Y_sev__K_X_dich_3_5",20,0.5,0,0,4,0.1,0.0467613058560301,"no_weight",0.0467613058560301,0.161558979358561,0.84,0.87,100,-0.0532386941439699,0.0532386941439699,0,0,0.11,0.08
"Pearson","L_Y_sev__K_X_dich_3_5",20,0.5,0,0,4,0.1,0.0467613058560301,"CW",0.0231314133403272,0.166473338467646,0.86,0.9,100,-0.0768685866596728,0.0768685866596728,-0.0236298925157029,0.0236298925157029,0.09,0.0499999999999999
"Pearson","L_Y_sev__K_X_dich_3_5",20,0.5,0,0,4,0.1,0.0467613058560301,"PPW",0.0573928784651013,0.144502471922765,0.88,0.9,100,-0.0426071215348988,0.0426071215348988,0.0106315726090712,0.0106315726090712,0.07,0.0499999999999999
"Pearson","L_Y_sev__K_X_dich_3_5",20,0.5,0,0,4,0.1,0.0467613058560301,"OPW",0.0371863623829877,0.162445181060269,0.87,0.93,100,-0.0628136376170123,0.0628136376170123,-0.0095749434730424,0.0095749434730424,0.08,0.0199999999999999
"Pearson","L_Y_sev__K_X_dich_3_5",20,0.5,0,4,0,0.1,0.092803515459299,"no_weight",0.092803515459299,0.157679026412958,0.88,0.86,100,-0.00719648454070099,0.00719648454070099,0,0,0.07,0.09
"Pearson","L_Y_sev__K_X_dich_3_5",20,0.5,0,4,0,0.1,0.092803515459299,"CW",0.0745276457700203,0.162574155710437,0.86,0.87,100,-0.0254723542299797,0.0254723542299797,-0.0182758696892787,0.0182758696892787,0.09,0.08
"Pearson","L_Y_sev__K_X_dich_3_5",20,0.5,0,4,0,0.1,0.092803515459299,"PPW",0.118389510757656,0.145858978141575,0.88,0.87,100,0.0183895107576561,0.0183895107576561,0.0255859952983571,0.0255859952983571,0.07,0.08
"Pearson","L_Y_sev__K_X_dich_3_5",20,0.5,0,4,0,0.1,0.092803515459299,"OPW",0.0879768695860889,0.158290061978667,0.89,0.86,100,-0.0120231304139111,0.0120231304139111,-0.00482664587321009,0.00482664587321009,0.0599999999999999,0.09
"Pearson","L_Y_sev__K_X_dich_3_5",20,0.5,0,4,4,0.1,0.0907784391345714,"no_weight",0.0907784391345714,0.166310054880733,0.86,0.87,100,-0.00922156086542865,0.00922156086542865,0,0,0.09,0.08
"Pearson","L_Y_sev__K_X_dich_3_5",20,0.5,0,4,4,0.1,0.0907784391345714,"CW",0.0397946168327839,0.176180327568743,0.87,0.87,100,-0.0602053831672161,0.0602053831672161,-0.0509838223017874,0.0509838223017874,0.08,0.08
"Pearson","L_Y_sev__K_X_dich_3_5",20,0.5,0,4,4,0.1,0.0907784391345714,"PPW",0.0931260376801083,0.159150340837373,0.89,0.87,100,-0.00687396231989175,0.00687396231989175,0.0023475985455369,0.0023475985455369,0.0599999999999999,0.08
"Pearson","L_Y_sev__K_X_dich_3_5",20,0.5,0,4,4,0.1,0.0907784391345714,"OPW",0.0558202827885382,0.172385073665398,0.86,0.87,100,-0.0441797172114618,0.0441797172114618,-0.0349581563460331,0.0349581563460331,0.09,0.08
"Pearson","L_Y_sev__K_X_dich_3_5",20,0.5,0.5,0,0,0.5,0.460326813036876,"no_weight",0.460326813036876,0.128944741373147,0.89,0.89,100,-0.0396731869631245,0.0396731869631245,0,0,0.0599999999999999,0.0599999999999999
"Pearson","L_Y_sev__K_X_dich_3_5",20,0.5,0.5,0,0,0.5,0.460326813036876,"CW",0.459378150100537,0.128715490784522,0.91,0.88,100,-0.0406218498994634,0.0406218498994634,-0.00094866293633894,0.00094866293633894,0.0399999999999999,0.07
"Pearson","L_Y_sev__K_X_dich_3_5",20,0.5,0.5,0,0,0.5,0.460326813036876,"PPW",0.403967291876145,0.115234105514632,0.91,0.94,100,-0.0960327081238545,0.0960327081238545,-0.05635952116073,0.05635952116073,0.0399999999999999,0.01
"Pearson","L_Y_sev__K_X_dich_3_5",20,0.5,0.5,0,0,0.5,0.460326813036876,"OPW",0.451445158553474,0.124957536939265,0.93,0.9,100,-0.0485548414465263,0.0485548414465263,-0.00888165448340184,0.00888165448340184,0.0199999999999999,0.0499999999999999
"Pearson","L_Y_sev__K_X_dich_3_5",20,0.5,0.5,0,4,0.5,0.387076834631654,"no_weight",0.387076834631654,0.135297452065469,0.85,0.85,100,-0.112923165368346,0.112923165368346,0,0,0.1,0.1
"Pearson","L_Y_sev__K_X_dich_3_5",20,0.5,0.5,0,4,0.5,0.387076834631654,"CW",0.39149824350245,0.136491662055681,0.84,0.84,100,-0.10850175649755,0.10850175649755,0.00442140887079656,0.00442140887079656,0.11,0.11
"Pearson","L_Y_sev__K_X_dich_3_5",20,0.5,0.5,0,4,0.5,0.387076834631654,"PPW",0.34581413275599,0.125966932280031,0.79,0.89,100,-0.15418586724401,0.15418586724401,-0.0412627018756638,0.0412627018756638,0.16,0.0599999999999999
"Pearson","L_Y_sev__K_X_dich_3_5",20,0.5,0.5,0,4,0.5,0.387076834631654,"OPW",0.378565057110994,0.134277817029495,0.81,0.85,100,-0.121434942889006,0.121434942889006,-0.00851177752065962,0.00851177752065962,0.14,0.1
"Pearson","L_Y_sev__K_X_dich_3_5",20,0.5,0.5,4,0,0.5,0.37987803383539,"no_weight",0.37987803383539,0.132772534010617,0.84,0.89,100,-0.12012196616461,0.12012196616461,0,0,0.11,0.0599999999999999
"Pearson","L_Y_sev__K_X_dich_3_5",20,0.5,0.5,4,0,0.5,0.37987803383539,"CW",0.397713795396384,0.134244980447354,0.87,0.91,100,-0.102286204603616,0.102286204603616,0.017835761560994,0.017835761560994,0.08,0.0399999999999999
"Pearson","L_Y_sev__K_X_dich_3_5",20,0.5,0.5,4,0,0.5,0.37987803383539,"PPW",0.377567509150832,0.124603376970015,0.88,0.91,100,-0.122432490849168,0.122432490849168,-0.00231052468455845,0.00231052468455845,0.07,0.0399999999999999
"Pearson","L_Y_sev__K_X_dich_3_5",20,0.5,0.5,4,0,0.5,0.37987803383539,"OPW",0.398042931561828,0.132794525016932,0.84,0.89,100,-0.101957068438172,0.101957068438172,0.0181648977264379,0.0181648977264379,0.11,0.0599999999999999
"Pearson","L_Y_sev__K_X_dich_3_5",20,0.5,0.5,4,4,0.5,0.360183382543429,"no_weight",0.360183382543429,0.137305016040418,0.78,0.84,100,-0.139816617456571,0.139816617456571,0,0,0.17,0.11
"Pearson","L_Y_sev__K_X_dich_3_5",20,0.5,0.5,4,4,0.5,0.360183382543429,"CW",0.353059272740844,0.144586268421705,0.79,0.86,100,-0.146940727259156,0.146940727259156,-0.00712410980258532,0.00712410980258532,0.16,0.09
"Pearson","L_Y_sev__K_X_dich_3_5",20,0.5,0.5,4,4,0.5,0.360183382543429,"PPW",0.347582020282708,0.13113398519148,0.76,0.9,100,-0.152417979717292,0.152417979717292,-0.0126013622607209,0.0126013622607209,0.19,0.0499999999999999
"Pearson","L_Y_sev__K_X_dich_3_5",20,0.5,0.5,4,4,0.5,0.360183382543429,"OPW",0.357402247138848,0.140324094944599,0.78,0.91,100,-0.142597752861152,0.142597752861152,-0.00278113540458075,0.00278113540458075,0.17,0.0399999999999999
"Pearson","L_Y_sev__K_X_dich_4_5",20,0,0,0,0,0,-0.0199637926057045,"no_weight",-0.0199637926057045,0.162509347941674,0.88,0.86,100,-0.0199637926057045,0.0199637926057045,0,0,0.07,0.09
"Pearson","L_Y_sev__K_X_dich_4_5",20,0,0,0,0,0,-0.0199637926057045,"CW",-0.0190950472862701,0.16217256659962,0.89,0.86,100,-0.0190950472862701,0.0190950472862701,0.000868745319434462,0.000868745319434462,0.0599999999999999,0.09
"Pearson","L_Y_sev__K_X_dich_4_5",20,0,0,0,0,0,-0.0199637926057045,"PPW",-0.00284277293233909,0.133739969576304,0.91,0.92,100,-0.00284277293233909,0.00284277293233909,0.0171210196733654,0.0171210196733654,0.0399999999999999,0.0299999999999999
"Pearson","L_Y_sev__K_X_dich_4_5",20,0,0,0,0,0,-0.0199637926057045,"OPW",-0.0191180411765682,0.154952813064842,0.87,0.87,100,-0.0191180411765682,0.0191180411765682,0.000845751429136291,0.000845751429136291,0.08,0.08
"Pearson","L_Y_sev__K_X_dich_4_5",20,0,0,0,4,0,-0.00225587854175545,"no_weight",-0.00225587854175545,0.163720846101758,0.87,0.88,100,-0.00225587854175545,0.00225587854175545,0,0,0.08,0.07
"Pearson","L_Y_sev__K_X_dich_4_5",20,0,0,0,4,0,-0.00225587854175545,"CW",0.00104113349710805,0.166185250853956,0.91,0.91,100,0.00104113349710805,0.00104113349710805,0.0032970120388635,0.0032970120388635,0.0399999999999999,0.0399999999999999
"Pearson","L_Y_sev__K_X_dich_4_5",20,0,0,0,4,0,-0.00225587854175545,"PPW",0.00398751872404886,0.140627030517061,0.92,0.92,100,0.00398751872404886,0.00398751872404886,0.0062433972658043,0.0062433972658043,0.0299999999999999,0.0299999999999999
"Pearson","L_Y_sev__K_X_dich_4_5",20,0,0,0,4,0,-0.00225587854175545,"OPW",-0.000423863002718201,0.157618310706743,0.9,0.9,100,-0.000423863002718201,0.000423863002718201,0.00183201553903724,0.00183201553903724,0.0499999999999999,0.0499999999999999
"Pearson","L_Y_sev__K_X_dich_4_5",20,0,0,4,0,0,0.0127474969761225,"no_weight",0.0127474969761225,0.157700200709008,0.92,0.91,100,0.0127474969761225,0.0127474969761225,0,0,0.0299999999999999,0.0399999999999999
"Pearson","L_Y_sev__K_X_dich_4_5",20,0,0,4,0,0,0.0127474969761225,"CW",0.0128939663092042,0.163818507859304,0.87,0.87,100,0.0128939663092042,0.0128939663092042,0.000146469333081741,0.000146469333081741,0.08,0.08
"Pearson","L_Y_sev__K_X_dich_4_5",20,0,0,4,0,0,0.0127474969761225,"PPW",0.00955754927912459,0.137205869619055,0.88,0.91,100,0.00955754927912459,0.00955754927912459,-0.00318994769699791,0.00318994769699791,0.07,0.0399999999999999
"Pearson","L_Y_sev__K_X_dich_4_5",20,0,0,4,0,0,0.0127474969761225,"OPW",0.00690372159064878,0.159449540410349,0.92,0.89,100,0.00690372159064878,0.00690372159064878,-0.00584377538547373,0.00584377538547373,0.0299999999999999,0.0599999999999999
"Pearson","L_Y_sev__K_X_dich_4_5",20,0,0,4,4,0,0.0175583440275304,"no_weight",0.0175583440275304,0.160584836987019,0.87,0.89,100,0.0175583440275304,0.0175583440275304,0,0,0.08,0.0599999999999999
"Pearson","L_Y_sev__K_X_dich_4_5",20,0,0,4,4,0,0.0175583440275304,"CW",0.0138685351420662,0.166902466517565,0.86,0.87,100,0.0138685351420662,0.0138685351420662,-0.00368980888546416,0.00368980888546416,0.09,0.08
"Pearson","L_Y_sev__K_X_dich_4_5",20,0,0,4,4,0,0.0175583440275304,"PPW",0.0154726025882341,0.148449971584909,0.86,0.84,100,0.0154726025882341,0.0154726025882341,-0.00208574143929626,0.00208574143929626,0.09,0.11
"Pearson","L_Y_sev__K_X_dich_4_5",20,0,0,4,4,0,0.0175583440275304,"OPW",0.00567640981348346,0.164493254005238,0.86,0.84,100,0.00567640981348346,0.00567640981348346,-0.0118819342140469,0.0118819342140469,0.09,0.11
"Pearson","L_Y_sev__K_X_dich_4_5",20,0,0.5,0,0,0.4,0.377924280252174,"no_weight",0.377924280252174,0.134290131539649,0.92,0.89,100,-0.0220757197478256,0.0220757197478256,0,0,0.0299999999999999,0.0599999999999999
"Pearson","L_Y_sev__K_X_dich_4_5",20,0,0.5,0,0,0.4,0.377924280252174,"CW",0.379908703780557,0.133597488459516,0.92,0.91,100,-0.0200912962194434,0.0200912962194434,0.00198442352838213,0.00198442352838213,0.0299999999999999,0.0399999999999999
"Pearson","L_Y_sev__K_X_dich_4_5",20,0,0.5,0,0,0.4,0.377924280252174,"PPW",0.27067691718062,0.123101797598055,0.83,0.88,100,-0.12932308281938,0.12932308281938,-0.107247363071554,0.107247363071554,0.12,0.07
"Pearson","L_Y_sev__K_X_dich_4_5",20,0,0.5,0,0,0.4,0.377924280252174,"OPW",0.356789575985921,0.130020028268593,0.91,0.92,100,-0.0432104240140794,0.0432104240140794,-0.0211347042662538,0.0211347042662538,0.0399999999999999,0.0299999999999999
"Pearson","L_Y_sev__K_X_dich_4_5",20,0,0.5,0,4,0.4,0.294136570753405,"no_weight",0.294136570753405,0.139801836765555,0.81,0.87,100,-0.105863429246595,0.105863429246595,0,0,0.14,0.08
"Pearson","L_Y_sev__K_X_dich_4_5",20,0,0.5,0,4,0.4,0.294136570753405,"CW",0.322489541686763,0.139134180839548,0.85,0.9,100,-0.0775104583132374,0.0775104583132374,0.0283529709333576,0.0283529709333576,0.1,0.0499999999999999
"Pearson","L_Y_sev__K_X_dich_4_5",20,0,0.5,0,4,0.4,0.294136570753405,"PPW",0.257422724008551,0.123804910153748,0.81,0.93,100,-0.142577275991449,0.142577275991449,-0.0367138467448538,0.0367138467448538,0.14,0.0199999999999999
"Pearson","L_Y_sev__K_X_dich_4_5",20,0,0.5,0,4,0.4,0.294136570753405,"OPW",0.298739662634456,0.134353624377222,0.86,0.88,100,-0.101260337365544,0.101260337365544,0.00460309188105135,0.00460309188105135,0.09,0.07
"Pearson","L_Y_sev__K_X_dich_4_5",20,0,0.5,4,0,0.4,0.308793840705643,"no_weight",0.308793840705643,0.13723942550444,0.79,0.83,100,-0.0912061592943569,0.0912061592943569,0,0,0.16,0.12
"Pearson","L_Y_sev__K_X_dich_4_5",20,0,0.5,4,0,0.4,0.308793840705643,"CW",0.331522749471104,0.138148090255811,0.83,0.88,100,-0.0684772505288958,0.0684772505288958,0.0227289087654612,0.0227289087654612,0.12,0.07
"Pearson","L_Y_sev__K_X_dich_4_5",20,0,0.5,4,0,0.4,0.308793840705643,"PPW",0.249259340801802,0.124646731234844,0.76,0.87,100,-0.150740659198198,0.150740659198198,-0.059534499903841,0.059534499903841,0.19,0.08
"Pearson","L_Y_sev__K_X_dich_4_5",20,0,0.5,4,0,0.4,0.308793840705643,"OPW",0.315052569878993,0.133137166959727,0.8,0.88,100,-0.0849474301210066,0.0849474301210066,0.00625872917335035,0.00625872917335035,0.15,0.07
"Pearson","L_Y_sev__K_X_dich_4_5",20,0,0.5,4,4,0.4,0.282697896382999,"no_weight",0.282697896382999,0.148930249498372,0.8,0.83,100,-0.117302103617001,0.117302103617001,0,0,0.15,0.12
"Pearson","L_Y_sev__K_X_dich_4_5",20,0,0.5,4,4,0.4,0.282697896382999,"CW",0.299404437938845,0.155837112339728,0.85,0.85,100,-0.100595562061155,0.100595562061155,0.0167065415558464,0.0167065415558464,0.1,0.1
"Pearson","L_Y_sev__K_X_dich_4_5",20,0,0.5,4,4,0.4,0.282697896382999,"PPW",0.210058636489266,0.13884717891457,0.73,0.9,100,-0.189941363510734,0.189941363510734,-0.0726392598937323,0.0726392598937323,0.22,0.0499999999999999
"Pearson","L_Y_sev__K_X_dich_4_5",20,0,0.5,4,4,0.4,0.282697896382999,"OPW",0.275389495513211,0.15401944720326,0.83,0.86,100,-0.124610504486789,0.124610504486789,-0.00730840086978773,0.00730840086978773,0.12,0.09
"Pearson","L_Y_sev__K_X_dich_4_5",20,0.5,0,0,0,0.1,0.109346255644978,"no_weight",0.109346255644978,0.163207281315602,0.93,0.93,100,0.00934625564497769,0.00934625564497769,0,0,0.0199999999999999,0.0199999999999999
"Pearson","L_Y_sev__K_X_dich_4_5",20,0.5,0,0,0,0.1,0.109346255644978,"CW",0.108110166212168,0.163318615520353,0.93,0.92,100,0.00811016621216795,0.00811016621216795,-0.00123608943280974,0.00123608943280974,0.0199999999999999,0.0299999999999999
"Pearson","L_Y_sev__K_X_dich_4_5",20,0.5,0,0,0,0.1,0.109346255644978,"PPW",0.150291277167549,0.134485828661906,0.93,0.93,100,0.0502912771675488,0.0502912771675488,0.0409450215225711,0.0409450215225711,0.0199999999999999,0.0199999999999999
"Pearson","L_Y_sev__K_X_dich_4_5",20,0.5,0,0,0,0.1,0.109346255644978,"OPW",0.111867562789804,0.155250852369863,0.95,0.95,100,0.0118675627898042,0.0118675627898042,0.00252130714482646,0.00252130714482646,0,0
"Pearson","L_Y_sev__K_X_dich_4_5",20,0.5,0,0,4,0.1,0.0467613058560301,"no_weight",0.0467613058560301,0.161558979358561,0.84,0.87,100,-0.0532386941439699,0.0532386941439699,0,0,0.11,0.08
"Pearson","L_Y_sev__K_X_dich_4_5",20,0.5,0,0,4,0.1,0.0467613058560301,"CW",0.0231314133403272,0.166473338467646,0.86,0.9,100,-0.0768685866596728,0.0768685866596728,-0.0236298925157029,0.0236298925157029,0.09,0.0499999999999999
"Pearson","L_Y_sev__K_X_dich_4_5",20,0.5,0,0,4,0.1,0.0467613058560301,"PPW",0.0897203967129374,0.142815478257891,0.86,0.86,100,-0.0102796032870626,0.0102796032870626,0.0429590908569073,0.0429590908569073,0.09,0.09
"Pearson","L_Y_sev__K_X_dich_4_5",20,0.5,0,0,4,0.1,0.0467613058560301,"OPW",0.0481310640389994,0.161454446352738,0.89,0.93,100,-0.0518689359610006,0.0518689359610006,0.00136975818296933,0.00136975818296933,0.0599999999999999,0.0199999999999999
"Pearson","L_Y_sev__K_X_dich_4_5",20,0.5,0,4,0,0.1,0.092803515459299,"no_weight",0.092803515459299,0.157679026412958,0.88,0.86,100,-0.00719648454070099,0.00719648454070099,0,0,0.07,0.09
"Pearson","L_Y_sev__K_X_dich_4_5",20,0.5,0,4,0,0.1,0.092803515459299,"CW",0.0745276457700203,0.162574155710437,0.86,0.87,100,-0.0254723542299797,0.0254723542299797,-0.0182758696892787,0.0182758696892787,0.09,0.08
"Pearson","L_Y_sev__K_X_dich_4_5",20,0.5,0,4,0,0.1,0.092803515459299,"PPW",0.115691843673455,0.140513957962706,0.88,0.87,100,0.0156918436734551,0.0156918436734551,0.0228883282141561,0.0228883282141561,0.07,0.08
"Pearson","L_Y_sev__K_X_dich_4_5",20,0.5,0,4,0,0.1,0.092803515459299,"OPW",0.0813817788016843,0.156846259162016,0.89,0.88,100,-0.0186182211983157,0.0186182211983157,-0.0114217366576147,0.0114217366576147,0.0599999999999999,0.07
"Pearson","L_Y_sev__K_X_dich_4_5",20,0.5,0,4,4,0.1,0.0907784391345714,"no_weight",0.0907784391345714,0.166310054880733,0.86,0.87,100,-0.00922156086542865,0.00922156086542865,0,0,0.09,0.08
"Pearson","L_Y_sev__K_X_dich_4_5",20,0.5,0,4,4,0.1,0.0907784391345714,"CW",0.0397946168327839,0.176180327568743,0.87,0.87,100,-0.0602053831672161,0.0602053831672161,-0.0509838223017874,0.0509838223017874,0.08,0.08
"Pearson","L_Y_sev__K_X_dich_4_5",20,0.5,0,4,4,0.1,0.0907784391345714,"PPW",0.102162526564434,0.154031895604295,0.87,0.87,100,0.00216252656443375,0.00216252656443375,0.0113840874298624,0.0113840874298624,0.08,0.08
"Pearson","L_Y_sev__K_X_dich_4_5",20,0.5,0,4,4,0.1,0.0907784391345714,"OPW",0.0559418595499714,0.171260948439533,0.86,0.86,100,-0.0440581404500286,0.0440581404500286,-0.0348365795846,0.0348365795846,0.09,0.09
"Pearson","L_Y_sev__K_X_dich_4_5",20,0.5,0.5,0,0,0.5,0.460326813036876,"no_weight",0.460326813036876,0.128944741373147,0.89,0.89,100,-0.0396731869631245,0.0396731869631245,0,0,0.0599999999999999,0.0599999999999999
"Pearson","L_Y_sev__K_X_dich_4_5",20,0.5,0.5,0,0,0.5,0.460326813036876,"CW",0.459378150100537,0.128715490784522,0.91,0.88,100,-0.0406218498994634,0.0406218498994634,-0.00094866293633894,0.00094866293633894,0.0399999999999999,0.07
"Pearson","L_Y_sev__K_X_dich_4_5",20,0.5,0.5,0,0,0.5,0.460326813036876,"PPW",0.412601202533278,0.11197053731054,0.87,0.91,100,-0.0873987974667224,0.0873987974667224,-0.0477256105035979,0.0477256105035979,0.08,0.0399999999999999
"Pearson","L_Y_sev__K_X_dich_4_5",20,0.5,0.5,0,0,0.5,0.460326813036876,"OPW",0.45456796993867,0.123114152058891,0.86,0.88,100,-0.0454320300613298,0.0454320300613298,-0.00575884309820529,0.00575884309820529,0.09,0.07
"Pearson","L_Y_sev__K_X_dich_4_5",20,0.5,0.5,0,4,0.5,0.387076834631654,"no_weight",0.387076834631654,0.135297452065469,0.85,0.85,100,-0.112923165368346,0.112923165368346,0,0,0.1,0.1
"Pearson","L_Y_sev__K_X_dich_4_5",20,0.5,0.5,0,4,0.5,0.387076834631654,"CW",0.39149824350245,0.136491662055681,0.84,0.84,100,-0.10850175649755,0.10850175649755,0.00442140887079656,0.00442140887079656,0.11,0.11
"Pearson","L_Y_sev__K_X_dich_4_5",20,0.5,0.5,0,4,0.5,0.387076834631654,"PPW",0.365748360490045,0.118832737703574,0.79,0.9,100,-0.134251639509955,0.134251639509955,-0.0213284741416093,0.0213284741416093,0.16,0.0499999999999999
"Pearson","L_Y_sev__K_X_dich_4_5",20,0.5,0.5,0,4,0.5,0.387076834631654,"OPW",0.385359226777822,0.132034797059312,0.83,0.86,100,-0.114640773222178,0.114640773222178,-0.00171760785383224,0.00171760785383224,0.12,0.09
"Pearson","L_Y_sev__K_X_dich_4_5",20,0.5,0.5,4,0,0.5,0.37987803383539,"no_weight",0.37987803383539,0.132772534010617,0.84,0.89,100,-0.12012196616461,0.12012196616461,0,0,0.11,0.0599999999999999
"Pearson","L_Y_sev__K_X_dich_4_5",20,0.5,0.5,4,0,0.5,0.37987803383539,"CW",0.397713795396384,0.134244980447354,0.87,0.91,100,-0.102286204603616,0.102286204603616,0.017835761560994,0.017835761560994,0.08,0.0399999999999999
"Pearson","L_Y_sev__K_X_dich_4_5",20,0.5,0.5,4,0,0.5,0.37987803383539,"PPW",0.362186215510397,0.122405889730042,0.84,0.94,100,-0.137813784489603,0.137813784489603,-0.017691818324993,0.017691818324993,0.11,0.01
"Pearson","L_Y_sev__K_X_dich_4_5",20,0.5,0.5,4,0,0.5,0.37987803383539,"OPW",0.391337456340208,0.132468981740156,0.84,0.9,100,-0.108662543659792,0.108662543659792,0.0114594225048175,0.0114594225048175,0.11,0.0499999999999999
"Pearson","L_Y_sev__K_X_dich_4_5",20,0.5,0.5,4,4,0.5,0.360183382543429,"no_weight",0.360183382543429,0.137305016040418,0.78,0.84,100,-0.139816617456571,0.139816617456571,0,0,0.17,0.11
"Pearson","L_Y_sev__K_X_dich_4_5",20,0.5,0.5,4,4,0.5,0.360183382543429,"CW",0.353059272740844,0.144586268421705,0.79,0.86,100,-0.146940727259156,0.146940727259156,-0.00712410980258532,0.00712410980258532,0.16,0.09
"Pearson","L_Y_sev__K_X_dich_4_5",20,0.5,0.5,4,4,0.5,0.360183382543429,"PPW",0.353075141016536,0.126561452321454,0.77,0.89,100,-0.146924858983464,0.146924858983464,-0.00710824152689316,0.00710824152689316,0.18,0.0599999999999999
"Pearson","L_Y_sev__K_X_dich_4_5",20,0.5,0.5,4,4,0.5,0.360183382543429,"OPW",0.357446835976708,0.139622303301547,0.77,0.91,100,-0.142553164023292,0.142553164023292,-0.00273654656672134,0.00273654656672134,0.18,0.0399999999999999
"Pearson","L_Y_sev__K_X_sev",20,0,0,0,0,0,-0.0199637926057045,"no_weight",-0.0199637926057045,0.162509347941674,0.88,0.86,100,-0.0199637926057045,0.0199637926057045,0,0,0.07,0.09
"Pearson","L_Y_sev__K_X_sev",20,0,0,0,0,0,-0.0199637926057045,"CW",-0.0190950472862701,0.16217256659962,0.89,0.86,100,-0.0190950472862701,0.0190950472862701,0.000868745319434462,0.000868745319434462,0.0599999999999999,0.09
"Pearson","L_Y_sev__K_X_sev",20,0,0,0,0,0,-0.0199637926057045,"PPW",-0.00312892505754797,0.121502113919678,0.92,0.91,100,-0.00312892505754797,0.00312892505754797,0.0168348675481566,0.0168348675481566,0.0299999999999999,0.0399999999999999
"Pearson","L_Y_sev__K_X_sev",20,0,0,0,0,0,-0.0199637926057045,"OPW",-0.016114446481235,0.148047722243393,0.9,0.88,100,-0.016114446481235,0.016114446481235,0.00384934612446948,0.00384934612446948,0.0499999999999999,0.07
"Pearson","L_Y_sev__K_X_sev",20,0,0,0,4,0,-0.00225587854175545,"no_weight",-0.00225587854175545,0.163720846101758,0.87,0.88,100,-0.00225587854175545,0.00225587854175545,0,0,0.08,0.07
"Pearson","L_Y_sev__K_X_sev",20,0,0,0,4,0,-0.00225587854175545,"CW",0.00104113349710805,0.166185250853956,0.91,0.91,100,0.00104113349710805,0.00104113349710805,0.0032970120388635,0.0032970120388635,0.0399999999999999,0.0399999999999999
"Pearson","L_Y_sev__K_X_sev",20,0,0,0,4,0,-0.00225587854175545,"PPW",0.00305165735963092,0.129625406226174,0.91,0.91,100,0.00305165735963092,0.00305165735963092,0.00530753590138637,0.00530753590138637,0.0399999999999999,0.0399999999999999
"Pearson","L_Y_sev__K_X_sev",20,0,0,0,4,0,-0.00225587854175545,"OPW",-0.000925824807599081,0.15390120619641,0.89,0.9,100,-0.000925824807599081,0.000925824807599081,0.00133005373415636,0.00133005373415636,0.0599999999999999,0.0499999999999999
"Pearson","L_Y_sev__K_X_sev",20,0,0,4,0,0,0.0127474969761225,"no_weight",0.0127474969761225,0.157700200709008,0.92,0.91,100,0.0127474969761225,0.0127474969761225,0,0,0.0299999999999999,0.0399999999999999
"Pearson","L_Y_sev__K_X_sev",20,0,0,4,0,0,0.0127474969761225,"CW",0.0128939663092042,0.163818507859304,0.87,0.87,100,0.0128939663092042,0.0128939663092042,0.000146469333081741,0.000146469333081741,0.08,0.08
"Pearson","L_Y_sev__K_X_sev",20,0,0,4,0,0,0.0127474969761225,"PPW",0.00303666492922394,0.128832699182919,0.92,0.94,100,0.00303666492922394,0.00303666492922394,-0.00971083204689856,0.00971083204689856,0.0299999999999999,0.01
"Pearson","L_Y_sev__K_X_sev",20,0,0,4,0,0,0.0127474969761225,"OPW",0.0056093922213161,0.15336523335246,0.9,0.91,100,0.0056093922213161,0.0056093922213161,-0.00713810475480641,0.00713810475480641,0.0499999999999999,0.0399999999999999
"Pearson","L_Y_sev__K_X_sev",20,0,0,4,4,0,0.0175583440275304,"no_weight",0.0175583440275304,0.160584836987019,0.87,0.89,100,0.0175583440275304,0.0175583440275304,0,0,0.08,0.0599999999999999
"Pearson","L_Y_sev__K_X_sev",20,0,0,4,4,0,0.0175583440275304,"CW",0.0138685351420662,0.166902466517565,0.86,0.87,100,0.0138685351420662,0.0138685351420662,-0.00368980888546416,0.00368980888546416,0.09,0.08
"Pearson","L_Y_sev__K_X_sev",20,0,0,4,4,0,0.0175583440275304,"PPW",-0.00700594281819392,0.139136953199297,0.86,0.86,100,-0.00700594281819392,0.00700594281819392,-0.0245642868457243,0.0245642868457243,0.09,0.09
"Pearson","L_Y_sev__K_X_sev",20,0,0,4,4,0,0.0175583440275304,"OPW",-0.00164965764754511,0.160423327719714,0.87,0.87,100,-0.00164965764754511,0.00164965764754511,-0.0192080016750755,0.0192080016750755,0.08,0.08
"Pearson","L_Y_sev__K_X_sev",20,0,0.5,0,0,0.4,0.377924280252174,"no_weight",0.377924280252174,0.134290131539649,0.92,0.89,100,-0.0220757197478256,0.0220757197478256,0,0,0.0299999999999999,0.0599999999999999
"Pearson","L_Y_sev__K_X_sev",20,0,0.5,0,0,0.4,0.377924280252174,"CW",0.379908703780557,0.133597488459516,0.92,0.91,100,-0.0200912962194434,0.0200912962194434,0.00198442352838213,0.00198442352838213,0.0299999999999999,0.0399999999999999
"Pearson","L_Y_sev__K_X_sev",20,0,0.5,0,0,0.4,0.377924280252174,"PPW",0.232986330759633,0.112436877044872,0.67,0.76,100,-0.167013669240367,0.167013669240367,-0.144937949492541,0.144937949492541,0.28,0.19
"Pearson","L_Y_sev__K_X_sev",20,0,0.5,0,0,0.4,0.377924280252174,"OPW",0.337776756998306,0.12671327901058,0.88,0.89,100,-0.0622232430016942,0.0622232430016942,-0.0401475232538687,0.0401475232538687,0.07,0.0599999999999999
"Pearson","L_Y_sev__K_X_sev",20,0,0.5,0,4,0.4,0.294136570753405,"no_weight",0.294136570753405,0.139801836765555,0.81,0.87,100,-0.105863429246595,0.105863429246595,0,0,0.14,0.08
"Pearson","L_Y_sev__K_X_sev",20,0,0.5,0,4,0.4,0.294136570753405,"CW",0.322489541686763,0.139134180839548,0.85,0.9,100,-0.0775104583132374,0.0775104583132374,0.0283529709333576,0.0283529709333576,0.1,0.0499999999999999
"Pearson","L_Y_sev__K_X_sev",20,0,0.5,0,4,0.4,0.294136570753405,"PPW",0.21797633887285,0.117762531783851,0.66,0.91,100,-0.18202366112715,0.18202366112715,-0.076160231880555,0.076160231880555,0.29,0.0399999999999999
"Pearson","L_Y_sev__K_X_sev",20,0,0.5,0,4,0.4,0.294136570753405,"OPW",0.294523262726294,0.133113396634953,0.82,0.91,100,-0.105476737273706,0.105476737273706,0.000386691972889319,0.000386691972889319,0.13,0.0399999999999999
"Pearson","L_Y_sev__K_X_sev",20,0,0.5,4,0,0.4,0.308793840705643,"no_weight",0.308793840705643,0.13723942550444,0.79,0.83,100,-0.0912061592943569,0.0912061592943569,0,0,0.16,0.12
"Pearson","L_Y_sev__K_X_sev",20,0,0.5,4,0,0.4,0.308793840705643,"CW",0.331522749471104,0.138148090255811,0.83,0.88,100,-0.0684772505288958,0.0684772505288958,0.0227289087654612,0.0227289087654612,0.12,0.07
"Pearson","L_Y_sev__K_X_sev",20,0,0.5,4,0,0.4,0.308793840705643,"PPW",0.230661121017992,0.114667421667217,0.68,0.82,100,-0.169338878982008,0.169338878982008,-0.0781327196876509,0.0781327196876509,0.27,0.13
"Pearson","L_Y_sev__K_X_sev",20,0,0.5,4,0,0.4,0.308793840705643,"OPW",0.305316061910129,0.129335468123529,0.79,0.88,100,-0.0946839380898714,0.0946839380898714,-0.00347777879551447,0.00347777879551447,0.16,0.07
"Pearson","L_Y_sev__K_X_sev",20,0,0.5,4,4,0.4,0.282697896382999,"no_weight",0.282697896382999,0.148930249498372,0.8,0.83,100,-0.117302103617001,0.117302103617001,0,0,0.15,0.12
"Pearson","L_Y_sev__K_X_sev",20,0,0.5,4,4,0.4,0.282697896382999,"CW",0.299404437938845,0.155837112339728,0.85,0.85,100,-0.100595562061155,0.100595562061155,0.0167065415558464,0.0167065415558464,0.1,0.1
"Pearson","L_Y_sev__K_X_sev",20,0,0.5,4,4,0.4,0.282697896382999,"PPW",0.178420841632423,0.12820728749336,0.64,0.82,100,-0.221579158367577,0.221579158367577,-0.104277054750575,0.104277054750575,0.31,0.13
"Pearson","L_Y_sev__K_X_sev",20,0,0.5,4,4,0.4,0.282697896382999,"OPW",0.260360540897524,0.150606812176547,0.77,0.89,100,-0.139639459102476,0.139639459102476,-0.0223373554854744,0.0223373554854744,0.18,0.0599999999999999
"Pearson","L_Y_sev__K_X_sev",20,0.5,0,0,0,0.1,0.109346255644978,"no_weight",0.109346255644978,0.163207281315602,0.93,0.93,100,0.00934625564497769,0.00934625564497769,0,0,0.0199999999999999,0.0199999999999999
"Pearson","L_Y_sev__K_X_sev",20,0.5,0,0,0,0.1,0.109346255644978,"CW",0.108110166212168,0.163318615520353,0.93,0.92,100,0.00811016621216795,0.00811016621216795,-0.00123608943280974,0.00123608943280974,0.0199999999999999,0.0299999999999999
"Pearson","L_Y_sev__K_X_sev",20,0.5,0,0,0,0.1,0.109346255644978,"PPW",0.121933282962618,0.124250958252857,0.95,0.95,100,0.0219332829626177,0.0219332829626177,0.01258702731764,0.01258702731764,0,0
"Pearson","L_Y_sev__K_X_sev",20,0.5,0,0,0,0.1,0.109346255644978,"OPW",0.0969258250873132,0.149587590430716,0.95,0.95,100,-0.00307417491268681,0.00307417491268681,-0.0124204305576645,0.0124204305576645,0,0
"Pearson","L_Y_sev__K_X_sev",20,0.5,0,0,4,0.1,0.0467613058560301,"no_weight",0.0467613058560301,0.161558979358561,0.84,0.87,100,-0.0532386941439699,0.0532386941439699,0,0,0.11,0.08
"Pearson","L_Y_sev__K_X_sev",20,0.5,0,0,4,0.1,0.0467613058560301,"CW",0.0231314133403272,0.166473338467646,0.86,0.9,100,-0.0768685866596728,0.0768685866596728,-0.0236298925157029,0.0236298925157029,0.09,0.0499999999999999
"Pearson","L_Y_sev__K_X_sev",20,0.5,0,0,4,0.1,0.0467613058560301,"PPW",0.0755881566619502,0.133984022846894,0.89,0.9,100,-0.0244118433380498,0.0244118433380498,0.0288268508059201,0.0288268508059201,0.0599999999999999,0.0499999999999999
"Pearson","L_Y_sev__K_X_sev",20,0.5,0,0,4,0.1,0.0467613058560301,"OPW",0.0301243559639725,0.157507800714058,0.88,0.91,100,-0.0698756440360275,0.0698756440360275,-0.0166369498920575,0.0166369498920575,0.07,0.0399999999999999
"Pearson","L_Y_sev__K_X_sev",20,0.5,0,4,0,0.1,0.092803515459299,"no_weight",0.092803515459299,0.157679026412958,0.88,0.86,100,-0.00719648454070099,0.00719648454070099,0,0,0.07,0.09
"Pearson","L_Y_sev__K_X_sev",20,0.5,0,4,0,0.1,0.092803515459299,"CW",0.0745276457700203,0.162574155710437,0.86,0.87,100,-0.0254723542299797,0.0254723542299797,-0.0182758696892787,0.0182758696892787,0.09,0.08
"Pearson","L_Y_sev__K_X_sev",20,0.5,0,4,0,0.1,0.092803515459299,"PPW",0.0975885538549094,0.129065749252419,0.92,0.91,100,-0.00241144614509056,0.00241144614509056,0.00478503839561042,0.00478503839561042,0.0299999999999999,0.0399999999999999
"Pearson","L_Y_sev__K_X_sev",20,0.5,0,4,0,0.1,0.092803515459299,"OPW",0.0753964481311084,0.151039703785878,0.87,0.87,100,-0.0246035518688916,0.0246035518688916,-0.0174070673281906,0.0174070673281906,0.08,0.08
"Pearson","L_Y_sev__K_X_sev",20,0.5,0,4,4,0.1,0.0907784391345714,"no_weight",0.0907784391345714,0.166310054880733,0.86,0.87,100,-0.00922156086542865,0.00922156086542865,0,0,0.09,0.08
"Pearson","L_Y_sev__K_X_sev",20,0.5,0,4,4,0.1,0.0907784391345714,"CW",0.0397946168327839,0.176180327568743,0.87,0.87,100,-0.0602053831672161,0.0602053831672161,-0.0509838223017874,0.0509838223017874,0.08,0.08
"Pearson","L_Y_sev__K_X_sev",20,0.5,0,4,4,0.1,0.0907784391345714,"PPW",0.0788682823595132,0.14536851121212,0.9,0.9,100,-0.0211317176404868,0.0211317176404868,-0.0119101567750582,0.0119101567750582,0.0499999999999999,0.0499999999999999
"Pearson","L_Y_sev__K_X_sev",20,0.5,0,4,4,0.1,0.0907784391345714,"OPW",0.0347364105674232,0.167083446274832,0.86,0.86,100,-0.0652635894325768,0.0652635894325768,-0.0560420285671481,0.0560420285671481,0.09,0.09
"Pearson","L_Y_sev__K_X_sev",20,0.5,0.5,0,0,0.5,0.460326813036876,"no_weight",0.460326813036876,0.128944741373147,0.89,0.89,100,-0.0396731869631245,0.0396731869631245,0,0,0.0599999999999999,0.0599999999999999
"Pearson","L_Y_sev__K_X_sev",20,0.5,0.5,0,0,0.5,0.460326813036876,"CW",0.459378150100537,0.128715490784522,0.91,0.88,100,-0.0406218498994634,0.0406218498994634,-0.00094866293633894,0.00094866293633894,0.0399999999999999,0.07
"Pearson","L_Y_sev__K_X_sev",20,0.5,0.5,0,0,0.5,0.460326813036876,"PPW",0.360498779237278,0.108503271092347,0.78,0.84,100,-0.139501220762722,0.139501220762722,-0.0998280337995974,0.0998280337995974,0.17,0.11
"Pearson","L_Y_sev__K_X_sev",20,0.5,0.5,0,0,0.5,0.460326813036876,"OPW",0.425800119612013,0.122024792890671,0.83,0.91,100,-0.0741998803879866,0.0741998803879866,-0.0345266934248621,0.0345266934248621,0.12,0.0399999999999999
"Pearson","L_Y_sev__K_X_sev",20,0.5,0.5,0,4,0.5,0.387076834631654,"no_weight",0.387076834631654,0.135297452065469,0.85,0.85,100,-0.112923165368346,0.112923165368346,0,0,0.1,0.1
"Pearson","L_Y_sev__K_X_sev",20,0.5,0.5,0,4,0.5,0.387076834631654,"CW",0.39149824350245,0.136491662055681,0.84,0.84,100,-0.10850175649755,0.10850175649755,0.00442140887079656,0.00442140887079656,0.11,0.11
"Pearson","L_Y_sev__K_X_sev",20,0.5,0.5,0,4,0.5,0.387076834631654,"PPW",0.319444325547517,0.117234231916083,0.67,0.88,100,-0.180555674452483,0.180555674452483,-0.0676325090841365,0.0676325090841365,0.28,0.07
"Pearson","L_Y_sev__K_X_sev",20,0.5,0.5,0,4,0.5,0.387076834631654,"OPW",0.361208010927324,0.132875095177936,0.79,0.84,100,-0.138791989072676,0.138791989072676,-0.0258688237043297,0.0258688237043297,0.16,0.11
"Pearson","L_Y_sev__K_X_sev",20,0.5,0.5,4,0,0.5,0.37987803383539,"no_weight",0.37987803383539,0.132772534010617,0.84,0.89,100,-0.12012196616461,0.12012196616461,0,0,0.11,0.0599999999999999
"Pearson","L_Y_sev__K_X_sev",20,0.5,0.5,4,0,0.5,0.37987803383539,"CW",0.397713795396384,0.134244980447354,0.87,0.91,100,-0.102286204603616,0.102286204603616,0.017835761560994,0.017835761560994,0.08,0.0399999999999999
"Pearson","L_Y_sev__K_X_sev",20,0.5,0.5,4,0,0.5,0.37987803383539,"PPW",0.325673562965771,0.115192183563899,0.66,0.92,100,-0.174326437034229,0.174326437034229,-0.0542044708696192,0.0542044708696192,0.29,0.0299999999999999
"Pearson","L_Y_sev__K_X_sev",20,0.5,0.5,4,0,0.5,0.37987803383539,"OPW",0.373628686950451,0.129392287989017,0.83,0.93,100,-0.126371313049549,0.126371313049549,-0.00624934688493872,0.00624934688493872,0.12,0.0199999999999999
"Pearson","L_Y_sev__K_X_sev",20,0.5,0.5,4,4,0.5,0.360183382543429,"no_weight",0.360183382543429,0.137305016040418,0.78,0.84,100,-0.139816617456571,0.139816617456571,0,0,0.17,0.11
"Pearson","L_Y_sev__K_X_sev",20,0.5,0.5,4,4,0.5,0.360183382543429,"CW",0.353059272740844,0.144586268421705,0.79,0.86,100,-0.146940727259156,0.146940727259156,-0.00712410980258532,0.00712410980258532,0.16,0.09
"Pearson","L_Y_sev__K_X_sev",20,0.5,0.5,4,4,0.5,0.360183382543429,"PPW",0.30297876103343,0.121523240719545,0.67,0.86,100,-0.19702123896657,0.19702123896657,-0.0572046215099987,0.0572046215099987,0.28,0.09
"Pearson","L_Y_sev__K_X_sev",20,0.5,0.5,4,4,0.5,0.360183382543429,"OPW",0.325863591490337,0.140141966517042,0.73,0.88,100,-0.174136408509663,0.174136408509663,-0.034319791053092,0.034319791053092,0.22,0.07
